smiles,num_nodes,target,pred,beta_constitutional,beta_topological,beta_physicochemical,beta_electronic,beta_fragment
Cc1cc(c(O)c(c1)C(C)(C)C)C(C)(C)C,16,-2.2899999618530273,-2.857908010482788,0.21296852827072144,0.20475882291793823,0.18541166186332703,0.22056956589221954,0.17629146575927734
c1cc(ccc1Nc1ccccc1)Nc1ccccc1,20,-8.199999809265137,-9.06238079071045,0.20209626853466034,0.1945306360721588,0.2047540843486786,0.20353806018829346,0.19508086144924164
CC(C)Cc1c(C2=NCCS2)c([n]c(C(F)F)c1C(=O)OC)C(F)(F)F,26,-5.650000095367432,-6.685853958129883,0.2161441445350647,0.20208889245986938,0.20607157051563263,0.19329769909381866,0.1823977679014206
Brc1cc(Br)ccc1,8,-0.5699999928474426,-0.601868748664856,0.20730875432491302,0.19256141781806946,0.2015557885169983,0.207134410738945,0.1914396733045578
CC1=CC=C2C(C=CC3=C2C=CC=C3)=C1,15,-4.300162315368652,-4.987371444702148,0.19759903848171234,0.19649353623390198,0.2037498652935028,0.1997901350259781,0.2023673951625824
Cc1cc2ccc(C)[n]c2cc1,12,-2.359999895095825,-2.8629915714263916,0.18999376893043518,0.186833456158638,0.2140863537788391,0.2245737612247467,0.1845126897096634
COP(=S)(Oc1ccc(cc1)[N+]([O-])=O)OC,16,-5.460000038146973,-6.069220542907715,0.193165123462677,0.1956971138715744,0.22860953211784363,0.22034522891044617,0.1621830016374588
COCC(C)OC(C)=O,9,0.5899999737739563,0.6557570099830627,0.19523179531097412,0.19578084349632263,0.2104128748178482,0.21614040434360504,0.18243402242660522
COP(=O)(OC(=CCl)c1cc(Cl)c(Cl)cc1Cl)OC,19,-7.380000114440918,-6.960061073303223,0.20088930428028107,0.1968356966972351,0.20807035267353058,0.22132350504398346,0.17288117110729218
C1CCN1,4,2.25,1.8980082273483276,0.20351451635360718,0.19400911033153534,0.20357652008533478,0.20564313232898712,0.193256676197052
CC(=C)C#N,5,1.850000023841858,1.506335735321045,0.19634664058685303,0.19452206790447235,0.19637729227542877,0.2268044650554657,0.1859496384859085
CC(C)COC=O,7,1.600000023841858,1.437404751777649,0.1967945545911789,0.19597382843494415,0.20277978479862213,0.21970832347869873,0.1847434639930725
CC(C)Cc1ccccc1,10,-1.0851281881332397,-0.22619688510894775,0.1988300234079361,0.1958443820476532,0.1998855620622635,0.21197885274887085,0.19346117973327637
CCOCCOCCOC(C)=O,12,-1.0,-0.24417933821678162,0.19419334828853607,0.20835167169570923,0.21986618638038635,0.19953878223896027,0.1780499964952469
FC(F)(F)c1ccc(Cl)cc1Cl,12,0.03999999910593033,-0.32768306136131287,0.19833549857139587,0.2009693831205368,0.20210358500480652,0.20618446171283722,0.19240710139274597
CC(C)CC1=CC=CC=C1,10,0.2855572998523712,-0.22619688510894775,0.1988300234079361,0.1958443820476532,0.1998855620622635,0.21197885274887085,0.19346117973327637
Cc1ccccc1Cl,8,0.5400000214576721,0.21819695830345154,0.19948261976242065,0.19524939358234406,0.20211534202098846,0.20739474892616272,0.19575786590576172
BrCCBr,4,1.0499999523162842,1.3472117185592651,0.1969846487045288,0.19826887547969818,0.20947475731372833,0.21167966723442078,0.1835920214653015
CNC(=O)CSP(=O)(OC)OC,12,-4.60554838180542,-6.1345367431640625,0.19886407256126404,0.17661675810813904,0.21999406814575195,0.19965340197086334,0.20487171411514282
OC(=O)CCl,5,-1.190000057220459,-0.32171520590782166,0.1900918185710907,0.1838943511247635,0.19516338407993317,0.21569238603115082,0.21515800058841705
CCC(=O)CC,6,1.5800000429153442,1.0956448316574097,0.1951236128807068,0.19288603961467743,0.19591663777828217,0.23134876787662506,0.18472500145435333
SC1CCCC1,6,1.059999942779541,0.8128656148910522,0.19998222589492798,0.1970747709274292,0.20310229063034058,0.2059769183397293,0.19386379420757294
BrCBr,3,1.649999976158142,1.7667559385299683,0.19906315207481384,0.19386442005634308,0.20754462480545044,0.21164613962173462,0.18788176774978638
CCCCCCOC(=O)c1ccccc1C(=O)OCCCCCC,24,-4.849999904632568,-5.850421905517578,0.2097925990819931,0.2022257000207901,0.21179284155368805,0.20064054429531097,0.175548255443573
CCCCCCCCCCCCBr,13,-2.4100000858306885,-2.5679755210876465,0.18774057924747467,0.20390816032886505,0.20308329164981842,0.21619227528572083,0.18907570838928223
OCC(F)(F)C(F)(F)F,9,1.659999966621399,1.749583125114441,0.19659914076328278,0.19269177317619324,0.20345169305801392,0.21020370721817017,0.1970536708831787
Brc1ccc(cc1)-c1ccccc1,13,-2.630000114440918,-3.0312397480010986,0.20449960231781006,0.20149405300617218,0.1975858360528946,0.20215916633605957,0.1942613273859024
CCC(=O)C1=CC=CC=C1,10,-0.7695510983467102,-0.8515204787254333,0.19464388489723206,0.19307975471019745,0.196158766746521,0.22472110390663147,0.19139648973941803
CN(SN(C)C(=O)O/N=C(\C)/SC)C(=O)O/N=C(\C)/SC,21,-4.150000095367432,-7.419226169586182,0.1902618706226349,0.18571311235427856,0.19828589260578156,0.21657870709896088,0.20916038751602173
Cc1cc(N)c(C)cc1,9,-0.8199999928474426,-1.1811870336532593,0.20718662440776825,0.1839897185564041,0.20824317634105682,0.2002786546945572,0.20030184090137482
COC1=CC=CC(=C1)C(C)=O,11,-1.096909999847412,-2.4341328144073486,0.18074382841587067,0.1811387687921524,0.24050195515155792,0.2210869938135147,0.17652849853038788
CC(C)Nc1[n]c(NC2CC2)[n]c(Cl)[n]1,15,-6.519999980926514,-7.803447723388672,0.19911916553974152,0.1758812516927719,0.1871752142906189,0.21792201697826385,0.21990244090557098
CC(C)OP(=O)(F)OC(C)C,11,-0.23732143640518188,-0.12060484290122986,0.19698300957679749,0.2071734219789505,0.19982534646987915,0.21376490592956543,0.18225328624248505
C1CC=CCCC=C1,8,0.6899999976158142,0.6080714464187622,0.19926567375659943,0.19936873018741608,0.20065198838710785,0.20566776394844055,0.1950458586215973
CCCCCCC(=O)Cl,9,-0.3499999940395355,-0.3422732651233673,0.19636307656764984,0.19830864667892456,0.20035164058208466,0.21469876170158386,0.19027790427207947
CCCCOc1ccccc1,11,-0.5299999713897705,-0.5851932168006897,0.19881166517734528,0.20139670372009277,0.19941206276416779,0.20554795861244202,0.19483165442943573
OC(=O)c1cccc(Cl)c1Cl,11,-3.640000104904175,-3.312075138092041,0.20824117958545685,0.18407443165779114,0.1827235221862793,0.18013142049312592,0.24482941627502441
COc1cccc(O)c1,9,-1.7100000381469727,-1.6225299835205078,0.2025851607322693,0.18630099296569824,0.21629896759986877,0.21410232782363892,0.1807125210762024
Cc1c(N)cccc1N,9,-2.609999895095825,-4.099353790283203,0.24494042992591858,0.16129903495311737,0.23491127789020538,0.18286366760730743,0.17598560452461243
CCCN(CCC)CCC,10,0.18000000715255737,0.1732386350631714,0.1956186443567276,0.20640596747398376,0.2035294473171234,0.21017986536026,0.18426606059074402
CC(C)=C1CC[C@@H](C)CC1=O,11,-0.9100000262260437,-1.1494215726852417,0.18752585351467133,0.19024668633937836,0.19161520898342133,0.2485477775335312,0.1820644587278366
CCN(CC)c1c(cc(c(N)c1[N+]([O-])=O)C(F)(F)F)[N+]([O-])=O,22,-5.440000057220459,-5.991782188415527,0.20581364631652832,0.19884879887104034,0.21194128692150116,0.20897993445396423,0.17441637814044952
NCCCCCCO,8,-2.619999885559082,-2.0553512573242188,0.21078652143478394,0.18261326849460602,0.1888469159603119,0.22734420001506805,0.19040916860103607
c1cccc2occc21,9,-0.36000001430511475,-0.44115501642227173,0.2013944834470749,0.19843940436840057,0.20701587200164795,0.20186181366443634,0.19128847122192383
COC1=C(OC)C=CC=C1,10,-0.3279021382331848,-1.0999239683151245,0.1940515637397766,0.1951710432767868,0.22570699453353882,0.19970306754112244,0.18536736071109772
CCC#C,4,1.613261342048645,2.448352098464966,0.204182431101799,0.20311053097248077,0.20364029705524445,0.19890658557415009,0.19016019999980927
COc1[n]c(NCC)[n]c(NCC)[n]1,14,-5.619999885559082,-6.333664417266846,0.20804853737354279,0.1835426390171051,0.24441656470298767,0.14555692672729492,0.21843530237674713
O=P(O)(O)CCCl,7,-7.0087738037109375,-5.46764612197876,0.22479379177093506,0.1663215011358261,0.2630259394645691,0.2219589650630951,0.12389980256557465
CCc1ccc(O)cc1,9,-1.4299999475479126,-1.7138291597366333,0.1941656917333603,0.1817656308412552,0.18996207416057587,0.2480330914258957,0.18607358634471893
Clc1c(Cl)c2c(cc1Cl)oc1cc(Cl)c(Cl)cc12,18,-8.760000228881836,-8.731996536254883,0.20245261490345,0.18558156490325928,0.21309636533260345,0.18046654760837555,0.2184029221534729
COC(=O)CC(=O)OC,9,-0.05000000074505806,-0.7862461805343628,0.19456122815608978,0.1886202096939087,0.21906758844852448,0.210275337100029,0.18747559189796448
CCCCCCCCCCCCCCCC,16,-2.8399999141693115,-3.355008363723755,0.18662135303020477,0.2022562474012375,0.20042550563812256,0.20896364748477936,0.20173326134681702
CCCSP(=O)(Oc1ccc(Br)cc1Cl)OCC,18,-6.050000190734863,-5.7290849685668945,0.21056243777275085,0.19908680021762848,0.23986196517944336,0.2007083296775818,0.14978040754795074
CN(C)C(=O)Nc1cc(Cl)c(Cl)cc1,14,-7.159999847412109,-6.974545001983643,0.20832550525665283,0.1879715919494629,0.1809634268283844,0.17493100464344025,0.24780847132205963
C#N,2,2.869999885559082,2.6333839893341064,0.20211870968341827,0.19682306051254272,0.2027323991060257,0.2041511833667755,0.1941746473312378
O=C1CCCCN1,7,-2.359999895095825,-1.3282078504562378,0.18964320421218872,0.1810964047908783,0.18888914585113525,0.24613969027996063,0.1942315548658371
CCCCC(COP(=O)OCC(CCCC)CC)CC,20,-4.239999771118164,-4.091371536254883,0.2140720635652542,0.20375071465969086,0.21109506487846375,0.1962946504354477,0.1747874915599823
CN(C)C(=O)SCCCCOc1ccccc1,17,-5.900000095367432,-5.618060111999512,0.19978803396224976,0.2014704793691635,0.2006550133228302,0.1891648769378662,0.2089216262102127
c1ccccc1C#Cc1ccccc1,14,-2.640000104904175,-2.7180275917053223,0.20038798451423645,0.19969458878040314,0.20063015818595886,0.20084929466247559,0.19843797385692596
COC(=O)NC(=S)Nc1ccccc1NC(=S)NC(=O)OC,22,-7.150000095367432,-11.813882827758789,0.19832152128219604,0.17158599197864532,0.2124210000038147,0.19974468648433685,0.21792685985565186
CC(C)C1=C(C)C=CC=C1,10,0.1760912537574768,-0.14153310656547546,0.19853399693965912,0.19365671277046204,0.19969923794269562,0.21357694268226624,0.194533109664917
Cc1cc(Cl)ccc1,8,0.5699999928474426,0.22391822934150696,0.19948384165763855,0.1945532262325287,0.20218609273433685,0.2080509513616562,0.1957259178161621
N#CC(=Cc1ccccc1Cl)C#N,13,-4.46999979019165,-5.66099739074707,0.1726713329553604,0.1748715043067932,0.2416500747203827,0.2140175849199295,0.1967894434928894
CC(=C)CCO,6,0.550000011920929,0.4489232003688812,0.19164858758449554,0.18522317707538605,0.18868231773376465,0.22465719282627106,0.20978881418704987
CCCCCC(C)(C)C,9,1.0299999713897705,0.18295130133628845,0.19690047204494476,0.2027621567249298,0.19960330426692963,0.21370193362236023,0.18703216314315796
C=C(c1ccccc1)c1ccccc1,14,-1.8799999952316284,-2.7452938556671143,0.20005467534065247,0.2014194130897522,0.19940979778766632,0.20163828134536743,0.19747784733772278
CC1=CC=CO1,6,2.1522884368896484,1.7281575202941895,0.20094773173332214,0.19262932240962982,0.20310714840888977,0.20944225788116455,0.19387352466583252
Clc1ccccc1-c1ccccc1Cl,14,-2.559999942779541,-3.2100799083709717,0.20230457186698914,0.2058609127998352,0.19632363319396973,0.20129314064979553,0.19421769678592682
CCOC(=O)c1[n]c([n]([n]1)-c1ccc(Cl)cc1Cl)C(Cl)(Cl)Cl,22,-8.180000305175781,-7.2037224769592285,0.2129630297422409,0.2053264081478119,0.22340093553066254,0.18598343431949615,0.17232617735862732
CC(C)(C)OO,6,0.7400000095367432,1.940801978111267,0.21116827428340912,0.19439324736595154,0.1985781192779541,0.21172907948493958,0.18413133919239044
C1CCCN1,5,1.7999999523162842,1.5357767343521118,0.20157462358474731,0.19176803529262543,0.20320934057235718,0.20888787508010864,0.19456003606319427
Cc1cc(cc(c1)[N+]([O-])=O)[N+]([O-])=O,13,-3.390000104904175,-3.806485891342163,0.17761145532131195,0.17706646025180817,0.23719379305839539,0.23110204935073853,0.17702622711658478
OC(c1ccccc1Cl)(c1ccc(Cl)cc1)c1c[n]c[n]c1,22,-6.650000095367432,-7.9935197830200195,0.20566855370998383,0.19869376718997955,0.19458000361919403,0.19842952489852905,0.20262807607650757
ClCCBr,4,1.5199999809265137,1.6407469511032104,0.1984022557735443,0.19464074075222015,0.21102476119995117,0.20977123081684113,0.18616104125976562
CCc1cc(c(O)cc1)C(C)(C)C,13,-1.7400000095367432,-2.492807149887085,0.1980302929878235,0.20259308815002441,0.18186914920806885,0.23849856853485107,0.17900891602039337
Clc1ccc(Cl)[s]1,7,0.9300000071525574,0.32843121886253357,0.19879695773124695,0.19266055524349213,0.20526961982250214,0.20966291427612305,0.1936100274324417
CCCC=O,5,0.5775607228279114,1.628543734550476,0.1988447606563568,0.19505031406879425,0.1997232735157013,0.22048334777355194,0.18589834868907928
COC(=O)c1cc(ccc1[N+]([O-])=O)Oc1ccc(Cl)cc1Cl,22,-7.0,-8.337650299072266,0.19702483713626862,0.1958869993686676,0.24181285500526428,0.19868208467960358,0.16659322381019592
CC(=O)CC(=O)OCC,9,-0.10999999940395355,-0.4677779972553253,0.19216011464595795,0.19097837805747986,0.21330998837947845,0.2208489030599594,0.18270257115364075
CCOP(=O)(CC)OCC,10,-1.1402614116668701,-0.5774713158607483,0.1962420493364334,0.20548100769519806,0.20322224497795105,0.2074832022190094,0.18757152557373047
CCOc1[n]c([n][s]1)C(Cl)(Cl)Cl,12,-4.0,-2.6715781688690186,0.20348113775253296,0.21122044324874878,0.21686238050460815,0.1908135712146759,0.1776224672794342
CCCCBr,5,1.6200000047683716,1.680817723274231,0.2009728103876114,0.19731824100017548,0.20723311603069305,0.20749616622924805,0.18697965145111084
CC(C)(C)C(CSC)=NOC(=O)NC,14,-3.7699999809265137,-4.643761157989502,0.20707552134990692,0.1855442225933075,0.1964091807603836,0.20147860050201416,0.20949247479438782
N#Cc1c(Cl)cccc1Cl,10,-3.180000066757202,-1.4503540992736816,0.19334234297275543,0.19584469497203827,0.20098111033439636,0.22334349155426025,0.18648838996887207
O=C=NC1CCCCC1,9,0.009999999776482582,-0.19192978739738464,0.19978171586990356,0.19837863743305206,0.20152880251407623,0.20726482570171356,0.19304603338241577
OC(=O)CCCCC(O)=O,10,-6.5,-6.3844170570373535,0.2035832554101944,0.15072616934776306,0.2374332994222641,0.2066013216972351,0.2016560435295105
O=C(Cl)OCCOC(=O)Cl,10,-1.6699999570846558,-0.7789435982704163,0.19454415142536163,0.19324728846549988,0.2090105414390564,0.21341925859451294,0.18977877497673035
C[Si](Cl)(Cl)Cl,5,2.2200000286102295,2.4102487564086914,0.19886630773544312,0.20086181163787842,0.20554602146148682,0.2049938291311264,0.18973204493522644
CC(C)(C)C1CCC2(CC1)OC(CO2)CN(CCC)CC,21,-3.890000104904175,-4.334725379943848,0.22148829698562622,0.2147815078496933,0.205179363489151,0.18596649169921875,0.17258433997631073
[O-][N+](=O)c1cc(ccc1)C(F)(F)F,13,-0.5899999737739563,0.018710069358348846,0.1993103325366974,0.19625477492809296,0.2015584111213684,0.20667734742164612,0.19619916379451752
CC(=C)C=C,5,1.2221647500991821,2.1056361198425293,0.20113146305084229,0.20143787562847137,0.2012040913105011,0.20587444305419922,0.19035208225250244
OC(CCl)CCl,6,-0.11999999731779099,-0.08245747536420822,0.19543050229549408,0.18773216009140015,0.20083676278591156,0.2117428034543991,0.2042577713727951
CC[Si](Cl)(CC)CC,8,0.8299999833106995,1.5391610860824585,0.19728174805641174,0.2216004729270935,0.20374086499214172,0.19508403539657593,0.1822928488254547
CCN1CCOCC1,8,0.699999988079071,0.517646312713623,0.19664815068244934,0.18880513310432434,0.20210865139961243,0.20057664811611176,0.21186135709285736
CCC(C)C(O)=O,7,-0.3100000023841858,-0.5866820812225342,0.1917877346277237,0.1838085651397705,0.19192717969417572,0.21736553311347961,0.21511098742485046
C[Si](C)(C)O[Si](C)(C)O[Si](C)(C)O[Si](C)(C)C,17,-0.4300000071525574,-0.3970937728881836,0.1866750419139862,0.18794867396354675,0.20789210498332977,0.2055988758802414,0.21188537776470184
c1cccc2[nH]c3ccccc3c21,13,-6.119999885559082,-5.90665340423584,0.20656278729438782,0.1875801384449005,0.1934458315372467,0.18882498145103455,0.22358626127243042
CCCCCC=CC=O,9,-0.2291479855775833,-0.016662951558828354,0.19749505817890167,0.1971198320388794,0.20035572350025177,0.21222132444381714,0.1928081512451172
CCCCCCBr,7,0.5899999737739563,0.4971540868282318,0.19719824194908142,0.20023375749588013,0.2026447206735611,0.2125125378370285,0.18741072714328766
OC(C(F)(F)F)C(F)(F)F,10,2.200000047683716,2.2256596088409424,0.18811817467212677,0.19452153146266937,0.20661111176013947,0.2142859697341919,0.19646325707435608
CCCOC(=O)Cl,7,1.2999999523162842,1.3350884914398193,0.19758333265781403,0.19644060730934143,0.20220167934894562,0.21672020852565765,0.1870541274547577
CCCC,4,3.259999990463257,2.336477518081665,0.20375606417655945,0.20236928761005402,0.2026204764842987,0.2014889270067215,0.18976521492004395
CC(C)N1C(=O)c2ccccc2NS1(=O)=O,16,-5.460000038146973,-6.905447006225586,0.21590349078178406,0.17994681000709534,0.22986797988414764,0.17654718458652496,0.19773447513580322
CCCCC(COC(=O)CCCCC(=O)OCC(CCCC)CC)CC,26,-6.070000171661377,-6.042322158813477,0.2129715085029602,0.2025059312582016,0.2140292525291443,0.20673535764217377,0.16375796496868134
CC(C)COC(=O)C=C,9,0.9100000262260437,1.075574278831482,0.19770310819149017,0.19979682564735413,0.20994558930397034,0.20859749615192413,0.18395695090293884
CC(C)(C)OC(C)(C)C,9,1.5099999904632568,1.0668896436691284,0.1983838677406311,0.19745230674743652,0.20161661505699158,0.21485628187656403,0.1876908838748932
CCCCCCI,7,0.15000000596046448,0.28072288632392883,0.1961895376443863,0.20140434801578522,0.20532724261283875,0.21204157173633575,0.185037299990654
N#CC(C[n]1c[n]c[n]1)(CCc1ccc(Cl)cc1)c1ccccc1,24,-7.429999828338623,-8.889688491821289,0.2010664939880371,0.19933085143566132,0.1988823115825653,0.20294463634490967,0.1977756917476654
O=C1CCCCCCCCCC1,12,-1.309999942779541,-1.9814900159835815,0.19394132494926453,0.20769833028316498,0.20212474465370178,0.20592442154884338,0.19031117856502533
CCCOC=O,6,1.9199999570846558,1.6443883180618286,0.19542470574378967,0.19422662258148193,0.21062445640563965,0.21441055834293365,0.1853136569261551
c1ccc(cc1)\C=C/c2ccccc2,14,-3.397939920425415,-3.2000439167022705,0.19938306510448456,0.19921211898326874,0.20297697186470032,0.20091652870178223,0.19751136004924774
COc1ccc(cc1NNC(=O)OC(C)C)-c1ccccc1,22,-7.119999885559082,-8.739477157592773,0.19531384110450745,0.18388520181179047,0.22782018780708313,0.1795208603143692,0.21345993876457214
N#Cc1c(Cl)c(Cl)c(Cl)c(C#N)c1Cl,14,-6.239999771118164,-6.747498989105225,0.16449867188930511,0.19056309759616852,0.23031610250473022,0.18783029913902283,0.22679179906845093
CCCC(O)=O,6,-1.3400838375091553,-0.5559876561164856,0.19105187058448792,0.18317535519599915,0.19327594339847565,0.21794015169143677,0.21455667912960052
OCCF,4,1.3300000429153442,1.7854384183883667,0.1948537826538086,0.18745847046375275,0.19194887578487396,0.21448232233524323,0.21125656366348267
CC(C)(C)NCCNC(C)(C)C,12,-0.5799999833106995,-1.1193233728408813,0.2089625746011734,0.1993248462677002,0.1981358379125595,0.20871411263942719,0.1848626434803009
CC1=CC=CC(C)=C1C,9,0.22788670659065247,0.02108626812696457,0.19898338615894318,0.19522055983543396,0.20016911625862122,0.20993097126483917,0.19569601118564606
CC(CO[N+]([O-])=O)O[N+]([O-])=O,11,-0.41999998688697815,-1.5499085187911987,0.20645979046821594,0.19838964939117432,0.19714747369289398,0.1958639919757843,0.20213910937309265
CCC(C)(C)C(C)=C,8,1.4800000190734863,0.684320867061615,0.1977037638425827,0.19592055678367615,0.1993141621351242,0.22020724415779114,0.18685424327850342
O[C@H]1[C@@H]2OC[C@@H](O2)[C@@H](O)[C@@H]1O,11,-7.119999885559082,-7.336245059967041,0.2127462774515152,0.15214750170707703,0.24677947163581848,0.18467053771018982,0.20365621149539948
CCC(Cl)CCl,6,1.3200000524520874,1.0621806383132935,0.19587765634059906,0.19554857909679413,0.20798034965991974,0.21751601994037628,0.18307745456695557
C/C=C/C(C)(C)C,7,0.5687882304191589,1.0401569604873657,0.1973392367362976,0.19507691264152527,0.19761469960212708,0.223838210105896,0.18613095581531525
CCC(=O)NC,6,0.05999999865889549,-0.643060028553009,0.19071467220783234,0.1829306036233902,0.19074289500713348,0.21729223430156708,0.2183195948600769
CCCCCCC,7,0.20954182744026184,0.8515904545783997,0.19919165968894958,0.19667591154575348,0.20048785209655762,0.21352684497833252,0.19011777639389038
CC(C)(C)C1=CC(O)=CC=C1,11,-1.6989699602127075,-1.6981364488601685,0.20188802480697632,0.1816818118095398,0.18898554146289825,0.24160107970237732,0.1858435720205307
CCN(CCCC)C(=O)SCCC,13,-1.0499999523162842,-2.047485828399658,0.19340528547763824,0.1971067488193512,0.2018890678882599,0.20333519577980042,0.20426364243030548
COC(=O)C(C)Oc1ccc(cc1)Oc1ccc(Cl)cc1Cl,22,-5.460000038146973,-7.276124477386475,0.20319515466690063,0.19998356699943542,0.23945172131061554,0.1839904636144638,0.17337913811206818
FC(F)(F)COC(F)(F)C(F)F,12,2.3299999237060547,2.400167465209961,0.20122337341308594,0.1906440705060959,0.2040729522705078,0.2048339992761612,0.19922561943531036
CCNc1[n]c(Cl)[n]c(NC(C)(C)C#N)[n]1,16,-6.860000133514404,-8.513049125671387,0.18780632317066193,0.16524408757686615,0.21967552602291107,0.21001940965652466,0.2172546535730362
C=CC1CC2CC1C=C2,9,0.9900000095367432,0.030411675572395325,0.2002507895231247,0.20056018233299255,0.20216846466064453,0.20325924456119537,0.19376130402088165
C=CCSCC=C,7,0.9599999785423279,1.1911300420761108,0.1932608187198639,0.19950543344020844,0.198203906416893,0.19200623035430908,0.2170235961675644
CCCSCCC,7,0.8100000023841858,0.9732564091682434,0.19210250675678253,0.20923541486263275,0.1999744474887848,0.1856595128774643,0.21302813291549683
CCCCOC(=O)Cl,8,0.8199999928474426,0.9547365307807922,0.1973472684621811,0.19676083326339722,0.20088915526866913,0.21706223487854004,0.18794047832489014
CCCCCCCCCCCCCCCC(O)=O,18,-6.420000076293945,-6.083282470703125,0.19608113169670105,0.1899050623178482,0.20261789858341217,0.20256923139095306,0.20882655680179596
Cc1[n]c(NC(=O)NS(=O)(=O)c2cc[s]c2C(=O)OC)[n]c([n]1)OC,25,-9.890000343322754,-10.81677532196045,0.2035810351371765,0.18943195044994354,0.25138258934020996,0.20952312648296356,0.14608134329319
CC1=CC[C@H](CC1=O)C(C)=C,11,-0.9900000095367432,-0.9274025559425354,0.19068437814712524,0.19130602478981018,0.19352920353412628,0.23945243656635284,0.18502795696258545
CCCOC(=O)c1ccccc1,12,-0.8700000047683716,-1.144984245300293,0.19649666547775269,0.19670920073986053,0.20905405282974243,0.20933598279953003,0.18840408325195312
CC(C)C=C,5,2.9600000381469727,2.061204195022583,0.20145675539970398,0.2005685269832611,0.20104201138019562,0.20741841197013855,0.18951423466205597
CC(C)N(C(C)C)C(=O)SCC(Cl)=CCl,15,-3.819999933242798,-3.4889681339263916,0.19888514280319214,0.19566252827644348,0.20158246159553528,0.2029830813407898,0.2008867859840393
Brc1cccc[n]1,7,-0.10999999940395355,0.6623643040657043,0.19899752736091614,0.18980808556079865,0.20180878043174744,0.212457537651062,0.19692806899547577
COC1=CC=C(C=C1)C1=CC=CC=C1,14,-3.0974531173706055,-3.2924959659576416,0.1975456327199936,0.20073877274990082,0.21304212510585785,0.19511368870735168,0.19355981051921844
CCOP(=S)(Oc1c[n]cc[n]1)OCC,15,-2.5199999809265137,-3.1253836154937744,0.2179843634366989,0.21949318051338196,0.20853003859519958,0.17561274766921997,0.17837968468666077
Clc1ccc(Cl)c(Cl)c1Cl,10,-1.409999966621399,-1.6129440069198608,0.18953034281730652,0.21944528818130493,0.2054571807384491,0.20477896928787231,0.18078818917274475
CC(=O)CC(C)(C)N,8,-0.699999988079071,-0.5161663293838501,0.1946859210729599,0.18357279896736145,0.2007662057876587,0.23891840875148773,0.18205669522285461
ClC(Cl)=C(Cl)CCl,7,0.4300000071525574,0.4058087170124054,0.19423161447048187,0.20417317748069763,0.20957733690738678,0.20757751166820526,0.18444038927555084
CCP(=S)(OCC)Sc1ccccc1,14,-3.4700000286102295,-3.7565863132476807,0.22819581627845764,0.2186184972524643,0.2016904354095459,0.1856410950422287,0.16585411131381989
CCc1ccccc1N,9,-0.7699999809265137,-0.9343710541725159,0.2075580507516861,0.18954849243164062,0.19626274704933167,0.20566265285015106,0.20096805691719055
Cc1c(C)c(C)cc(C)c1C,11,-1.4600000381469727,-2.139347553253174,0.17935986816883087,0.19293735921382904,0.21925081312656403,0.23315948247909546,0.17529252171516418
CCCCCCCCCCCCCCCCC,17,-4.0,-3.7478551864624023,0.18780536949634552,0.2010640799999237,0.20215176045894623,0.2074102759361267,0.20156849920749664
Cc1cc(Cl)ccc1O,9,-1.6200000047683716,-1.6353904008865356,0.20474828779697418,0.1831628829240799,0.18916575610637665,0.2360071986913681,0.18691588938236237
FC(F)(F)Br,5,4.090000152587891,3.500519037246704,0.20103923976421356,0.1948697566986084,0.20262034237384796,0.20708684623241425,0.19438380002975464
CCC(C)=C(C)C,7,0.2552725076675415,1.1777487993240356,0.19872917234897614,0.19855840504169464,0.1983523666858673,0.21751751005649567,0.18684260547161102
[O-][N+](=O)c1ccccc1C=O,11,-1.75,-2.469169855117798,0.18298320472240448,0.18338939547538757,0.21828441321849823,0.23951663076877594,0.17582638561725616
CC(O)CCO,6,-1.7000000476837158,-1.4326385259628296,0.20191136002540588,0.17907658219337463,0.1951957792043686,0.21726299822330475,0.20655328035354614
Fc1ccccc1,7,1.8899999856948853,1.3756710290908813,0.19950847327709198,0.19364824891090393,0.2018810212612152,0.20984680950641632,0.19511544704437256
Ic1ccccc1,7,0.029999999329447746,0.4512873589992523,0.20131832361221313,0.19227935373783112,0.20253081619739532,0.20900656282901764,0.19486497342586517
CC(=O)CC(C1=C(O)c2ccccc2OC1=O)c1ccccc1,23,-6.940000057220459,-9.298693656921387,0.19912078976631165,0.19353418052196503,0.2152988463640213,0.19879133999347687,0.19325482845306396
C1CNCCN1,6,-0.800000011920929,1.0775765180587769,0.2097395360469818,0.19384343922138214,0.20110784471035004,0.2042854130268097,0.1910238265991211
C/C=C/CC(C)C,7,0.3802112340927124,1.0337295532226562,0.1980728656053543,0.19570985436439514,0.198854461312294,0.22073787450790405,0.18662501871585846
CC(C)(C)SCSP(=S)(OCC)OCC,15,-3.490000009536743,-3.79191517829895,0.21774502098560333,0.2014778107404709,0.20506949722766876,0.19357819855213165,0.18212948739528656
CCC(COC(=O)C=C)CC,11,0.23000000417232513,0.22792577743530273,0.19546303153038025,0.20736604928970337,0.2059159129858017,0.208596870303154,0.1826581060886383
CCC(Cl)(Cl)Cl,6,1.5,1.5094035863876343,0.19948610663414001,0.19976402819156647,0.2112661898136139,0.20068302750587463,0.18880069255828857
C=CCC1=CC2=C(OCO2)C=C1,12,-1.1511952877044678,-2.007279396057129,0.19789321720600128,0.19125719368457794,0.22539830207824707,0.19458600878715515,0.19086529314517975
O=P(Oc1ccccc1)(Oc1ccccc1)Oc1ccccc1,23,-5.199999809265137,-7.707501411437988,0.20078624784946442,0.19824180006980896,0.2095894068479538,0.19613005220890045,0.19525252282619476
CNC(=O)CSP(=O)(OC)OC,12,-4.610000133514404,-6.1345367431640625,0.19886407256126404,0.17661675810813904,0.21999406814575195,0.19965340197086334,0.20487169921398163
CC(C)=CC(C)=O,7,0.9100000262260437,1.231993317604065,0.19909994304180145,0.19793343544006348,0.20043861865997314,0.2145853042602539,0.18794263899326324
O=C1C(=O)C2=CC=CC3=C2C1=CC=C3,14,-4.804100513458252,-5.886733055114746,0.1842559278011322,0.19316430389881134,0.2257421761751175,0.21248750388622284,0.18435001373291016
c1c2ccccc2cc2ccccc21,14,-5.190000057220459,-4.514956474304199,0.19826962053775787,0.19777026772499084,0.20006948709487915,0.19995719194412231,0.20393335819244385
Clc1ccccc1C(Cl)(Cl)Cl,11,-1.2999999523162842,-1.6579220294952393,0.19458863139152527,0.21430961787700653,0.20693613588809967,0.19887299835681915,0.18529267609119415
OC(=O)/C=C/c1ccccc1,11,-4.489999771118164,-3.962496519088745,0.19092193245887756,0.1758260428905487,0.19908247888088226,0.21738044917583466,0.216789111495018
COP(=O)(OC)OC=C(Cl)Cl,11,-1.8013429641723633,-2.3324477672576904,0.19049830734729767,0.1975914090871811,0.20902234315872192,0.2172503024339676,0.18563763797283173
Clc1ccccc1,7,1.0800000429153442,0.7356926798820496,0.19951306283473969,0.19476217031478882,0.20212522149085999,0.2084341198205948,0.1951654553413391
CCC(C)(C)S,6,1.6799999475479126,1.4831883907318115,0.2025391161441803,0.19435329735279083,0.20392130315303802,0.20827777683734894,0.1909085214138031
CCC[Si](Cl)(Cl)Cl,7,1.4600000381469727,1.3651610612869263,0.19520343840122223,0.2059585452079773,0.20667727291584015,0.20830388367176056,0.18385684490203857
Oc1cc(Cl)ccc1Cl,9,-1.25,-1.828027367591858,0.21431943774223328,0.18637259304523468,0.19171762466430664,0.2216966450214386,0.1858936846256256
CC(CCC#N)C#N,8,-2.2899999618530273,-1.3722718954086304,0.18772315979003906,0.18128034472465515,0.21883641183376312,0.22873137891292572,0.18342863023281097
O=C(CCl)CCl,6,-0.20000000298023224,0.861015260219574,0.1977352797985077,0.19374792277812958,0.2081804722547531,0.21055561304092407,0.18978072702884674
CCC1CCCC1,7,0.1481706202030182,0.6570852398872375,0.19975419342517853,0.19335012137889862,0.2024255096912384,0.20885397493839264,0.19561617076396942
CCCCCC(C)C,8,-0.11480846256017685,0.6267128586769104,0.19842015206813812,0.19661849737167358,0.20012447237968445,0.21804872155189514,0.18678821623325348
CC(C)C(C)CC(C)C,9,1.0700000524520874,0.5233412384986877,0.19384914636611938,0.2141856998205185,0.1974126100540161,0.21463420987129211,0.17991837859153748
COP(=S)(OC)SCn1nnc2ccccc2c1=O,19,-5.79587984085083,-7.53112268447876,0.2009107917547226,0.19805343449115753,0.2111329585313797,0.20710095763206482,0.18280185759067535
[O-][N+](=O)[N+]([O-])=O,6,1.311332106590271,-0.7025575041770935,0.20225974917411804,0.1945042461156845,0.1984173059463501,0.21263748407363892,0.19218124449253082
Fc1c(F)c(F)c(F)c(F)c1F,12,1.9299999475479126,1.8008602857589722,0.2001488357782364,0.18952931463718414,0.20294198393821716,0.21193116903305054,0.19544869661331177
CCOC(=O)C(CC(=O)OCC)SP(=O)(OC)OC,19,-5.010000228881836,-5.210515022277832,0.21677863597869873,0.20556609332561493,0.21849097311496735,0.20573417842388153,0.15343007445335388
C=C(Cl)CCl,5,1.7899999618530273,1.6955747604370117,0.19799281656742096,0.19756712019443512,0.20812587440013885,0.20979785919189453,0.18651629984378815
CC(C)COC(=O)Cl,8,0.9200000166893005,1.09811532497406,0.19700463116168976,0.19730716943740845,0.20727859437465668,0.21285752952098846,0.18555204570293427
CC(O)CO,5,-2.1191864013671875,-0.7643972635269165,0.20332731306552887,0.17872563004493713,0.1918678730726242,0.21721848845481873,0.2088606208562851
C(c1ccccc1)c2ccccc2,13,-2.7695510387420654,-2.4044101238250732,0.19983956217765808,0.20054936408996582,0.1987040638923645,0.2025248259305954,0.19838222861289978
CCCCCCCCCCCCCCCCCCC=C,20,-4.980000019073486,-4.9019694328308105,0.19340527057647705,0.19850434362888336,0.2024683654308319,0.20442593097686768,0.20119613409042358
COc1ccccc1[N+]([O-])=O,11,-2.440000057220459,-2.9879252910614014,0.17727337777614594,0.17754687368869781,0.23611415922641754,0.23867057263851166,0.17039507627487183
Cc1cccc(CC)c1,9,0.47999998927116394,0.017161011695861816,0.19919002056121826,0.19412384927272797,0.200790137052536,0.2100066840648651,0.19588924944400787
CC(=O)C=CC1C(C)=CCCC1(C)C,14,-1.721246361732483,-1.963553786277771,0.1869877725839615,0.21327972412109375,0.19256579875946045,0.2268930971622467,0.18027353286743164
FC(F)(F)C(F)=C(F)C(F)(F)F,12,3.299999952316284,3.234755754470825,0.20016536116600037,0.19143275916576385,0.20231154561042786,0.20856164395809174,0.19752871990203857
CC1=C(O)C=CC=C1,8,-0.7447274923324585,-1.0475496053695679,0.1960083246231079,0.18491050601005554,0.19425931572914124,0.23705731332302094,0.1877644956111908
Clc1ccc(Br)cc1,8,-0.5899999737739563,-0.05101006478071213,0.1992972046136856,0.19494207203388214,0.20417651534080505,0.2079642415046692,0.1936199963092804
CC[C@H]1CC[C@H](C)C1,8,-0.13153189420700073,0.3008732199668884,0.19952340424060822,0.19357755780220032,0.20254001021385193,0.20945991575717926,0.19489918649196625
CCCCOCCOCCOC(C)=O,14,-1.399999976158142,-1.1869522333145142,0.20151032507419586,0.20397381484508514,0.21296145021915436,0.203139990568161,0.17841443419456482
CN1CCCC1=O,7,-1.7851561307907104,-0.21456921100616455,0.19484427571296692,0.19176051020622253,0.19753172993659973,0.23083755373954773,0.1850258857011795
FCCF,4,2.7899999618530273,2.8228509426116943,0.1979018747806549,0.19486106932163239,0.19821497797966003,0.22198963165283203,0.18703250586986542
CC(=O)CC(C)=C,7,1.1799999475479126,1.1331274509429932,0.19769926369190216,0.19579847157001495,0.19924971461296082,0.21888507902622223,0.18836748600006104
CC(=C)C(=O)OCCO,9,-0.8999999761581421,-1.3100746870040894,0.20673596858978271,0.18265420198440552,0.21656541526317596,0.2179308831691742,0.17611351609230042
CCC#N,4,1.6799999475479126,1.759558916091919,0.19831347465515137,0.19451667368412018,0.19784611463546753,0.22179870307445526,0.1875249445438385
ClC(Cl)=C(Cl)Cl,6,1.2699999809265137,1.0578664541244507,0.19610926508903503,0.19920025765895844,0.20962439477443695,0.2091941088438034,0.1858719438314438
N#CC(Cl)(Cl)Cl,6,1.8700000047683716,1.1095492839813232,0.19872912764549255,0.19404807686805725,0.2083580046892166,0.20751924812793732,0.19134560227394104
O=C(C(F)(F)F)C(F)(F)F,10,3.3499999046325684,3.265582799911499,0.20032203197479248,0.19077369570732117,0.20258593559265137,0.2091251164674759,0.1971931755542755
CCC(=O)OCC,7,1.5499999523162842,1.259569764137268,0.19585120677947998,0.19529834389686584,0.205698162317276,0.22113627195358276,0.18201595544815063
Brc1cc2Oc3ccccc3Oc2cc1Br,16,-5.920000076293945,-6.410309314727783,0.22218364477157593,0.19447287917137146,0.22683262825012207,0.1810949742794037,0.17541585862636566
CCOC(=O)C=Cc1ccccc1,13,-2.490000009536743,-2.0499022006988525,0.19100680947303772,0.19441215693950653,0.22652743756771088,0.20502570271492004,0.1830279529094696
O=C1CCCCCC1,8,0.10000000149011612,-0.20184510946273804,0.19765783846378326,0.19744206964969635,0.19944918155670166,0.21277037262916565,0.19268052279949188
CC(C)(C)C(=O)C(Oc1ccc(Cl)cc1)[n]1c[n]c[n]1,20,-7.820000171661377,-6.227231025695801,0.20802170038223267,0.20313596725463867,0.21186041831970215,0.19526812434196472,0.1817137748003006
Cc1cccc(N)c1C,9,-1.1200000047683716,-1.5221219062805176,0.2033587396144867,0.1821102648973465,0.20464421808719635,0.21149855852127075,0.1983882337808609
O=C(Cc1ccccc1)c1ccccc1,15,-3.740000009536743,-3.990032434463501,0.19796869158744812,0.19995109736919403,0.19832395017147064,0.20789384841918945,0.19586250185966492
CCC(C)(C)C(O)=O,8,-0.8299999833106995,-0.7727289795875549,0.19206947088241577,0.18320056796073914,0.19348934292793274,0.2151152789592743,0.21612530946731567
C=C=C,3,3.7300000190734863,2.625779390335083,0.20254641771316528,0.203055739402771,0.202862948179245,0.20030871033668518,0.19122613966464996
COC(=O)/C=C(\C)OP(=O)(OC)OC,14,-3.8927900791168213,-3.6153595447540283,0.17899754643440247,0.2026630938053131,0.23067694902420044,0.22175882756710052,0.1659035086631775
[O-][N+](=O)c1cc(cc(c1)[N+]([O-])=O)[N+]([O-])=O,15,-5.190000057220459,-5.525233745574951,0.17788517475128174,0.1856013685464859,0.23861800134181976,0.22103707492351532,0.17685839533805847
Clc1cc(Cl)c(Cl)cc1-c1cc(Cl)c(Cl)cc1Cl,18,-5.460000038146973,-5.926780700683594,0.21191200613975525,0.20566318929195404,0.19831161201000214,0.19976672530174255,0.18434642255306244
CC(O)C(C)=O,6,0.42975229024887085,0.7238498330116272,0.1955987960100174,0.18789896368980408,0.1968948245048523,0.22296981513500214,0.19663763046264648
C=C1CCCCC1,7,1.600000023841858,0.983772337436676,0.19921207427978516,0.19345587491989136,0.201646089553833,0.21028225123882294,0.19540371000766754
c1c2ccccc2[n]c2ccccc21,14,-3.869999885559082,-4.34339714050293,0.1989215761423111,0.1995839923620224,0.2051660120487213,0.19716696441173553,0.19916149973869324
CC(C)CC1CCCCC1,10,-1.0423927307128906,-0.27117353677749634,0.1968807429075241,0.19791889190673828,0.2005629986524582,0.21293844282627106,0.19169890880584717
CCC(C)(C)C(C)C,8,1.4299999475479126,0.5901536345481873,0.19641923904418945,0.20223839581012726,0.19928647577762604,0.2178836315870285,0.18417227268218994
CCCCC(C)C,7,1.8200000524520874,1.0395437479019165,0.19909226894378662,0.1955132931470871,0.20044122636318207,0.2194184958934784,0.18553471565246582
CC(=C)CC(C)(C)C,8,0.1933194249868393,0.9644352793693542,0.19757165014743805,0.19542263448238373,0.19838428497314453,0.22301481664180756,0.18560661375522614
C=CCN,4,2.380000114440918,1.9220235347747803,0.2030930370092392,0.19641713798046112,0.20125603675842285,0.2105288803577423,0.1887049525976181
Clc1cc2oc3c(ccc(Cl)c3Cl)c2c(Cl)c1Cl,18,-8.649999618530273,-8.691887855529785,0.2022676318883896,0.1853383630514145,0.2126288115978241,0.18192614614963531,0.21783894300460815
CC1CC(O)CC(C)(C)C1,10,-1.0,-0.7777398824691772,0.1894516497850418,0.19102993607521057,0.1935100257396698,0.21248699724674225,0.21352143585681915
C1C2CCC1C=C2,7,1.590000033378601,0.7135271430015564,0.2005358189344406,0.19930505752563477,0.20179176330566406,0.20336106419563293,0.19500629603862762
CCCCCCCC(=O)OC,11,-0.27000001072883606,-0.7645522356033325,0.19509583711624146,0.20673009753227234,0.2047182321548462,0.20380331575870514,0.1896524727344513
Clc1c(cccc1Cl)-c1c(Cl)c(Cl)cc(Cl)c1Cl,18,-5.960000038146973,-5.844770431518555,0.21159665286540985,0.2050398290157318,0.19830933213233948,0.20047974586486816,0.18457446992397308
OCC=Cc1ccccc1,10,-1.6200000047683716,-2.4529807567596436,0.19572435319423676,0.18390652537345886,0.20348772406578064,0.21523895859718323,0.20164242386817932
CCCCCCCCCCCCCC=C,15,-2.3399999141693115,-2.8081448078155518,0.18738123774528503,0.20435947179794312,0.19612067937850952,0.213317409157753,0.19882124662399292
CC(C)c1cc(C(C)C)c(cc1C(C)C)C(C)C,18,-2.700000047683716,-2.566877841949463,0.19745399057865143,0.2060261219739914,0.20335054397583008,0.20807291567325592,0.18509645760059357
CNC(=O)Oc1cc(C)c(C)c(C)c1,14,-4.289999961853027,-5.029698848724365,0.19139765202999115,0.1915767937898636,0.25580766797065735,0.19359713792800903,0.16762076318264008
CC(C)CC=O,6,1.7000000476837158,1.335013747215271,0.19881920516490936,0.19581224024295807,0.19933746755123138,0.221405029296875,0.18462616205215454
CCCCCC,6,2.180000066757202,1.3729802370071411,0.20072223246097565,0.19820374250411987,0.2009633630514145,0.21095706522464752,0.18915358185768127
CC1CC(C)(C)CC(=O)C=1,10,-0.36000001430511475,-0.22808778285980225,0.19535674154758453,0.194898784160614,0.19843772053718567,0.22353340685367584,0.18777328729629517
COc1[n]c(NCC)[n]c(NC(C)CC)[n]1,16,-5.139999866485596,-6.50695276260376,0.20426183938980103,0.1842830330133438,0.24131876230239868,0.15142029523849487,0.2187160700559616
CCC1=CC=C2C=CC=CC2=C1,12,-1.5228787660598755,-2.0916342735290527,0.1977434605360031,0.19711141288280487,0.20049558579921722,0.2045411318540573,0.20010849833488464
CCCCC(C)C=C,8,0.0,0.6966128945350647,0.1986769139766693,0.196733295917511,0.2000758945941925,0.2165471315383911,0.1879667192697525
CCCCC(C)=C,7,1.7799999713897705,1.3005177974700928,0.20172420144081116,0.1989290714263916,0.20188473165035248,0.20760641992092133,0.18985559046268463
C=Cc1cccc(Cl)c1,9,-0.009999999776482582,-0.1442144215106964,0.19923777878284454,0.19610103964805603,0.20347706973552704,0.20722311735153198,0.19396096467971802
Oc1ccccc1O,8,-2.440000057220459,-2.999305009841919,0.22620894014835358,0.17219746112823486,0.18457502126693726,0.24287620186805725,0.17414246499538422
Cc1cc([n]c([n]1)N(CC)CC)OP(=S)(OC)OC,19,-4.820000171661377,-5.03530216217041,0.22337499260902405,0.21584045886993408,0.22774054110050201,0.1656343787908554,0.16740967333316803
CC(CCO)CCC=C(C)C,11,-1.3600000143051147,-1.8823434114456177,0.19089800119400024,0.19471792876720428,0.19262932240962982,0.2196982502937317,0.20205649733543396
C1CN2CCC1CC2,8,0.2800000011920929,-0.23494669795036316,0.19987820088863373,0.2062131017446518,0.20198102295398712,0.19945545494556427,0.19247221946716309
O=Cc1ccco1,7,0.3400000035762787,0.5166537165641785,0.19829623401165009,0.19036193192005157,0.20428745448589325,0.21410980820655823,0.19294454157352448
C[Si](Cl)(Cl)c1ccccc1,10,-0.3100000023841858,0.25744643807411194,0.19525037705898285,0.20941175520420074,0.20047156512737274,0.2040787637233734,0.19078747928142548
COP(=O)(OC)OC(Br)C(Cl)(Cl)Br,13,-3.698970079421997,-3.779189348220825,0.2011212259531021,0.1941748857498169,0.19958047568798065,0.2086770385503769,0.19644637405872345
C=Cc1ccc(Cl)cc1,9,-0.09000000357627869,-0.1629500687122345,0.19925671815872192,0.19583363831043243,0.20332972705364227,0.20738206803798676,0.19419792294502258
C1CCCCN1,6,1.5099999904632568,1.1894596815109253,0.19968372583389282,0.1898292899131775,0.20260319113731384,0.2121122181415558,0.19577157497406006
CC=CC(O)=O,6,-0.5400000214576721,0.4641819894313812,0.19127318263053894,0.18602727353572845,0.19770526885986328,0.20837855339050293,0.21661575138568878
COC(C)=O,5,2.3299999237060547,1.7472141981124878,0.19790150225162506,0.19523054361343384,0.21046298742294312,0.21117143332958221,0.18523357808589935
O=C1C2=CC=CC3=C2C(=CC=C3)C2=C1C=CC=C2,18,-6.6575775146484375,-8.32833194732666,0.19623495638370514,0.1954818218946457,0.20346307754516602,0.20107047259807587,0.2037496566772461
CC(=C)C1=CC(=CC=C1)C(C)=C,12,-0.7958800196647644,-0.6755357384681702,0.196530282497406,0.19187015295028687,0.20906837284564972,0.211184561252594,0.19134663045406342
Cc1ccc(C)c(C)c1C,10,-0.4399999976158142,-0.6056833863258362,0.19459909200668335,0.19239267706871033,0.20469124615192413,0.21738159656524658,0.190935418009758
Cc1ccc(C)c(O)c1C,10,-1.4600000381469727,-2.0667591094970703,0.19305573403835297,0.17675332725048065,0.20375469326972961,0.24723391234874725,0.1792023628950119
CCCCCCCCCCCCC(O)=O,15,-4.900000095367432,-5.006011009216309,0.18623609840869904,0.1887684017419815,0.20308123528957367,0.2089364379644394,0.21297785639762878
CCCCOC(=O)COc1cc(Cl)c(Cl)cc1Cl,18,-4.820000171661377,-5.062132358551025,0.21027548611164093,0.20326167345046997,0.22488343715667725,0.19931437075138092,0.16226503252983093
ClC(Cl)=C(c1ccc(Cl)cc1)c1ccc(Cl)cc1,18,-5.21999979019165,-5.475379943847656,0.21034374833106995,0.20243702828884125,0.19918771088123322,0.20042294263839722,0.18760855495929718
CC(=O)C=Cc1ccccc1,11,-1.909999966621399,-1.732749104499817,0.1907656192779541,0.1903471052646637,0.20499667525291443,0.22276225686073303,0.19112828373908997
CC(C)C(C)(C)C(C)C,9,-0.4565528333187103,0.401811808347702,0.19468405842781067,0.20850467681884766,0.19851623475551605,0.21614401042461395,0.1821509599685669
CCOC(=O)CCCCCC(=O)OCC,15,-2.509999990463257,-2.1452651023864746,0.19822385907173157,0.2050047665834427,0.21197356283664703,0.19961710274219513,0.1851806938648224
OC(CO)CO,6,-3.7699999809265137,-3.7839298248291016,0.20792153477668762,0.17084887623786926,0.20224016904830933,0.2165917456150055,0.20239770412445068
CC(O)CNCC(C)O,9,-3.9000000953674316,-4.723608016967773,0.2025468796491623,0.17697395384311676,0.21694955229759216,0.20480424165725708,0.19872532784938812
CCOC(=O)c1ccco1,10,-0.4300000071525574,-0.14478449523448944,0.19642677903175354,0.1886385828256607,0.21916770935058594,0.2061431109905243,0.18962380290031433
COC(=O)CSc1cc(/N=C2\SC(=O)N3CCCCN3\2)c(F)cc1Cl,25,-8.479999542236328,-11.329360008239746,0.19698740541934967,0.18529272079467773,0.19666339457035065,0.20768997073173523,0.2133665382862091
S1C=CC=C1,5,1.9014582633972168,1.6729520559310913,0.200701504945755,0.19354942440986633,0.20358969271183014,0.2066708207130432,0.1954886019229889
CC(C)OC(=O)C(O)(c1ccc(Cl)cc1)c1ccc(Cl)cc1,22,-6.739999771118164,-6.1382341384887695,0.2146543264389038,0.20288749039173126,0.2009868025779724,0.2048090100288391,0.17666234076023102
Clc1ccc(cc1Cl)-c1cc(Cl)c(Cl)cc1,16,-4.78000020980835,-4.628890514373779,0.21221806108951569,0.20612281560897827,0.19357949495315552,0.1999579668045044,0.1881217211484909
NCCNCCNCCNCCN,13,-6.099999904632568,-4.875922203063965,0.21120493113994598,0.1929445117712021,0.21271030604839325,0.1995067596435547,0.1836334615945816
CC(Cl)(Cl)Cl,5,0.6133342981338501,1.7683430910110474,0.20052948594093323,0.1972520649433136,0.20956824719905853,0.20199815928936005,0.19065207242965698
Cc1ccc(cc1)C(=O)CC,11,-1.0299999713897705,-1.2933050394058228,0.19152337312698364,0.18952220678329468,0.19690217077732086,0.23516817390918732,0.1868840456008911
CC(C)C(=O)OC(C)C,9,1.2000000476837158,1.1417498588562012,0.19921670854091644,0.20083275437355042,0.20500768721103668,0.21058490872383118,0.18435794115066528
C=CCOC(=O)/C=C\C(=O)OCC=C,14,-2.1700000762939453,-2.5276222229003906,0.19283586740493774,0.19549639523029327,0.21446171402931213,0.2137366682291031,0.18346939980983734
OC(=O)C(O)=O,6,-3.630000114440918,-2.571427345275879,0.21469992399215698,0.17418254911899567,0.20618586242198944,0.1949286013841629,0.2100030779838562
CCC(C)(C)C,6,2.5,1.413237452507019,0.19839979708194733,0.19530680775642395,0.1983949840068817,0.2228689193725586,0.185029536485672
COP(=S)(Oc1cc(Cl)c(I)cc1Cl)OC,16,-6.079999923706055,-4.798310279846191,0.22046370804309845,0.21054846048355103,0.2227267622947693,0.18405944108963013,0.16220159828662872
C1CCSCC1,6,0.9030900001525879,1.005346655845642,0.19908808171749115,0.1906542330980301,0.2023085504770279,0.20805184543132782,0.19989725947380066
O=CNC(N1CCN(CC1)C(NC=O)C(Cl)(Cl)Cl)C(Cl)(Cl)Cl,22,-6.699999809265137,-10.427826881408691,0.20158423483371735,0.18182475864887238,0.19498951733112335,0.2098686248064041,0.2117329239845276
CCOC(C)(C)C,7,2.0899999141693115,1.6682900190353394,0.2018895298242569,0.19938874244689941,0.2041347622871399,0.2041812390089035,0.19040580093860626
CC(O)CC1=CC=CC=C1,10,-2.0,-1.8528752326965332,0.19627590477466583,0.18398532271385193,0.1881483793258667,0.2249450832605362,0.20664535462856293
Clc1cc(Cl)c(Cl)cc1Cl,10,-2.2699999809265137,-1.5748854875564575,0.19033735990524292,0.22204411029815674,0.2041579633951187,0.20182980597019196,0.18163074553012848
CC1(C)C2CC(=O)C1(C)CC2,11,-0.6600000262260437,-0.5514876246452332,0.19572237133979797,0.2089686393737793,0.20281094312667847,0.20567086338996887,0.18682712316513062
CC(=C)C(C)=C,6,2.180000066757202,1.8642717599868774,0.20061485469341278,0.20144756138324738,0.20046713948249817,0.20806384086608887,0.1894066482782364
CCCCCC(C)=O,8,0.5899999737739563,0.5824423432350159,0.19929087162017822,0.19289351999759674,0.20188510417938232,0.2137804478406906,0.19215011596679688
Cc1cc(O)c(cc1Cl)[N+]([O-])=O,12,-3.069999933242798,-3.964479446411133,0.194427490234375,0.17262530326843262,0.2276633232831955,0.24210888147354126,0.16317500174045563
c1cc2ccccc2c2ccccc21,14,-3.9200000762939453,-4.567319869995117,0.19793060421943665,0.19724898040294647,0.19974911212921143,0.198920339345932,0.20615088939666748
CC(CO)CO,6,-1.6799999475479126,-1.0697931051254272,0.20357167720794678,0.18020634353160858,0.18905410170555115,0.2178778201341629,0.20929010212421417
CCc1ccccc1O,9,-0.8199999928474426,-1.3665878772735596,0.19713757932186127,0.18434569239616394,0.19263985753059387,0.23898670077323914,0.18689018487930298
Nc1ccc(cc1)Nc1ccccc1,14,-4.920000076293945,-6.342733860015869,0.21732644736766815,0.19087031483650208,0.20919269323349,0.19201785326004028,0.1905926764011383
O=C(Cl)c1cc(Cl)ccc1,10,-0.8500000238418579,-0.8839923143386841,0.19797103106975555,0.19948507845401764,0.20700843632221222,0.20446759462356567,0.1910678595304489
C1CCCCCCCCCCC1,12,-1.5301779508590698,-1.764360785484314,0.19645024836063385,0.20340119302272797,0.1994800865650177,0.2071869820356369,0.1934814751148224
CCN(CC)c1nc(C)cc(OP(=S)(OC)OC)n1,19,-4.823908805847168,-5.03530216217041,0.22337499260902405,0.21584045886993408,0.22774054110050201,0.1656343787908554,0.16740967333316803
CCOC(=O)CN1C(=O)Sc2cccc(Cl)c12,17,-5.559999942779541,-7.249942302703857,0.18591099977493286,0.18388596177101135,0.23581793904304504,0.19754469394683838,0.19684042036533356
Cc1cc2cc3ccccc3cc2cc1,15,-5.269999980926514,-5.080749988555908,0.1974070966243744,0.19682157039642334,0.20348015427589417,0.20228520035743713,0.2000059336423874
COP(=S)(Oc1cc(Cl)c(Br)cc1Cl)c1ccccc1,20,-7.639999866485596,-7.439839839935303,0.2033025026321411,0.19706031680107117,0.23371228575706482,0.1902071237564087,0.17571775615215302
O=C1CCCCCN1,8,-2.799999952316284,-2.613417863845825,0.18155981600284576,0.17355841398239136,0.17844663560390472,0.23643478751182556,0.2300003170967102
Cc1ccccc1C(=O)Nc1cc(ccc1)OC(C)C,20,-6.380000114440918,-7.837538719177246,0.19296620786190033,0.182437926530838,0.2273283749818802,0.2076815664768219,0.18958592414855957
Cc1cc(cc(c1)OC(=O)NC)C(C)C,15,-4.519999980926514,-5.213248252868652,0.19765523076057434,0.18675954639911652,0.2500401437282562,0.18857482075691223,0.17697027325630188
C1Cc2ccccc2-c2ccccc21,14,-3.2200000286102295,-3.6308624744415283,0.19874325394630432,0.2002931833267212,0.2000546157360077,0.20311643183231354,0.19779248535633087
NCCOCCO,7,-2.809999942779541,-1.687760829925537,0.2114691436290741,0.17895255982875824,0.21145299077033997,0.20783227682113647,0.1902930587530136
OC(=O)c1[n]c(Cl)ccc1Cl,11,-4.920000076293945,-4.224709510803223,0.22776919603347778,0.17817123234272003,0.18162575364112854,0.18009698390960693,0.23233675956726074
CC(OC)OC,6,2.2300000190734863,1.8291126489639282,0.2022382915019989,0.19946998357772827,0.20653849840164185,0.20351852476596832,0.18823468685150146
CCC(C)C1=C(O)C=CC=C1,11,-1.1542819738388062,-1.9745959043502808,0.19776007533073425,0.18244986236095428,0.18636463582515717,0.2513508200645447,0.1820746213197708
CCCCCCCCCC=C,11,-1.6126102209091187,-0.9630298018455505,0.194772407412529,0.20319627225399017,0.19716425240039825,0.21233735978603363,0.19252966344356537
CC1=NN(C(=O)N1C(F)F)c1cc(NS(C)(=O)=O)c(Cl)cc1Cl,23,-9.010000228881836,-9.201756477355957,0.20298786461353302,0.19335192441940308,0.24209508299827576,0.20622681081295013,0.155338317155838
CCCCCCCCCCCCS,13,-2.069999933242798,-2.40555477142334,0.19218672811985016,0.20926247537136078,0.20631694793701172,0.2020731419324875,0.19016073644161224
BrCCCCBr,6,-0.20999999344348907,0.3311885893344879,0.1957860141992569,0.20274968445301056,0.20774991810321808,0.21041998267173767,0.1832943707704544
C=Cc1ccc(O)cc1,9,-1.850000023841858,-1.7270971536636353,0.19607669115066528,0.1821364313364029,0.19815990328788757,0.2378709316253662,0.18575601279735565
C[C@@H]1[C@H](SC(=O)N1C(=O)NC1CCCCC1)c1ccc(Cl)cc1,23,-7.590000152587891,-10.112371444702148,0.19734947383403778,0.18821415305137634,0.19763222336769104,0.20709586143493652,0.20970836281776428
OC(=O)CCCCCCC(O)=O,12,-6.539999961853027,-7.119749069213867,0.19613642990589142,0.16522105038166046,0.2355431616306305,0.2037801742553711,0.1993192434310913
CCC(CC)CO,7,0.1846914291381836,0.2976700961589813,0.19416913390159607,0.18686410784721375,0.19395840167999268,0.21751758456230164,0.2074907273054123
c1c2c3ccccc3ccc2cc2ccccc21,18,-6.679999828338623,-8.245917320251465,0.19893339276313782,0.19665107131004333,0.20327594876289368,0.19977793097496033,0.20136161148548126
CSC1=NN=C(C(=O)N1N)C(C)(C)C,14,-6.360000133514404,-7.2623491287231445,0.19227378070354462,0.16340751945972443,0.23652803897857666,0.20489248633384705,0.20289818942546844
CCOC,4,3.1700000762939453,2.412689685821533,0.20389564335346222,0.20154637098312378,0.20552010834217072,0.20025865733623505,0.18877926468849182
CC(C)CCC(C)O,8,0.3100000023841858,0.3432396650314331,0.19509170949459076,0.18793153762817383,0.19438958168029785,0.21435095369815826,0.2082362025976181
Clc1ccccc1Oc1ccccc1,14,-2.4000000953674316,-2.809246778488159,0.20127739012241364,0.2061372995376587,0.19964103400707245,0.19933225214481354,0.1936120092868805
C1C2=C(CC3=C1C=CC=C3)C=CC=C2,14,-2.8894102573394775,-3.5466675758361816,0.1988721489906311,0.20059408247470856,0.19813844561576843,0.20276828110218048,0.19962701201438904
Nc1ccc(cc1)/N=N/c1ccccc1,15,-5.849999904632568,-7.02639102935791,0.20268717408180237,0.19114083051681519,0.17908962070941925,0.19702760875225067,0.23005470633506775
c1cccc2ccc3ccc[n]c3c21,14,-3.6600000858306885,-4.709310531616211,0.19716568291187286,0.1944955736398697,0.20284560322761536,0.20565366744995117,0.1998395323753357
COC(=O)c1ccccc1,10,-0.41999998688697815,-0.9666274189949036,0.19452984631061554,0.193663090467453,0.22367221117019653,0.20094186067581177,0.18719299137592316
Clc1cc(Cl)c2c(c1)oc1c2cc(Cl)cc1Cl,17,-7.570000171661377,-8.326233863830566,0.20205476880073547,0.1846160888671875,0.21991226077079773,0.1778731495141983,0.2155437171459198
CCCN,4,2.490000009536743,1.9061024188995361,0.2049255669116974,0.19621995091438293,0.20137861371040344,0.20895494520664215,0.18852096796035767
O=CC=Cc1ccccc1,10,-1.5399999618530273,-1.3301079273223877,0.1927289366722107,0.19260774552822113,0.20642854273319244,0.22097979485988617,0.18725495040416718
CCCCCCCCC1CCCCC1,14,-2.0399999618530273,-2.379171371459961,0.19400015473365784,0.20475582778453827,0.19848448038101196,0.21128854155540466,0.19147099554538727
C1CCCCC1,6,0.5160856246948242,1.3560031652450562,0.1988542079925537,0.1962234079837799,0.20115339756011963,0.20870263874530792,0.19506634771823883
CC(C)CCCCC(C)C,10,-0.9186527132987976,-0.021755851805210114,0.19629208743572235,0.20588234066963196,0.19918513298034668,0.2139904499053955,0.1846499741077423
O=C[C@@H]1C[C@@H]2[C@@H]3[C@H]1[C@]1(Cl)[C@]4(Cl)[C@H]2[C@]4(Cl)[C@@]3(Cl)C1(Cl)Cl,19,-6.699999809265137,-6.973418235778809,0.1912672072649002,0.2018793672323227,0.2039138227701187,0.20458568632602692,0.19835390150547028
Cc1cc(c(O)c(C)c1)C(C)(C)C,13,-1.350000023841858,-2.444488048553467,0.19723501801490784,0.19714613258838654,0.19046613574028015,0.2389676570892334,0.17618507146835327
CCCNCCC,7,1.2999999523162842,1.373735785484314,0.20555084943771362,0.20295308530330658,0.2026076763868332,0.2016574889421463,0.18723087012767792
CCCC(C)Br,6,1.3300000429153442,1.2120330333709717,0.19769629836082458,0.19478349387645721,0.2031232714653015,0.2215636670589447,0.18283326923847198
CC=C(C)C,5,2.6700000762939453,2.1519737243652344,0.20294189453125,0.20242802798748016,0.20187759399414062,0.20161662995815277,0.19113589823246002
[O-][N+](=O)C(Cl)(Cl)Cl,7,1.3799999952316284,0.1986803114414215,0.19999144971370697,0.19358934462070465,0.20011602342128754,0.21211077272891998,0.19419246912002563
C[Si]1(C)O[Si](C)(C)O[Si](C)(C)O[Si](C)(C)O[Si](C)(C)O[Si](C)(C)O[Si](C)(C)O[Si](C)(C)O1,32,-2.5399999618530273,-2.2636454105377197,0.17896878719329834,0.18919290602207184,0.1924712359905243,0.19883716106414795,0.24052992463111877
C[Si](C)(F)c1ccccc1,10,0.46000000834465027,0.34102827310562134,0.19674287736415863,0.20560242235660553,0.19895152747631073,0.2059987336397171,0.19270449876785278
COP(=S)(OC)SCC(=O)N(C)C=O,14,-6.071604251861572,-6.386588096618652,0.1705181747674942,0.1869545429944992,0.19997411966323853,0.24125443398952484,0.2012987732887268
CCCCCCCCCC,10,0.1599999964237213,-0.6305326223373413,0.19656090438365936,0.20196287333965302,0.1993684470653534,0.20883221924304962,0.1932755559682846
CCCCC1=CC=CC=C1,10,0.025305865332484245,-0.522426426410675,0.19872257113456726,0.1979314684867859,0.1993764489889145,0.20893004536628723,0.19503946602344513
CCCCC,5,1.1924002170562744,1.8882001638412476,0.2026633620262146,0.2000865638256073,0.20233820378780365,0.20572055876255035,0.18919126689434052
CCOC(=O)C(C)OC(=O)c1cc(ccc1[N+]([O-])=O)Oc1ccc(cc1Cl)C(F)(F)F,31,-7.150000095367432,-8.701570510864258,0.20699714124202728,0.2014884650707245,0.2220527082681656,0.20028893649578094,0.1691727638244629
CCOP(=S)(OCC)SC(CCl)N1C(=O)c2ccccc2C1=O,23,-7.207608222961426,-8.356793403625488,0.20135879516601562,0.1917043775320053,0.20044662058353424,0.19653216004371643,0.2099580615758896
O=C=Nc1cccc2c1cccc2N=C=O,16,-4.46999979019165,-5.127247333526611,0.18535277247428894,0.2029983252286911,0.2435045838356018,0.19088846445083618,0.17725583910942078
CCN(C1CCCCC1)C(=O)SCC,14,-2.700000047683716,-3.6704559326171875,0.1670500487089157,0.2064201533794403,0.19610516726970673,0.20771723985671997,0.22270739078521729
CC(C)C(C(=O)OC(C#N)c1cccc(c1)Oc1ccc(Br)cc1)c1ccc(cc1)OC(F)F,34,-8.920000076293945,-11.18740177154541,0.19878964126110077,0.19547846913337708,0.21971090137958527,0.19222193956375122,0.19379901885986328
CCOC(=O)C(C)(C)Br,9,0.41999998688697815,0.6644396781921387,0.19221989810466766,0.20890578627586365,0.21288776397705078,0.20880627632141113,0.17718026041984558
CCOC=O,5,2.390000104904175,1.8511213064193726,0.1947786509990692,0.19413809478282928,0.21030351519584656,0.21691396832466125,0.1838657110929489
CC(Br)Br,4,1.409999966621399,1.5984948873519897,0.19852501153945923,0.1936616599559784,0.2065311074256897,0.21645128726959229,0.18483088910579681
CCOP(=S)(OCC)SCN1N=Nc2ccccc2C1=O,21,-5.619999885559082,-7.449263572692871,0.20475730299949646,0.19706536829471588,0.21090084314346313,0.206936776638031,0.1803397536277771
COP(=O)(OC)O/C(C)=C/C(=O)N(C)C,15,-3.795880079269409,-5.111913681030273,0.170558899641037,0.20328709483146667,0.22005145251750946,0.22444599866867065,0.18165655434131622
CCCC1=C(C)C=CC=C1,10,-0.004364804830402136,-0.38621437549591064,0.19839464128017426,0.19574669003486633,0.19918294250965118,0.21190407872200012,0.1947716474533081
CCBr,3,2.6700000762939453,2.390829086303711,0.2024196982383728,0.19897042214870453,0.20534050464630127,0.20454220473766327,0.18872712552547455
CC1(C)[C@@H]([C@@H]1C=C(Br)Br)C(=O)O[C@H](C#N)c1cccc(c1)Oc1ccccc1,28,-7.820000171661377,-10.520515441894531,0.19670718908309937,0.19393181800842285,0.21908974647521973,0.20837579667568207,0.18189546465873718
OC1=CC=CC2=C1C=CC=C2,11,-3.5622494220733643,-3.559229612350464,0.20199407637119293,0.18621359765529633,0.19623041152954102,0.21496926248073578,0.20059263706207275
CCCC(C)(C)C(C)C,9,0.9900000095367432,0.2474827766418457,0.19540563225746155,0.20701733231544495,0.19889745116233826,0.21536380052566528,0.18331579864025116
CC(C#C)OC(=O)Nc1cccc(Cl)c1,15,-4.800000190734863,-6.266127586364746,0.19022567570209503,0.17506034672260284,0.2250482738018036,0.19609075784683228,0.21357490122318268
COc1cc(Cl)c(Cl)cc1O,11,-2.3499999046325684,-2.8263142108917236,0.2149449735879898,0.20250220596790314,0.19214309751987457,0.21629971265792847,0.17410998046398163
OCCCC1=CC=CC=C1,10,-1.6307841539382935,-2.188434600830078,0.19434471428394318,0.18602094054222107,0.18879768252372742,0.23620837926864624,0.1946282982826233
CCCCCCCCCCCC(=O)OC,15,-2.390000104904175,-2.6621391773223877,0.19120529294013977,0.20963029563426971,0.21052521467208862,0.20792193710803986,0.18071728944778442
CCN(CCCl)CCCl,9,-0.6000000238418579,-0.577719509601593,0.19194014370441437,0.20495885610580444,0.20766563713550568,0.21483761072158813,0.1805976927280426
CCCC(C[n]1c[n]c[n]1)c1ccc(Cl)cc1Cl,18,-5.559999942779541,-6.084284782409668,0.20858384668827057,0.20296211540699005,0.19275794923305511,0.20191985368728638,0.19377626478672028
Cc1ccc(cc1)C(=O)COc1c(C(=O)c2ccc(Cl)c(C)c2Cl)c(C)[n][n]1C,29,-7.010000228881836,-10.482267379760742,0.19904494285583496,0.1953820288181305,0.2090592235326767,0.21604159474372864,0.1804722100496292
CCOC(=O)C(C)O,8,0.5699999928474426,0.2537367641925812,0.2027781754732132,0.18720851838588715,0.206640362739563,0.2198774516582489,0.18349547684192657
COC1=C(C=O)C=CC=C1,10,-0.9208187460899353,-1.9843593835830688,0.18482239544391632,0.18515455722808838,0.2376551777124405,0.21588830649852753,0.17647957801818848
Nc1ccccc1,7,-1.5934598445892334,-0.2819928526878357,0.20574265718460083,0.19272735714912415,0.19915208220481873,0.20260466635227203,0.19977323710918427
CN(C)c1ccccc1,9,-0.15000000596046448,-0.6481207609176636,0.19797979295253754,0.2007342129945755,0.19854560494422913,0.19572743773460388,0.20701289176940918
Clc1cccc2Oc3c(Oc12)c(Cl)c(Cl)c(Cl)c3Cl,19,-9.25,-9.439445495605469,0.2070121169090271,0.18128396570682526,0.23152287304401398,0.18941952288150787,0.1907614916563034
CCCCCCCCCCCC(O)=O,14,-4.800000190734863,-4.5376482009887695,0.1817704290151596,0.1895427405834198,0.2001417577266693,0.21313712000846863,0.21540798246860504
CC(C)c1ccccc1-c1ccccc1,15,-3.299999952316284,-3.0378599166870117,0.19887690246105194,0.20390088856220245,0.19970792531967163,0.2029528170824051,0.19456146657466888
CCCCCCCCCCCCCCCc1ccccc1,21,-5.139999866485596,-5.6210784912109375,0.20036529004573822,0.19927887618541718,0.19979295134544373,0.20273280143737793,0.19783014059066772
CCCC(C)C,6,0.8295417428016663,1.5090757608413696,0.20024268329143524,0.19731689989566803,0.2005917727947235,0.21582120656967163,0.1860274076461792
CCON=C(CCC)C1=C(O)CC(CC1=O)C1CSCCC1,22,-7.119999885559082,-8.182473182678223,0.20810341835021973,0.18572187423706055,0.19190168380737305,0.21399950981140137,0.2002735137939453
CCC\C(C)=C/C,7,0.2552725076675415,1.069259762763977,0.1988580971956253,0.19678016006946564,0.19901934266090393,0.2178393453359604,0.18750308454036713
CC(CC(C)(C)C)CC(C)(C)CC(C)(C)C,16,0.0,-0.9242424964904785,0.19861344993114471,0.20035545527935028,0.20195147395133972,0.20797643065452576,0.19110321998596191
CCc1cc[n]cc1,8,0.36000001430511475,0.38490644097328186,0.19972863793373108,0.19118089973926544,0.20250862836837769,0.20980916917324066,0.19677263498306274
CCCc1ccccc1,9,0.5299999713897705,-0.09306877851486206,0.19920480251312256,0.1965036243200302,0.20037533342838287,0.2082144320011139,0.19570180773735046
CCCCCCCCC(C)C,11,-0.2199999988079071,-0.6971718668937683,0.19688287377357483,0.2016831338405609,0.19977399706840515,0.20913931727409363,0.19252069294452667
FC(F)(Cl)Br,5,3.309999942779541,2.977484941482544,0.20135657489299774,0.19516482949256897,0.20410746335983276,0.20496442914009094,0.19440670311450958
CC(C)OB(OC(C)C)OC(C)C,13,0.8700000047683716,0.6141973733901978,0.19937308132648468,0.21474717557430267,0.20916201174259186,0.19576358795166016,0.18095412850379944
FCC(F)(F)F,6,3.700000047683716,3.716723680496216,0.20170024037361145,0.1965458244085312,0.20274026691913605,0.20468910038471222,0.1943245828151703
CCC(C)c1ccccc1,10,-1.1152046918869019,-0.310891717672348,0.19887660443782806,0.19585229456424713,0.19950805604457855,0.2123885303735733,0.19337451457977295
CC(=O)C1=CC(O)=CC=C1,10,-2.126098394393921,-2.706533908843994,0.19415275752544403,0.17674733698368073,0.20366770029067993,0.24872881174087524,0.17670345306396484
CCc1ccc(C)cc1C,10,-0.07000000029802322,-0.25640732049942017,0.1982959508895874,0.19386257231235504,0.20031508803367615,0.21277736127376556,0.19474901258945465
C=CC[Si](Cl)(Cl)Cl,7,1.25,1.5112019777297974,0.1944829225540161,0.20664167404174805,0.20544615387916565,0.20848816633224487,0.1849411278963089
CC1=CC(=O)C2=C(C=CC=C2)C1=O,13,-3.725842237472534,-4.495094299316406,0.17590399086475372,0.18489830195903778,0.23738884925842285,0.22074593603610992,0.18106287717819214
O=CCC1=CC=CC=C1,9,-0.40893539786338806,-0.6453150510787964,0.1972949355840683,0.19591212272644043,0.2030029594898224,0.21241401135921478,0.1913760006427765
CC(C)(C)C1CCC(O)CC1,11,-1.149999976158142,-1.5238205194473267,0.1859743297100067,0.20330500602722168,0.1902645230293274,0.2134794443845749,0.20697680115699768
c1cco[n]1,5,1.659999966621399,2.1367409229278564,0.20129497349262238,0.1944398432970047,0.20304299890995026,0.20589494705200195,0.1953272521495819
CC/C=C/C,5,1.1886247396469116,1.9330049753189087,0.2021515965461731,0.1999809890985489,0.20204639434814453,0.20489224791526794,0.19092871248722076
CCCC#N,5,1.2899999618530273,1.3987277746200562,0.1987718939781189,0.1936168074607849,0.198904350399971,0.22011256217956543,0.18859437108039856
CCC/C=C/CC,7,0.2787536084651947,0.9033523797988892,0.19918645918369293,0.1950681507587433,0.20049917697906494,0.21524010598659515,0.1900061070919037
OCCOc1ccc(Cl)cc1Cl,12,-3.700000047683716,-3.340860605239868,0.21572144329547882,0.1973240077495575,0.18343858420848846,0.20668739080429077,0.19682857394218445
CCCCCCCCCCCCCCCCCCCCBr,21,-6.079999923706055,-5.917970657348633,0.19993792474269867,0.1964898556470871,0.20228807628154755,0.20281808078289032,0.19846604764461517
Clc1ccc(-c2cc(Cl)c(Cl)cc2Cl)c(Cl)c1Cl,18,-5.420000076293945,-5.954917907714844,0.21131621301174164,0.2047020047903061,0.20016250014305115,0.1998433917760849,0.18397584557533264
CCCCCCCCCCCCCCCCCCCCCC,22,-5.889999866485596,-5.712466239929199,0.19617272913455963,0.19762200117111206,0.20267009735107422,0.20196731388568878,0.20156779885292053
CCCI,4,1.6299999952316284,1.8803128004074097,0.20099197328090668,0.19658492505550385,0.20600606501102448,0.21116308867931366,0.18525396287441254
O=C1C(Cl)C(CN1c1cc(ccc1)C(F)(F)F)CCl,19,-5.480000019073486,-6.028669357299805,0.21391649544239044,0.19915898144245148,0.20218920707702637,0.18844830989837646,0.19628703594207764
CCCCCCCCOC(=O)CCCCC(=O)OCCCCCCCC,26,-6.070000171661377,-6.301929473876953,0.20832175016403198,0.19985875487327576,0.20852838456630707,0.2073201984167099,0.1759708970785141
C1C2C=CC1C=C2,7,1.4065401554107666,0.6339711546897888,0.20026525855064392,0.1993560940027237,0.20128357410430908,0.2045302540063858,0.19456477463245392
OC(=O)C(F)(F)C(F)(F)C(F)(F)C(F)(F)C(F)(F)C(F)(F)F,22,-0.8799999952316284,-0.2931196391582489,0.1759343445301056,0.18613342940807343,0.22786547243595123,0.24138876795768738,0.16867797076702118
CCCC=C(C)C,7,0.2787536084651947,1.1001242399215698,0.1987912654876709,0.19663679599761963,0.198952779173851,0.21831734478473663,0.187301903963089
CC(=O)C1=C(O)C=CC=C1,10,-2.126098394393921,-2.513129234313965,0.19482293725013733,0.17765286564826965,0.20450858771800995,0.24865221977233887,0.1743633896112442
CC(C)(C)C(=O)OC(=O)C(C)(C)C,13,-0.36000001430511475,-0.8028773665428162,0.19101940095424652,0.20133644342422485,0.21581561863422394,0.2116924226284027,0.18013614416122437
CCCCCCCCCCCCCCBr,15,-3.3499999046325684,-3.4688162803649902,0.18887484073638916,0.2012331336736679,0.20440012216567993,0.2120143622159958,0.19347749650478363
CC1CCCCC1C,8,1.2000000476837158,0.15812456607818604,0.19818957149982452,0.19898594915866852,0.20086684823036194,0.2085219770669937,0.1934356391429901
Cc1ccccc1C,8,0.8199999928474426,0.23679187893867493,0.19953887164592743,0.1951311230659485,0.20102699100971222,0.20780585706233978,0.19649717211723328
CCCC/C=C/CC,8,-0.18045605719089508,0.4967953860759735,0.1989336758852005,0.19640012085437775,0.20048822462558746,0.21224632859230042,0.1919316202402115
COP(=S)(OC)Oc1ccc([N+](=O)[O-])c(C)c1,17,-4.267606258392334,-5.824228286743164,0.2005370706319809,0.19834181666374207,0.22254619002342224,0.2197287678718567,0.15884624421596527
CS(=O)(=O)N(C)S(=O)(=O)NC(O)=Nc1[n]c(cc([n]1)OC)OC,23,-6.78000020980835,-9.916078567504883,0.20597462356090546,0.194390669465065,0.251953125,0.1966703236103058,0.15101128816604614
COC(F)(F)C(F)(F)C(F)(F)F,12,2.75,2.8016622066497803,0.1999913603067398,0.18957696855068207,0.2027055025100708,0.20953872799873352,0.1981874704360962
CCCCCCCCOC(=O)C=C,13,-0.9900000095367432,-1.172136664390564,0.19628146290779114,0.2013687938451767,0.2063654512166977,0.2052566558122635,0.1907276064157486
Cc1ccccc1C(C)C,10,0.18000000715255737,-0.14153334498405457,0.19853396713733673,0.19365669786930084,0.19969922304153442,0.21357692778110504,0.1945330947637558
OCCS,4,0.23999999463558197,0.26622769236564636,0.20445121824741364,0.1847211718559265,0.19467267394065857,0.21942442655563354,0.19673052430152893
C/C=C(/C)C(C)C,7,0.36172783374786377,1.0728315114974976,0.19733545184135437,0.19640682637691498,0.19766436517238617,0.22306114435195923,0.18553227186203003
CCCCCCOC(C)=O,10,0.11999999731779099,0.29226556420326233,0.19729579985141754,0.2019491195678711,0.20631027221679688,0.20672377943992615,0.18772101402282715
S1C2=C(C=CC=C2)C2=C1C=C1C=CC=CC1=C2,17,-6.045757293701172,-7.984655380249023,0.19946438074111938,0.19438961148262024,0.20920832455158234,0.20044316351413727,0.1964944750070572
C=CC(O)=O,5,0.6000000238418579,0.9714956879615784,0.18979617953300476,0.1876276284456253,0.19803465902805328,0.2009609043598175,0.22358064353466034
FC(F)OC(F)C(F)(F)F,10,2.819999933242798,3.2947375774383545,0.20034541189670563,0.19310255348682404,0.20241454243659973,0.2068268358707428,0.19731061160564423
Nc1c(Cl)cc(cc1Cl)[N+]([O-])=O,12,-5.920000076293945,-6.349199295043945,0.21109086275100708,0.15679144859313965,0.24706794321537018,0.21848347783088684,0.16656631231307983
Cc1ccc(C=C)c[n]1,9,0.07000000029802322,0.2894095480442047,0.1994236707687378,0.19222813844680786,0.20243461430072784,0.20899085700511932,0.1969226747751236
N#Cc1c[nH]cc1-c1cccc(Cl)c1Cl,15,-7.079999923706055,-7.658890247344971,0.20868270099163055,0.18620990216732025,0.1886817216873169,0.1890922486782074,0.22733338177204132
CN(C)N=O,5,0.4300000071525574,1.0389386415481567,0.19562062621116638,0.18681111931800842,0.1982654631137848,0.20699293911457062,0.2123098373413086
CC(C)[N+]([O-])=O,6,1.2400000095367432,1.0759844779968262,0.19265644252300262,0.19097158312797546,0.20182205736637115,0.23369881510734558,0.1808510422706604
CC(O)COC1=CC=CC=C1,11,-2.661543607711792,-2.205393075942993,0.2003571093082428,0.18221448361873627,0.21576960384845734,0.20566576719284058,0.19599299132823944
Clc1cc(Cl)c(cc1)-c1cc(Cl)c(Cl)cc1,16,-4.340000152587891,-4.598172187805176,0.21260376274585724,0.20627205073833466,0.1935333013534546,0.19965451955795288,0.18793639540672302
COP(=S)(OC)SCN1N=Nc2ccccc2C1=O,19,-5.800000190734863,-7.53112268447876,0.2009107917547226,0.19805343449115753,0.2111329585313797,0.20710095763206482,0.18280185759067535
CCc1c[n]ccc1,8,0.4000000059604645,0.5010262131690979,0.1997157335281372,0.19098231196403503,0.2025192528963089,0.21005848050117493,0.1967242807149887
Cc1cc(F)ccc1,8,1.340000033378601,0.7563123106956482,0.19953452050685883,0.19340543448925018,0.20177119970321655,0.20966143906116486,0.1956273466348648
CN(OC)C(=O)Nc1ccc(Br)cc1,14,-5.519999980926514,-6.493161201477051,0.20642398297786713,0.18560227751731873,0.18824368715286255,0.1894216239452362,0.2303084433078766
O=C1C2=C(C=CC=C2)C2=C1C=CC=C2,14,-4.242603778839111,-5.937154293060303,0.18873992562294006,0.19280733168125153,0.199753999710083,0.2037249207496643,0.2149738222360611
C/C(=C\C(=O)NC)/OP(=O)(OC)OC,14,-5.659999847412109,-6.144216537475586,0.19872339069843292,0.18087317049503326,0.22756187617778778,0.22248610854148865,0.17035551369190216
Cc1cc2[n]c3SC(=O)Sc3[n]c2cc1,15,-6.699999809265137,-6.899522304534912,0.2085757851600647,0.18961656093597412,0.2624422013759613,0.1805742233991623,0.15879128873348236
CCOP(C)(=O)SCCN(C(C)C)C(C)C,16,-3.1549019813537598,-3.213453531265259,0.21703164279460907,0.20654401183128357,0.20540857315063477,0.2007075399160385,0.17030829191207886
C(Cc1ccccc1)c1ccccc1,14,-2.140000104904175,-2.750281572341919,0.20008572936058044,0.2008005827665329,0.19913436472415924,0.20199520885944366,0.19798415899276733
CCOP(=S)(OCC)Oc1ccc([N+](=O)[O-])cc1,18,-5.175223350524902,-6.00369930267334,0.2026885449886322,0.19450914859771729,0.21772706508636475,0.2276715636253357,0.1574036329984665
CCC(C)C(C)C,7,1.838219165802002,1.1137250661849976,0.1989157646894455,0.19626305997371674,0.20068512856960297,0.2194414883852005,0.1846945583820343
COc1cc(CC=C)ccc1O,12,-1.649999976158142,-2.462820529937744,0.20566432178020477,0.18411894142627716,0.2185562402009964,0.2177811563014984,0.17387932538986206
CC(C)=C(C)C,6,0.6194064021110535,1.88082754611969,0.2017146795988083,0.20198391377925873,0.200596421957016,0.20605653524398804,0.18964846432209015
Cc1cc(N)ccc1C,9,-1.5499999523162842,-1.7280863523483276,0.2018992155790329,0.1810857057571411,0.20269861817359924,0.2180681675672531,0.19624826312065125
CCC1=CC(C)=CC=C1,9,0.4828735888004303,0.01716100424528122,0.19919002056121826,0.19412384927272797,0.200790137052536,0.2100066840648651,0.19588924944400787
C[Si](C)(C)O[Si](C)(C)O[Si](C)(C)O[Si](C)(C)O[Si](C)(C)C,21,-0.9900000095367432,-0.9510514736175537,0.18248027563095093,0.1867637187242508,0.2074754238128662,0.2014836221933365,0.2217969447374344
CC(C)C12CCC(C)(CC1)O2,11,0.2855572998523712,-0.6101677417755127,0.19798801839351654,0.21323594450950623,0.20021507143974304,0.20499777793884277,0.18356329202651978
NC(=O)N=NC(N)=O,8,-9.729999542236328,-6.993788242340088,0.2084573209285736,0.14118732511997223,0.22569327056407928,0.19927215576171875,0.22538988292217255
CN1C=CC(=O)N(C)C1=O,10,-2.259999990463257,-1.1548019647598267,0.19780956208705902,0.2168334573507309,0.1952790468931198,0.19652841985225677,0.19354946911334991
CC(C)C1CCCCC1,9,0.6800000071525574,0.04845672845840454,0.197983056306839,0.19703149795532227,0.20102906227111816,0.2105110138654709,0.19344542920589447
CC(C)CCCCCCC1=CC=C(O)C=C1,16,-4.025949001312256,-4.080023288726807,0.20882923901081085,0.20087149739265442,0.1853366643190384,0.2193300873041153,0.18563251197338104
Cc1cc(Cl)ccc1OCC(O)=O,13,-5.230000019073486,-5.231656074523926,0.19201377034187317,0.16931268572807312,0.2121516615152359,0.20880474150180817,0.21771711111068726
C=Cc1ccc(Br)cc1,9,-0.10999999940395355,-0.320234477519989,0.19937631487846375,0.19430401921272278,0.20284639298915863,0.20978756248950958,0.19368571043014526
C=CCCCCCCCCC(O)=O,13,-3.0299999713897705,-4.0181193351745605,0.18095842003822327,0.18907366693019867,0.19477973878383636,0.22077064216136932,0.2144174426794052
CCc1ccc(N)cc1,9,-0.8399999737739563,-1.2551989555358887,0.20543009042739868,0.1877443492412567,0.1942899227142334,0.20909090340137482,0.20344477891921997
Oc1cc(Cl)cc(Cl)c1,9,-2.069999933242798,-1.862883448600769,0.21515589952468872,0.18577222526073456,0.1919526755809784,0.22100399434566498,0.18611516058444977
Oc1cccc2ccc[n]c21,11,-2.7799999713897705,-4.256370544433594,0.20343966782093048,0.1772409975528717,0.1966521292924881,0.23126566410064697,0.19140152633190155
Clc1ccc2c(oc3cc(Cl)c(Cl)cc23)c1Cl,17,-7.679999828338623,-8.417004585266113,0.20144353806972504,0.18450114130973816,0.21874842047691345,0.18074169754981995,0.21456514298915863
CCC(=O)OC,6,1.9199999570846558,1.401708960533142,0.19736811518669128,0.19449947774410248,0.2082923799753189,0.21543867886066437,0.18440136313438416
CC(C)C(O)CCC,8,0.12999999523162842,0.40021488070487976,0.19448459148406982,0.18919648230075836,0.19395408034324646,0.21391913294792175,0.208445742726326
Cc1ccccc1O,8,-0.5199999809265137,-1.0475496053695679,0.1960083246231079,0.18491050601005554,0.19425931572914124,0.23705731332302094,0.1877644956111908
c1ccc[s]1,5,1.899999976158142,1.6729518175125122,0.2007014900445938,0.19354942440986633,0.20358966290950775,0.2066708207130432,0.1954885721206665
[O-][N+](=O)c1ccc(F)cc1O,11,-1.6399999856948853,-2.605520725250244,0.18962568044662476,0.18161307275295258,0.19958274066448212,0.25378337502479553,0.17539511620998383
CCCCC(CC)CO,9,-0.8664610981941223,-0.993068277835846,0.19360311329364777,0.19630329310894012,0.1957751214504242,0.21327415108680725,0.20104435086250305
OC(=O)C1CC(=O)C(C(=O)C1)=C(O)C1CC1,16,-7.760000228881836,-8.809178352355957,0.1809169501066208,0.1817665845155716,0.23791038990020752,0.21097350120544434,0.18843264877796173
C\C=C/C,4,1.6603597402572632,2.3965890407562256,0.20318572223186493,0.20281679928302765,0.2026980072259903,0.19922751188278198,0.19207195937633514
CC(C)OC(=O)C(O)(c1ccc(Br)cc1)c1ccc(Br)cc1,22,-7.090000152587891,-6.674318313598633,0.21307587623596191,0.19690662622451782,0.21176165342330933,0.2085850089788437,0.16967080533504486
CCCCOCCOCCOCCO,14,-2.5999999046325684,-2.4913384914398193,0.20545557141304016,0.19511625170707703,0.20458419620990753,0.19665174186229706,0.19819220900535583
Cc1cc(ccc1O)C(C)(C)C,12,-1.5499999523162842,-2.0552573204040527,0.20016992092132568,0.18478743731975555,0.1864110231399536,0.24539504945278168,0.18323661386966705
CCC=C(C)C,6,0.7140110731124878,1.6129688024520874,0.20055650174617767,0.19916313886642456,0.2000870704650879,0.21142107248306274,0.18877224624156952
CCCCCCC(C)C,9,0.7900000214576721,0.16803967952728271,0.1972084939479828,0.20232757925987244,0.19951306283473969,0.21278534829616547,0.18816547095775604
CCC(C)CC(C)C,8,1.482873558998108,0.8520765900611877,0.19841840863227844,0.19621217250823975,0.2009352445602417,0.22023917734622955,0.18419502675533295
CNC(=O)N(C)c1[n]c2ccccc2[s]1,15,-6.949999809265137,-9.038175582885742,0.20323516428470612,0.17130041122436523,0.22716182470321655,0.18820364773273468,0.21009904146194458
CC(C)C(C)C,6,2.369999885559082,1.70059072971344,0.20001207292079926,0.19893155992031097,0.20053786039352417,0.21517632901668549,0.1853421926498413
CCCCCCCCCCOC(=O)Cl,14,-1.590000033378601,-2.354217529296875,0.19311539828777313,0.20374834537506104,0.20914192497730255,0.20279289782047272,0.19120143353939056
C1COCCN1,6,-0.4333268702030182,1.0104836225509644,0.20021845400333405,0.1893116533756256,0.19524648785591125,0.20331211388111115,0.21191130578517914
CCC(CC)(CC)CC,9,0.8600000143051147,-0.12933816015720367,0.19673970341682434,0.20417939126491547,0.19982179999351501,0.21102339029312134,0.18823571503162384
CC(C)CCC(C)C,8,1.4800000190734863,0.825978696346283,0.1976386457681656,0.1980952024459839,0.2000552862882614,0.22094206511974335,0.18326881527900696
Fc1c(F)c(F)c(Br)c(F)c1F,12,0.8999999761581421,1.2614425420761108,0.19967931509017944,0.18939219415187836,0.2027234137058258,0.2122320532798767,0.1959730088710785
CC(O)CN,5,-0.33000001311302185,-0.14470383524894714,0.20755980908870697,0.18428629636764526,0.19329126179218292,0.22029462456703186,0.1945679932832718
CC(C)C(C(C)C)C(C)C,10,-0.7577071189880371,0.5542153716087341,0.19329223036766052,0.21380595862865448,0.19753354787826538,0.21643413603305817,0.17893420159816742
CCCC(=O)CC,7,1.1430147886276245,0.8365079164505005,0.19698843359947205,0.19311220943927765,0.19873633980751038,0.22388426959514618,0.18727874755859375
CCOC(C)OCC,8,1.4409090280532837,1.5226327180862427,0.1990811675786972,0.2013990581035614,0.2045639455318451,0.2042803317308426,0.19067548215389252
O=C(OCc1ccccc1)c1ccccc1,16,-3.6500000953674316,-3.6427929401397705,0.2001175731420517,0.2018846571445465,0.20343731343746185,0.20162935554981232,0.19293110072612762
CC(C)CC(C)C,7,1.899999976158142,1.2406429052352905,0.1991848349571228,0.19683998823165894,0.20080983638763428,0.21846386790275574,0.18470142781734467
CCCCCCC(C)Cl,9,0.14000000059604645,0.2681998908519745,0.19821326434612274,0.20207451283931732,0.20222868025302887,0.2069152593612671,0.1905682384967804
Nc1[n]c[nH][n]1,6,-6.360000133514404,-5.321002006530762,0.21590396761894226,0.14996394515037537,0.17458753287792206,0.22153408825397491,0.2380104809999466
C/C(/C=C/CC(C)CCCC(C)C)=C\C(=O)OCC#C,20,-5.139999866485596,-4.206510066986084,0.20259223878383636,0.19741190969944,0.21539930999279022,0.21496111154556274,0.16963541507720947
FC(F)(Cl)C(F)(Cl)Cl,8,2.559999942779541,2.4739208221435547,0.20035280287265778,0.19344653189182281,0.20312392711639404,0.20704559981822968,0.1960311084985733
FC(Cl)(Cl)Cl,5,1.3768688440322876,2.346304178237915,0.20071068406105042,0.19516266882419586,0.2053660750389099,0.20522305369377136,0.19353751838207245
CCCCCCCCCCCCCCC=C,16,-3.698970079421997,-3.261484384536743,0.18735463917255402,0.2026885598897934,0.19842764735221863,0.21114566922187805,0.20038342475891113
CCOP(=S)(CC)Oc1cc(Cl)c(Cl)cc1Cl,17,-4.823908805847168,-4.793673515319824,0.22172382473945618,0.21380265057086945,0.20953039824962616,0.1967965066432953,0.15814660489559174
Cc1cc(ccc1C)[N+]([O-])=O,11,-2.440000057220459,-1.982802391052246,0.18500591814517975,0.1835298240184784,0.20323990285396576,0.2450784295797348,0.18314597010612488
Clc1ccc2oc3cc(Cl)c(Cl)cc3c2c1Cl,17,-7.739999771118164,-8.38866901397705,0.20188342034816742,0.18487535417079926,0.2194688767194748,0.17844434082508087,0.21532796323299408
COC1=CC=CC(OC)=C1OC,12,-1.221848726272583,-2.69537353515625,0.18478792905807495,0.1906408965587616,0.2644084692001343,0.18699750304222107,0.1731652021408081
COc1ccccc1OC,10,-0.33000001311302185,-1.0999239683151245,0.1940515786409378,0.1951710432767868,0.22570696473121643,0.19970308244228363,0.18536733090877533
CN(C)C(=O)Nc1ccccc1,12,-4.429999828338623,-4.784459590911865,0.1992228925228119,0.18025557696819305,0.17605704069137573,0.1965947300195694,0.2478698492050171
CC(C)C1CCCC1,8,-0.22105327248573303,0.3093622028827667,0.19934239983558655,0.19387687742710114,0.20228487253189087,0.20945096015930176,0.1950448751449585
OCCN(CCO)CCO,10,-5.440000057220459,-5.596147537231445,0.2116771936416626,0.17649710178375244,0.19732187688350677,0.21317073702812195,0.20133310556411743
Clc1c(Cl)c(ccc1Cl)-c1cc(Cl)c(Cl)cc1,17,-5.190000057220459,-5.292812347412109,0.21257159113883972,0.20518608391284943,0.19571422040462494,0.20064865052700043,0.18587948381900787
O=C(C(c1ccc(Cl)cc1)c1ccccc1)C1C(=O)c2ccccc2C1=O,27,-9.119999885559082,-10.716028213500977,0.19963978230953217,0.1982559859752655,0.2038068026304245,0.2008809596300125,0.19741642475128174
CCCCCCCCCCI,11,-1.850000023841858,-1.8039988279342651,0.19233480095863342,0.20206718146800995,0.2062237411737442,0.21086923778057098,0.18850503861904144
CCCSSCCC,8,-0.28999999165534973,0.10148008912801743,0.19685345888137817,0.20658227801322937,0.20933429896831512,0.1990496814250946,0.1881803423166275
CCCCC(C)(C)C,8,1.5299999713897705,0.686473548412323,0.19859713315963745,0.19367149472236633,0.2009037435054779,0.22046400606632233,0.18636368215084076
CC1(C)C(C)C(C)(C)c2cc3COCC(C)c3cc12,19,-3.259999990463257,-4.595160961151123,0.22117990255355835,0.20367714762687683,0.19799765944480896,0.19767263531684875,0.1794726550579071
CC(C)(C)Br,5,2.130000114440918,1.694491982460022,0.19730539619922638,0.1949225664138794,0.19979825615882874,0.2259717881679535,0.182001993060112
CCCCCC(O)=O,8,-1.3600000143051147,-1.4403270483016968,0.18933358788490295,0.18065781891345978,0.19161245226860046,0.2216266542673111,0.21676959097385406
CCCSP(=S)(OCC)Oc1ccc(SC)cc1,18,-5.92081880569458,-6.1794257164001465,0.21054081618785858,0.19992239773273468,0.20946334302425385,0.18781507015228271,0.19225843250751495
O=C(Cl)/C=C/C(=O)Cl,8,0.3199999928474426,-0.8042773604393005,0.19510933756828308,0.18912968039512634,0.20484556257724762,0.2227637618780136,0.18815173208713531
CCCCCCCI,8,-0.3499999940395355,-0.2812431752681732,0.1967867910861969,0.19971096515655518,0.2052600085735321,0.20951944589614868,0.18872280418872833
OCCC1CCCCC1,9,-0.7799999713897705,-1.3988500833511353,0.19003130495548248,0.1889973133802414,0.19292254745960236,0.2229287177324295,0.20512017607688904
NS(=O)(=O)C(F)(F)C(F)(F)C(F)(F)C(F)(F)C(F)(F)C(F)(F)C(F)(F)C(F)(F)F,29,-0.6100000143051147,-1.2942864894866943,0.19670023024082184,0.1956668347120285,0.1993590146303177,0.20664246380329132,0.20163153111934662
CC(C)(C)NSc1[n]c2ccccc2[s]1,15,-6.340000152587891,-6.100133895874023,0.2103290557861328,0.18316036462783813,0.23802125453948975,0.19789603352546692,0.1705932915210724
CC1CCCC(C)C1,8,1.330413818359375,0.2876940369606018,0.19927838444709778,0.1949731558561325,0.20207993686199188,0.20868408679962158,0.19498440623283386
C=CC=O,4,2.440000057220459,1.8416210412979126,0.19582301378250122,0.19482704997062683,0.19813762605190277,0.22780588269233704,0.18340644240379333
Nc1ccc(O)c2c1C(=O)c1ccccc1C2=O,18,-8.520000457763672,-10.715638160705566,0.19821137189865112,0.17999373376369476,0.21528252959251404,0.19800253212451935,0.2085099071264267
O=C1CCO1,5,0.5314789414405823,0.15565067529678345,0.19371555745601654,0.18427106738090515,0.1988573521375656,0.20706148445606232,0.21609452366828918
CC(=O)CCC(=O)OCC,10,-0.6800000071525574,-0.510007917881012,0.19422833621501923,0.1961085945367813,0.20720571279525757,0.21703115105628967,0.18542622029781342
C=CC#C,4,3.130000114440918,2.4482858180999756,0.20306435227394104,0.2031780332326889,0.20360605418682098,0.20009255409240723,0.19005902111530304
c1c2-c3cccc4cccc(c43)-c2cc2ccccc21,20,-9.020000457763672,-9.421881675720215,0.19940614700317383,0.1976918876171112,0.20181962847709656,0.200399249792099,0.2006831020116806
CCOC=C,5,2.7100000381469727,2.4070374965667725,0.2016301453113556,0.2013424038887024,0.2026599943637848,0.2030651867389679,0.19130228459835052
CC(C)C(C(=O)OC(C#N)c1cc(ccc1)Oc1ccccc1)c1ccc(Cl)cc1,30,-8.819999694824219,-10.046521186828613,0.19951944053173065,0.19749636948108673,0.2124953418970108,0.19903935492038727,0.19144950807094574
CCCCCCCCSC(=O)Oc1cc(Cl)[n][n]c1-c1ccccc1,25,-9.010000228881836,-9.927966117858887,0.19159452617168427,0.1872337907552719,0.21935459971427917,0.20188648998737335,0.1999305933713913
FC(F)OC(C(F)(F)F)C(F)(F)F,13,2.5899999141693115,2.7566897869110107,0.1993875801563263,0.18666674196720123,0.20310668647289276,0.21237444877624512,0.1984645426273346
CCOP(=O)(OCC)SCc1ccccc1,16,-4.392544746398926,-3.960681676864624,0.22596614062786102,0.2127925157546997,0.19963093101978302,0.19428211450576782,0.16732823848724365
Cc1cc(ccc1)[N+]([O-])=O,10,-0.6899999976158142,-1.4770076274871826,0.18907225131988525,0.1857014149427414,0.19747482240200043,0.24110114574432373,0.18665041029453278
CC=O,3,2.9600000381469727,2.2184488773345947,0.19711436331272125,0.19563840329647064,0.19825543463230133,0.22511057555675507,0.1838812232017517
CC(C)(CC)CC,7,1.9199999570846558,0.9136444926261902,0.19873365759849548,0.19392022490501404,0.20050020515918732,0.22010406851768494,0.18674182891845703
CCCC(Br)CBr,7,0.15000000596046448,0.28200647234916687,0.1940288245677948,0.20703725516796112,0.20584118366241455,0.21497394144535065,0.1781187504529953
CCC1CO1,5,2.259999990463257,1.8484164476394653,0.202361598610878,0.1936327964067459,0.20278963446617126,0.20807841420173645,0.19313760101795197
CCC(=O)CCC,7,1.1399999856948853,0.8365079164505005,0.19698843359947205,0.19311220943927765,0.19873633980751038,0.22388426959514618,0.18727874755859375
NCCO,4,-1.6925039291381836,-0.08493144065141678,0.20596683025360107,0.18443447351455688,0.19285783171653748,0.22251556813716888,0.19422531127929688
CCC,3,3.8499999046325684,2.5715177059173584,0.20419956743717194,0.20220768451690674,0.20244166254997253,0.20080111920833588,0.19034993648529053
COC1=CC(C=O)=C(OC)C=C1,12,-2.0,-3.4124531745910645,0.178730309009552,0.18242432177066803,0.26945605874061584,0.19979742169380188,0.16959185898303986
CCCCCC(C)C,8,1.3200000524520874,0.6267128586769104,0.19842015206813812,0.19661849737167358,0.20012447237968445,0.21804872155189514,0.18678821623325348
Cc1ccc(cc1N=C=O)N=C=O,13,-2.0999999046325684,-1.8715602159500122,0.19749203324317932,0.2034294307231903,0.20568706095218658,0.206340029835701,0.18705140054225922
CCOC(=O)OCC,8,1.0299999713897705,1.123510479927063,0.19386988878250122,0.1958571821451187,0.21122173964977264,0.21116670966148376,0.18788447976112366
CC1=CC(C)=C(C)C(C)=C1C,11,-1.5228787660598755,-2.139347791671753,0.17935986816883087,0.19293735921382904,0.21925081312656403,0.23315948247909546,0.17529252171516418
CCCCCCCC/C=C\CCCCCCCC(=O)OC,21,-5.199999809265137,-5.248387813568115,0.2021065354347229,0.199797585606575,0.20457454025745392,0.20861773192882538,0.18490362167358398
Cc1ccc(O)c(c1)C(C)(C)C,12,-1.600000023841858,-1.9050359725952148,0.2015560418367386,0.18518076837062836,0.18756689131259918,0.2414383590221405,0.18425793945789337
CC(C)(CC)c1ccc(O)cc1,12,-2.700000047683716,-2.5202367305755615,0.19649411737918854,0.19375139474868774,0.18259890377521515,0.2462465614080429,0.18090897798538208
CC(C)(C)c1cc2cc3ccccc3cc2cc1,18,-6.190000057220459,-6.098162651062012,0.19971789419651031,0.19535425305366516,0.20428036153316498,0.19866624474525452,0.20198117196559906
C/C(/C=C/CC(C)CCCC(C)C)=C\C(=O)OCC,19,-3.609999895095825,-3.4176533222198486,0.20446273684501648,0.2033831775188446,0.20729035139083862,0.20799025893211365,0.17687346041202545
CC(=C)C(C)(C)C,7,0.5660837888717651,1.1288836002349854,0.19684560596942902,0.19528880715370178,0.1968683898448944,0.22593249380588531,0.18506473302841187
CCCCCCCCC1=CC=C(O)C=C1,15,-4.0087738037109375,-3.98203444480896,0.20541225373744965,0.20044738054275513,0.18748857080936432,0.2182331681251526,0.18841862678527832
Clc1cc(cc(Cl)c1)Oc1ccccc1,15,-3.0,-3.4420130252838135,0.20671354234218597,0.2096645087003708,0.19620069861412048,0.19553838670253754,0.1918829083442688
CC(C)C(C)C(C)C,8,-0.010149889625608921,0.8911608457565308,0.19675205647945404,0.20247574150562286,0.19984513521194458,0.21848277747631073,0.18244434893131256
CCCCC(C)Br,7,0.8600000143051147,0.7130027413368225,0.19619722664356232,0.20089665055274963,0.20248888432979584,0.21809124946594238,0.18232597410678864
CC\C(C)=C\C,6,0.6640775799751282,1.5837950706481934,0.20070847868919373,0.1994352489709854,0.20015572011470795,0.21084947884082794,0.18885108828544617
CC1CCC(C1)(C)C,8,0.14395111799240112,0.40011951327323914,0.19901476800441742,0.19353969395160675,0.2021351456642151,0.21141156554222107,0.19389881193637848
C=CC(=O)OCCOC(=O)C=C,12,-1.1799999475479126,-1.3044830560684204,0.18873055279254913,0.19145075976848602,0.221041738986969,0.22065582871437073,0.17812110483646393
CC(=O)OC(C)(C)C,8,1.6699999570846558,0.9186282753944397,0.1957765817642212,0.1937078833580017,0.20030780136585236,0.22718490660190582,0.1830228865146637
C=Cc1cc(ccc1)C=C,10,-0.23999999463558197,-0.3608929216861725,0.1968672275543213,0.1942581981420517,0.20952901244163513,0.20723916590213776,0.1921064555644989
CCC(O)=O,5,-0.8099485635757446,0.03605002909898758,0.1880914568901062,0.1825152039527893,0.1904212087392807,0.22138941287994385,0.21758268773555756
CCCCC(O)=O,7,-0.7099999785423279,-0.9741140007972717,0.19123418629169464,0.1823555827140808,0.19323937594890594,0.2183932512998581,0.21477755904197693
CC(O)(CC)CC,7,0.75,0.6797328591346741,0.1971006542444229,0.18843920528888702,0.19659735262393951,0.21236971020698547,0.20549307763576508
OC1(CCCCC1)C#C,9,-0.886056661605835,-1.0477639436721802,0.1865280121564865,0.18567317724227905,0.1966807246208191,0.2397627979516983,0.19135525822639465
Oc1ccccc1-c1ccccc1,13,-2.700000047683716,-4.0123491287231445,0.20216430723667145,0.19360731542110443,0.2013423889875412,0.21101678907871246,0.19186928868293762
CC1CCCC1(C)C,8,-0.0005214660195633769,0.3079151213169098,0.19806146621704102,0.19499994814395905,0.2010965794324875,0.21337048709392548,0.19247156381607056
CCC(C)CC(C)C,8,0.04016703739762306,0.8520765900611877,0.19841840863227844,0.19621217250823975,0.2009352296590805,0.22023917734622955,0.18419502675533295
CCCS,4,2.190000057220459,2.041910409927368,0.20409134030342102,0.1973101943731308,0.20528677105903625,0.20148484408855438,0.19182686507701874
CC1CCCCC1=O,8,0.3499999940395355,0.06710400432348251,0.1971340924501419,0.193802148103714,0.19950023293495178,0.2178540974855423,0.19170941412448883
CSC(=O)c1cccc2[n][n][s]c12,13,-5.480000019073486,-6.998588562011719,0.15297073125839233,0.17994125187397003,0.24559129774570465,0.21845820546150208,0.20303845405578613
Cc1cc[n]c2ccccc21,11,-2.200000047683716,-2.012859582901001,0.19680380821228027,0.19358552992343903,0.20639537274837494,0.20491349697113037,0.198301762342453
Cc1cc(ccc1NS(=O)(=O)C(F)(F)F)S(=O)(=O)c1ccccc1,24,-5.050000190734863,-7.607471942901611,0.21065443754196167,0.2017470896244049,0.2220800817012787,0.1938638687133789,0.17165449261665344
CC(C)OC=O,6,2.140000104904175,1.7592957019805908,0.19813959300518036,0.19779135286808014,0.20381103456020355,0.21382910013198853,0.18642891943454742
CC1=C(C)C(C)=C(C)C(C)=C1C,12,-3.0655014514923096,-2.7848727703094482,0.1744541972875595,0.20096533000469208,0.21964646875858307,0.23813650012016296,0.16679760813713074
CC(C)C(C)(C)C,7,2.009999990463257,1.1379108428955078,0.19770294427871704,0.19519108533859253,0.1989152878522873,0.2242792397737503,0.18391142785549164
[CH2]=[C]=[CH2],3,2.15999698638916,2.625779390335083,0.2025464028120041,0.203055739402771,0.202862948179245,0.200308695435524,0.19122613966464996
CC(C)C(=O)C(C)C,8,1.1299999952316284,1.0591686964035034,0.1964653879404068,0.19536690413951874,0.20040683448314667,0.2222820669412613,0.1854787915945053
NC1CCCCC1,7,1.0,0.3088262975215912,0.20026953518390656,0.1978447586297989,0.20049117505550385,0.20910967886447906,0.19228483736515045
CCCCOC(=O)CCCCCCCCC(=O)OCCCC,22,-5.329999923706055,-4.62957763671875,0.21641035377979279,0.20634889602661133,0.2148159146308899,0.18928098678588867,0.17314386367797852
CC(C)(C)C1CCCCC1,10,0.3700000047683716,-0.1914137899875641,0.1951070874929428,0.20270495116710663,0.1984776109457016,0.21375592052936554,0.18995435535907745
COP(=S)(OC)Oc1ccc([N+](=O)[O-])cc1Cl,17,-5.443697452545166,-6.374137878417969,0.19781091809272766,0.1961776614189148,0.22047331929206848,0.2238542139530182,0.16168388724327087
Oc1ccccc1,7,-0.46000000834465027,-0.8174799084663391,0.1949780285358429,0.18715324997901917,0.19502396881580353,0.23379634320735931,0.18904834985733032
C#CC1=CC=CC=C1,8,0.3138672113418579,0.46282169222831726,0.1997779756784439,0.19547976553440094,0.20165449380874634,0.20773057639598846,0.19535711407661438
CC(C)=CC(=O)C=C(C)C,10,-0.5600000023841858,0.14920660853385925,0.19578750431537628,0.19535501301288605,0.1987174153327942,0.22348083555698395,0.18665921688079834
COP(=O)OC,6,0.6600000262260437,1.2386274337768555,0.19949837028980255,0.19450654089450836,0.21024775505065918,0.20414140820503235,0.19160601496696472
CC(O)CC=O,6,0.1172712966799736,-0.2534727156162262,0.1933276355266571,0.1848413199186325,0.19520430266857147,0.21993809938430786,0.20668870210647583
CN(SN(CCC(=O)OCC)Cc1ccccc1)C(=O)O/N=C(/C)\SC,26,-7.460000038146973,-8.506085395812988,0.2007363885641098,0.19498932361602783,0.2005317211151123,0.2139398753643036,0.18980266153812408
CC(C)C1=CC=CC=C1,9,0.6532124876976013,0.10902594774961472,0.1994163542985916,0.1945660263299942,0.20109058916568756,0.20998349785804749,0.19494348764419556
COC1=CC(O)=C(C=C1)C(C)=O,12,-3.165579319000244,-4.102468967437744,0.18825264275074005,0.1700316071510315,0.2461368888616562,0.231975257396698,0.16360357403755188
C=CC=C,4,1.7730093002319336,2.3797037601470947,0.20186848938465118,0.20256513357162476,0.20258685946464539,0.20119449496269226,0.19178506731987
CCOP(=S)(OCC)Oc1ncn(-c2ccccc2)n1,20,-5.537601947784424,-5.941235542297363,0.21683701872825623,0.20958717167377472,0.21252833306789398,0.17138971388339996,0.1896577626466751
CCc1c(C)cccc1C,10,-0.12999999523162842,-0.27736181020736694,0.1983247846364975,0.19409121572971344,0.20028457045555115,0.2126968502998352,0.1946025937795639
CN(C)N,4,2.2100000381469727,1.9020094871520996,0.20065057277679443,0.19627296924591064,0.20141074061393738,0.20852622389793396,0.1931394636631012
CCOP(=O)(Sc1ccccc1)Sc1ccccc1,19,-6.570000171661377,-6.589798927307129,0.20975854992866516,0.20103976130485535,0.2075643688440323,0.20047445595264435,0.18116287887096405
ClCC(Cl)(Cl)Cl,6,1.0800000429153442,0.9255080819129944,0.19728370010852814,0.1988649219274521,0.2099742442369461,0.2049494832754135,0.18892762064933777
C=C(Br)CBr,5,0.8799999952316284,1.2816450595855713,0.1932910829782486,0.19571489095687866,0.20925508439540863,0.21979732811450958,0.18194162845611572
CCC(C)C(C)(C)CC,9,-0.4513649344444275,0.19592854380607605,0.19611436128616333,0.20538440346717834,0.19959522783756256,0.21399036049842834,0.18491563200950623
CC(C)=CC1C(C(=O)OCN2C(=O)C3CCCCC=3C2=O)C1(C)C,24,-5.150000095367432,-8.23393440246582,0.19774074852466583,0.19240747392177582,0.20045767724514008,0.2119753062725067,0.19741883873939514
CCCCCCCCCCCCC=C,14,-2.9586071968078613,-2.346370220184326,0.18834087252616882,0.20574218034744263,0.19417768716812134,0.21521548926830292,0.1965237557888031
CCOc1cc(ccc1[N+]([O-])=O)Oc1ccc(cc1Cl)C(F)(F)F,24,-6.699999809265137,-7.224091529846191,0.2035355120897293,0.19709637761116028,0.23099321126937866,0.20197449624538422,0.16640041768550873
CC1=CC=CC(C)=C1,8,0.9185545444488525,0.2610154449939728,0.19956737756729126,0.19347624480724335,0.20170746743679047,0.20888136327266693,0.1963675320148468
CC(C)=C(C)CC,7,1.7000000476837158,1.1777487993240356,0.19872917234897614,0.19855841994285583,0.1983523666858673,0.21751751005649567,0.18684260547161102
CCOC(=O)c1ccccc1C(=O)OCC,16,-2.680000066757202,-3.326185941696167,0.18941962718963623,0.21219679713249207,0.23799419403076172,0.1935930699110031,0.16679631173610687
OCCOCCOCCOCCO,13,-4.329999923706055,-3.442577838897705,0.2035878300666809,0.19212555885314941,0.20512033998966217,0.19813014566898346,0.20103618502616882
[O-][N+](=O)c1ccccc1Nc1ccccc1,16,-5.0,-6.576422691345215,0.20168210566043854,0.18977169692516327,0.2207949161529541,0.21511581540107727,0.17263548076152802
COP(=S)(OC)SCN1C(=O)c2ccccc2C1=O,19,-6.309999942779541,-7.252511978149414,0.20608559250831604,0.1991257220506668,0.21056422591209412,0.17036934196949005,0.21385516226291656
CCO,3,1.7699999809265137,1.2502096891403198,0.19107703864574432,0.18412216007709503,0.1861477643251419,0.22843165695667267,0.2102213203907013
COP(=S)(OC)Oc1ccc([N+](=O)[O-])cc1,16,-5.455932140350342,-6.069220542907715,0.193165123462677,0.1956971138715744,0.22860953211784363,0.22034522891044617,0.1621830016374588
Brc1cc2Oc3ccc(Br)cc3Oc2cc1,16,-5.949999809265137,-7.476918697357178,0.21455901861190796,0.18592508137226105,0.21944724023342133,0.1730932593345642,0.20697540044784546
Cc1cccc(C)c1,8,-0.4821445941925049,0.2610154449939728,0.19956737756729126,0.19347624480724335,0.20170746743679047,0.20888136327266693,0.1963675320148468
Cc1cc(Cl)ccc1N=CN(C)C,13,-3.0299999713897705,-3.178480386734009,0.18700458109378815,0.2227155566215515,0.20953162014484406,0.19651882350444794,0.18422941863536835
CCO[Si](C)(C)C,7,2.059999942779541,1.664383888244629,0.19746260344982147,0.21336397528648376,0.20232704281806946,0.2010972797870636,0.1857490837574005
CC(=NOC)c1cccc(Oc2[n]c(cc([n]2)OC)OC)c1C(=O)OC,26,-6.639999866485596,-9.279006004333496,0.2008988857269287,0.2006485015153885,0.2499758005142212,0.18009498715400696,0.16838176548480988
C[Si](C)(OCC)OCC,9,1.2999999523162842,1.2572070360183716,0.19578304886817932,0.218213751912117,0.20408383011817932,0.1993154138326645,0.18260394036769867
OCC(F)(F)C(F)(F)C(F)(F)F,12,1.5199999809265137,1.4204790592193604,0.18177632987499237,0.195474773645401,0.21070781350135803,0.21386724710464478,0.19817383587360382
Cc1cc(ccc1[N+]([O-])=O)OP(=S)(OC)OC,17,-4.269999980926514,-5.824228286743164,0.2005370706319809,0.19834180176258087,0.22254619002342224,0.2197287678718567,0.15884624421596527
FC(F)(Cl)CCl,6,2.5299999713897705,2.5308330059051514,0.20039002597332,0.19481049478054047,0.2042754739522934,0.2077755481004715,0.19274847209453583
CC1(C)CON(Cc2ccccc2Cl)C1=O,16,-3.8399999141693115,-5.4579010009765625,0.21643829345703125,0.1945909708738327,0.1794518232345581,0.19875311851501465,0.21076585352420807
COC(=O)CCCCC(=O)OC,12,-1.2200000286102295,-1.73812735080719,0.19034530222415924,0.20631007850170135,0.22156895697116852,0.19838863611221313,0.18338705599308014
CCCCCCCCCN,10,-0.5600000023841858,-0.8631377816200256,0.19585569202899933,0.20692670345306396,0.1962277740240097,0.21108272671699524,0.18990713357925415
CC(C)COC=C,7,1.7699999809265137,1.8530967235565186,0.2009415179491043,0.20023640990257263,0.20246830582618713,0.20657293498516083,0.18978086113929749
CCCCCCCCC(O)=O,11,-2.7799999713897705,-3.0155956745147705,0.17914262413978577,0.190185546875,0.18276245892047882,0.2262401431798935,0.2216692566871643
COC1=CC=CC=C1,8,0.5490032434463501,0.24528983235359192,0.19987569749355316,0.1973092406988144,0.2031991183757782,0.2059270739555359,0.19368889927864075
CCCCCCCCS,9,-0.3700000047683716,-0.3893156349658966,0.19634754955768585,0.20710565149784088,0.201615110039711,0.20397037267684937,0.1909613311290741
C1CSCCS1,6,-0.10000000149011612,-0.37299609184265137,0.19442708790302277,0.19900298118591309,0.20414476096630096,0.19290074706077576,0.2095244973897934
FC(Cl)(Cl)C(F)(Cl)Cl,8,1.7000000476837158,1.472275733947754,0.1997094452381134,0.19352230429649353,0.2029973268508911,0.20859394967556,0.19517698884010315
O=C1C2=C(CC3=C1C=CC=C3)C=CC=C2,15,-4.737548828125,-6.014885902404785,0.19253090023994446,0.19513794779777527,0.19623540341854095,0.2047937661409378,0.2113020420074463
FC(F)(F)c1ccccc1,10,1.590000033378601,1.2014641761779785,0.19959966838359833,0.1949213445186615,0.20177891850471497,0.20824189484119415,0.19545820355415344
CN(C)P(=O)(OP(=O)(N(C)C)N(C)C)N(C)C,17,-3.0,-5.14923620223999,0.2118835747241974,0.2249106764793396,0.21536117792129517,0.17558149993419647,0.172263041138649
CCCCCCO,7,-0.029999999329447746,-0.09380821138620377,0.19543509185314178,0.18751853704452515,0.1963542252779007,0.21617503464221954,0.20451706647872925
FC(F)(C(F)(F)F)C(F)(F)F,11,3.819999933242798,3.6621248722076416,0.20014731585979462,0.19165749847888947,0.202303946018219,0.2081703543663025,0.19772091507911682
Cc1cc(ccc1)C(O)=O,10,-3.630000114440918,-3.8029239177703857,0.18449406325817108,0.16483257710933685,0.20977464318275452,0.21331286430358887,0.2275858372449875
CN1CCCC1,6,2.0,1.166388988494873,0.2002483308315277,0.19304892420768738,0.2029331475496292,0.21000151336193085,0.19376811385154724
BrCCCBr,5,0.12999999523162842,0.9141170978546143,0.19615669548511505,0.20216965675354004,0.20822405815124512,0.2113332897424698,0.1821162849664688
CC(C)(C#N)/N=N/C(C)(C)C#N,12,-2.1700000762939453,-5.267683029174805,0.14256781339645386,0.1614917516708374,0.2350732982158661,0.21372421085834503,0.24714295566082
C1OCOCO1,6,1.2400000095367432,1.9668031930923462,0.1980525404214859,0.19071818888187408,0.21042458713054657,0.20817485451698303,0.1926298290491104
CCCCCCCCC=C,10,0.2199999988079071,-0.48346421122550964,0.1969895213842392,0.20054863393306732,0.1996607929468155,0.2090160995721817,0.19378496706485748
