index,count,geometry
0,7,"LINESTRING (127.0100787 35.9679017, 127.0101033 35.9680389)"
1,7,"LINESTRING (127.049475 35.9862998, 127.0495947 35.9863146)"
2,7,"LINESTRING (127.1319051 35.9615185, 127.1323897 35.9610367)"
3,7,"LINESTRING (127.0431255 35.9825792, 127.0431808 35.98262)"
4,7,"LINESTRING (127.0122476 35.9659839, 127.0122686 35.9659957)"
5,7,"LINESTRING (127.0096566 35.9688927, 127.009474 35.9690163)"
6,7,"LINESTRING (127.0097473 35.9642688, 127.0100336 35.9644205)"
7,7,"LINESTRING (127.0193707 35.9696956, 127.0194172 35.9697138)"
8,7,"LINESTRING (127.1445617 35.9578746, 127.1445333 35.9580341)"
9,7,"LINESTRING (127.0221423 35.9704379, 127.0222863 35.9704691)"
10,7,"LINESTRING (127.1392313 35.9563602, 127.1397024 35.9561452)"
11,7,"LINESTRING (127.1170539 35.9848476, 127.1171174 35.9848082)"
12,7,"LINESTRING (127.0587967 35.9876949, 127.0592721 35.987794)"
13,7,"LINESTRING (127.0431808 35.98262, 127.0432492 35.9826717)"
14,7,"LINESTRING (127.1437169 35.9551195, 127.1438845 35.9550848)"
15,7,"LINESTRING (127.1212921 35.9775257, 127.1216375 35.9769705)"
16,7,"LINESTRING (127.0222863 35.9704691, 127.0227161 35.9705601)"
17,7,"LINESTRING (127.1397024 35.9561452, 127.14007 35.9560273)"
18,7,"LINESTRING (127.1058102 35.9881273, 127.1062568 35.9880124)"
19,7,"LINESTRING (127.1324309 35.9609999, 127.1325835 35.9608642)"
20,7,"LINESTRING (127.0429996 35.9824832, 127.0430747 35.9825412)"
21,7,"LINESTRING (127.0149338 35.9672363, 127.0151174 35.9673208)"
22,7,"LINESTRING (127.0703246 35.988815, 127.0724847 35.989004)"
23,7,"LINESTRING (127.0675912 35.988597, 127.0692524 35.9887183)"
24,7,"LINESTRING (127.0093524 35.966266, 127.0100921 35.9651871)"
25,7,"LINESTRING (127.1220307 35.9763885, 127.1225922 35.9756374)"
26,7,"LINESTRING (127.1420807 35.955496, 127.1427645 35.9553276)"
27,7,"LINESTRING (127.0140767 35.9668451, 127.0147525 35.9671499)"
28,7,"LINESTRING (127.0122686 35.9659957, 127.0123206 35.9660238)"
29,7,"LINESTRING (127.1014256 35.9893092, 127.1018571 35.9893169)"
30,7,"LINESTRING (127.0079367 35.9674241, 127.0082213 35.9671323)"
31,7,"LINESTRING (127.1062568 35.9880124, 127.1077719 35.9876126)"
32,7,"LINESTRING (127.1204835 35.9802992, 127.120503 35.9801685)"
33,7,"LINESTRING (127.0091248 35.9668394, 127.0093276 35.9663263)"
34,7,"LINESTRING (127.117865 35.9841353, 127.1186329 35.9833695)"
35,7,"LINESTRING (127.0121935 35.9659494, 127.0122476 35.9659839)"
36,7,"LINESTRING (127.1293285 35.9646869, 127.1297516 35.9640959)"
37,7,"LINESTRING (127.102292 35.9893103, 127.1026361 35.9892816)"
38,7,"LINESTRING (127.120503 35.9801685, 127.120511 35.9801135)"
39,7,"LINESTRING (127.0289671 35.9711248, 127.0292004 35.9712375)"
40,7,"LINESTRING (127.1134125 35.9861243, 127.1138224 35.9860111)"
41,7,"LINESTRING (127.0489331 35.9861986, 127.0490051 35.9862187)"
42,7,"LINESTRING (127.0218288 35.9703852, 127.0221423 35.9704379)"
43,7,"LINESTRING (127.0078119 35.9676995, 127.0079367 35.9674241)"
44,7,"LINESTRING (127.0240151 35.9707059, 127.0242003 35.9707084)"
45,7,"LINESTRING (127.0905257 35.9887234, 127.0909865 35.9888422)"
46,7,"LINESTRING (127.1325835 35.9608642, 127.1326047 35.9608454)"
47,7,"LINESTRING (127.026853 35.9705819, 127.0271222 35.9706352)"
48,7,"LINESTRING (127.1445333 35.9580341, 127.1444241 35.9586414)"
49,7,"LINESTRING (127.0501811 35.9863881, 127.0524934 35.986706)"
50,7,"LINESTRING (127.0466873 35.9849243, 127.0475572 35.9854865)"
51,7,"LINESTRING (127.1336554 35.9600191, 127.1347145 35.959274)"
52,7,"LINESTRING (127.0582582 35.9875946, 127.0587967 35.9876949)"
53,7,"LINESTRING (127.0100197 35.9646954, 127.0099466 35.964513)"
54,7,"LINESTRING (127.0432492 35.9826717, 127.0432868 35.9826998)"
55,7,"LINESTRING (127.0884818 35.9885812, 127.0891607 35.9885844)"
56,7,"LINESTRING (127.0169403 35.9682974, 127.0170885 35.9683755)"
57,7,"LINESTRING (127.0945826 35.9895937, 127.0949675 35.9896094)"
58,7,"LINESTRING (127.1285556 35.9660865, 127.1285982 35.9659974)"
59,7,"LINESTRING (127.1189841 35.983019, 127.119168 35.9828357)"
60,7,"LINESTRING (127.1291833 35.9649146, 127.1293285 35.9646869)"
61,7,"LINESTRING (127.0098173 35.9687301, 127.0096566 35.9688927)"
62,7,"LINESTRING (127.0287944 35.9710637, 127.0289671 35.9711248)"
63,7,"LINESTRING (127.0151174 35.9673208, 127.0158393 35.9677006)"
64,7,"LINESTRING (127.0432868 35.9826998, 127.0441242 35.9832908)"
65,7,"LINESTRING (127.1297516 35.9640959, 127.1298376 35.9639753)"
66,7,"LINESTRING (127.1249989 35.9721747, 127.1262115 35.970241)"
67,7,"LINESTRING (127.0089202 35.9640625, 127.0084617 35.9639588)"
68,7,"LINESTRING (127.1270246 35.9690245, 127.1283248 35.9665826)"
69,7,"LINESTRING (127.0371095 35.9763857, 127.038206 35.9776134)"
70,7,"LINESTRING (127.0988332 35.989269, 127.0989464 35.9892658)"
71,7,"LINESTRING (127.1298376 35.9639753, 127.1300394 35.9637334)"
72,7,"LINESTRING (127.0324314 35.9732841, 127.0324856 35.9733168)"
73,7,"LINESTRING (127.1160819 35.9853548, 127.1167447 35.9850116)"
74,7,"LINESTRING (127.0351809 35.9746256, 127.0353047 35.9747)"
75,7,"LINESTRING (127.0078247 35.9684849, 127.0077499 35.9680329)"
76,7,"LINESTRING (127.0412534 35.9809835, 127.0416262 35.9813573)"
77,7,"LINESTRING (127.1203393 35.980992, 127.1204483 35.9804722)"
78,7,"LINESTRING (127.0429687 35.9824578, 127.0429996 35.9824832)"
79,7,"LINESTRING (127.1449556 35.9548617, 127.145038 35.9550251)"
80,7,"LINESTRING (127.03839 35.9778116, 127.0386656 35.9781083)"
81,7,"LINESTRING (127.1435307 35.9610054, 127.1434886 35.9612478)"
82,7,"LINESTRING (127.1208422 35.978608, 127.1209278 35.9783279)"
83,7,"LINESTRING (127.0286439 35.9710108, 127.0287944 35.9710637)"
84,7,"LINESTRING (127.1441033 35.9604373, 127.1440806 35.9605635)"
85,7,"LINESTRING (127.1285388 35.9661261, 127.1285556 35.9660865)"
86,7,"LINESTRING (127.1354321 35.958774, 127.1355222 35.9587112)"
87,7,"LINESTRING (127.0100255 35.9684307, 127.0098173 35.9687301)"
88,7,"LINESTRING (127.1356468 35.9586286, 127.1361374 35.958283)"
89,7,"LINESTRING (127.0252754 35.9706441, 127.0258316 35.970567)"
90,7,"LINESTRING (127.0661784 35.9885053, 127.0664457 35.988518)"
91,7,"LINESTRING (127.1186329 35.9833695, 127.1187834 35.9832195)"
92,7,"LINESTRING (127.0617545 35.9882557, 127.0620605 35.9882902)"
93,7,"LINESTRING (127.0914364 35.9889537, 127.0923247 35.9892164)"
94,7,"LINESTRING (127.0170885 35.9683755, 127.0171471 35.9684064)"
95,7,"LINESTRING (127.0485124 35.9860491, 127.0487958 35.9861539)"
96,7,"LINESTRING (127.0107064 35.9648434, 127.0110199 35.9650809)"
97,7,"LINESTRING (127.0342695 35.974183, 127.034472 35.9742766)"
98,7,"LINESTRING (127.0258316 35.970567, 127.0265039 35.9705372)"
99,7,"LINESTRING (127.1323897 35.9610367, 127.1324309 35.9609999)"
100,7,"LINESTRING (127.0233566 35.9706618, 127.0235184 35.970685)"
101,7,"LINESTRING (127.0099466 35.964513, 127.0096138 35.964335)"
102,7,"LINESTRING (127.1383864 35.9568247, 127.1386276 35.9566857)"
103,7,"LINESTRING (127.1283842 35.9664556, 127.1285265 35.9661531)"
104,7,"LINESTRING (127.0206782 35.970093, 127.020896 35.9702003)"
105,7,"LINESTRING (127.1285982 35.9659965, 127.1286553 35.9658704)"
106,7,"LINESTRING (127.1326514 35.960804, 127.1327182 35.9607438)"
107,7,"LINESTRING (127.1205836 35.9797802, 127.1207673 35.9789432)"
108,7,"LINESTRING (127.0085096 35.9669577, 127.0088175 35.9668471)"
109,7,"LINESTRING (127.0871585 35.9887669, 127.0873862 35.9887217)"
110,7,"LINESTRING (127.0815384 35.9898113, 127.0818314 35.9897979)"
111,7,"LINESTRING (127.0484206 35.9860028, 127.0485124 35.9860491)"
112,7,"LINESTRING (127.1138224 35.9860111, 127.1151686 35.9856539)"
113,7,"LINESTRING (127.1266872 35.9695491, 127.1270246 35.9690245)"
114,7,"LINESTRING (127.0366873 35.9759261, 127.0367369 35.9759831)"
115,7,"LINESTRING (127.0100336 35.9644205, 127.0103817 35.9646302)"
116,7,"LINESTRING (127.0123791 35.9660565, 127.0125871 35.9661502)"
117,7,"LINESTRING (127.0186678 35.9692898, 127.0187683 35.9693524)"
118,7,"LINESTRING (127.0498542 35.9863409, 127.0501811 35.9863881)"
119,7,"LINESTRING (127.092811 35.9893605, 127.0930204 35.9894162)"
120,7,"LINESTRING (127.0771117 35.9894468, 127.0774344 35.9894795)"
121,7,"LINESTRING (127.0724847 35.989004, 127.07312 35.9890657)"
122,7,"LINESTRING (127.0614397 35.9882041, 127.0617545 35.9882557)"
123,7,"LINESTRING (127.1447436 35.9549061, 127.1449556 35.9548617)"
124,7,"LINESTRING (127.1192304 35.9827692, 127.1192717 35.982726)"
125,7,"LINESTRING (127.0363743 35.9755805, 127.0365429 35.9757677)"
126,7,"LINESTRING (127.0147525 35.9671499, 127.0148465 35.9671944)"
127,7,"LINESTRING (127.1427645 35.9553276, 127.143143 35.9552386)"
128,7,"LINESTRING (127.1170028 35.9848772, 127.1170384 35.9848566)"
129,7,"LINESTRING (127.0244133 35.9707111, 127.0245652 35.9707117)"
130,7,"LINESTRING (127.0100854 35.9682417, 127.0100255 35.9684307)"
131,7,"LINESTRING (127.1386276 35.9566857, 127.1388211 35.9565781)"
132,7,"LINESTRING (127.0827195 35.9896874, 127.0828561 35.9896626)"
133,7,"LINESTRING (127.1020069 35.9893147, 127.102292 35.9893103)"
134,7,"LINESTRING (127.0927423 35.9893404, 127.092811 35.9893605)"
135,7,"LINESTRING (127.1052678 35.9883283, 127.1058102 35.9881273)"
136,7,"LINESTRING (127.0093647 35.9640905, 127.0096401 35.9642188)"
137,7,"LINESTRING (127.143026 35.9612979, 127.1430204 35.9612933)"
138,7,"LINESTRING (127.1447994 35.956558, 127.1445617 35.9578746)"
139,7,"LINESTRING (127.1197546 35.9821812, 127.119901 35.9819572)"
140,7,"LINESTRING (127.1218018 35.9767087, 127.1218766 35.9766043)"
141,7,"LINESTRING (127.0123206 35.9660238, 127.0123394 35.9660338)"
142,7,"LINESTRING (127.0127076 35.966203, 127.0133158 35.9664904)"
143,7,"LINESTRING (127.0626216 35.9883346, 127.0661784 35.9885053)"
144,7,"LINESTRING (127.0171471 35.9684064, 127.0172455 35.9684573)"
145,7,"LINESTRING (127.0958042 35.9895581, 127.0975071 35.9893484)"
146,7,"LINESTRING (127.0093276 35.9663263, 127.0093524 35.966266)"
147,7,"LINESTRING (127.1129912 35.9862979, 127.1130723 35.9862792)"
148,7,"LINESTRING (127.1442876 35.959401, 127.1442364 35.9596912)"
149,7,"LINESTRING (127.0085155 35.9638616, 127.0089762 35.9639699)"
150,7,"LINESTRING (127.0210754 35.9702452, 127.0212272 35.9702719)"
151,7,"LINESTRING (127.0265039 35.9705372, 127.026812 35.9705763)"
152,7,"LINESTRING (127.117397 35.9845647, 127.1175128 35.9844596)"
153,7,"LINESTRING (127.0106093 35.96477, 127.0107064 35.9648434)"
154,7,"LINESTRING (127.1207673 35.9789432, 127.1208422 35.978608)"
155,7,"LINESTRING (127.038206 35.9776134, 127.03839 35.9778116)"
156,7,"LINESTRING (127.0818314 35.9897979, 127.0821333 35.9897629)"
157,7,"LINESTRING (127.1026361 35.9892816, 127.1029314 35.9892448)"
158,7,"LINESTRING (127.0828561 35.9896626, 127.0832303 35.9895882)"
159,7,"LINESTRING (127.120154 35.981481, 127.1202571 35.9812496)"
160,7,"LINESTRING (127.119901 35.9819572, 127.120154 35.981481)"
161,7,"LINESTRING (127.120511 35.9801135, 127.1205564 35.9799099)"
162,7,"LINESTRING (127.1210032 35.9780946, 127.1211411 35.977784)"
163,7,"LINESTRING (127.129009 35.9651872, 127.1291833 35.9649146)"
164,7,"LINESTRING (127.0082213 35.9671323, 127.0085096 35.9669577)"
165,7,"LINESTRING (127.1434886 35.9612478, 127.1434262 35.9613144)"
166,7,"LINESTRING (127.0620605 35.9882902, 127.0624674 35.9883268)"
167,7,"LINESTRING (127.0314357 35.9726672, 127.0324314 35.9732841)"
168,7,"LINESTRING (127.1372408 35.9575569, 127.1373754 35.9574672)"
169,7,"LINESTRING (127.0368582 35.9761134, 127.0371095 35.9763857)"
170,7,"LINESTRING (127.0923247 35.9892164, 127.0927423 35.9893404)"
171,7,"LINESTRING (127.1114807 35.9866671, 127.1121282 35.9865043)"
172,7,"LINESTRING (127.1442364 35.9596912, 127.1441033 35.9604373)"
173,7,"LINESTRING (127.0103817 35.9646302, 127.0105386 35.9647237)"
174,7,"LINESTRING (127.0084617 35.9639588, 127.0081947 35.9639144)"
175,7,"LINESTRING (127.112748 35.9863539, 127.1129912 35.9862979)"
176,7,"LINESTRING (127.1355845 35.9586708, 127.1356468 35.9586286)"
177,7,"LINESTRING (127.1124026 35.9864348, 127.112748 35.9863539)"
178,7,"LINESTRING (127.1287573 35.9656507, 127.129009 35.9651872)"
179,7,"LINESTRING (127.0284988 35.9709688, 127.0286118 35.9709999)"
180,7,"LINESTRING (127.0125871 35.9661502, 127.0127076 35.966203)"
181,7,"LINESTRING (127.0081947 35.9639144, 127.0082275 35.96381)"
182,7,"LINESTRING (127.145038 35.9550251, 127.1450206 35.9551946)"
183,7,"LINESTRING (127.0172786 35.9684746, 127.0185164 35.9691972)"
184,7,"LINESTRING (127.1435945 35.9606387, 127.1435842 35.9607)"
185,7,"LINESTRING (127.1313688 35.9621435, 127.1319051 35.9615185)"
186,7,"LINESTRING (127.0246606 35.970712, 127.0252754 35.9706441)"
187,7,"LINESTRING (127.0674227 35.9885864, 127.0675912 35.988597)"
188,7,"LINESTRING (127.0592721 35.987794, 127.0610729 35.9881333)"
189,7,"LINESTRING (127.0569616 35.987341, 127.0582582 35.9875946)"
190,7,"LINESTRING (127.0100445 35.9648073, 127.0100197 35.9646954)"
191,7,"LINESTRING (127.1049165 35.9884822, 127.1051433 35.9883829)"
192,7,"LINESTRING (127.031102 35.9724504, 127.0313363 35.9726019)"
193,7,"LINESTRING (127.0172455 35.9684573, 127.0172786 35.9684746)"
194,7,"LINESTRING (127.0123394 35.9660338, 127.0123791 35.9660565)"
195,7,"LINESTRING (127.1365279 35.9580236, 127.1372408 35.9575569)"
196,7,"LINESTRING (127.0078863 35.9685699, 127.0078247 35.9684849)"
197,7,"LINESTRING (127.1388211 35.9565781, 127.1392313 35.9563602)"
198,7,"LINESTRING (127.0231349 35.9706293, 127.0233566 35.9706618)"
199,7,"LINESTRING (127.0367369 35.9759831, 127.0368582 35.9761134)"
200,7,"LINESTRING (127.1440612 35.9606716, 127.1435945 35.9606387)"
201,7,"LINESTRING (127.0353047 35.9747, 127.035444 35.9747835)"
202,7,"LINESTRING (127.0088175 35.9668471, 127.0091248 35.9668394)"
203,7,"LINESTRING (127.0899026 35.9886374, 127.0905257 35.9887234)"
204,7,"LINESTRING (127.0975071 35.9893484, 127.0984304 35.9892839)"
205,7,"LINESTRING (127.1326047 35.9608454, 127.1326191 35.9608319)"
206,7,"LINESTRING (127.1440806 35.9605635, 127.1440612 35.9606716)"
207,7,"LINESTRING (127.1217292 35.9768203, 127.1218018 35.9767087)"
208,7,"LINESTRING (127.1283248 35.9665826, 127.1283383 35.9665546)"
209,7,"LINESTRING (127.0077499 35.9680329, 127.0078119 35.9676995)"
210,7,"LINESTRING (127.087757 35.988658, 127.088039 35.9886166)"
211,7,"LINESTRING (127.0836401 35.9895021, 127.0864999 35.9889007)"
212,7,"LINESTRING (127.1211411 35.977784, 127.1212921 35.9775257)"
213,7,"LINESTRING (127.0245652 35.9707117, 127.0246606 35.970712)"
214,7,"LINESTRING (127.1381762 35.9569467, 127.1383864 35.9568247)"
215,7,"LINESTRING (127.1196174 35.9823467, 127.1197546 35.9821812)"
216,7,"LINESTRING (127.0494451 35.9862951, 127.049475 35.9862998)"
217,7,"LINESTRING (127.1434262 35.9613144, 127.1433518 35.9613313)"
218,7,"LINESTRING (127.0227161 35.9705601, 127.0231349 35.9706293)"
219,7,"LINESTRING (127.0305728 35.9721129, 127.0308689 35.9723007)"
220,7,"LINESTRING (127.126484 35.9698433, 127.1266872 35.9695491)"
221,7,"LINESTRING (127.0774344 35.9894795, 127.0804304 35.9897686)"
222,7,"LINESTRING (127.1302491 35.9634807, 127.1311034 35.9624546)"
223,7,"LINESTRING (127.143143 35.9552386, 127.1437169 35.9551195)"
224,7,"LINESTRING (127.0112538 35.965282, 127.0115188 35.9654787)"
225,7,"LINESTRING (127.1029314 35.9892448, 127.1033811 35.9891516)"
226,7,"LINESTRING (127.0524934 35.986706, 127.0529568 35.9867582)"
227,7,"LINESTRING (127.0761426 35.9893551, 127.076697 35.9894048)"
228,7,"LINESTRING (127.0117186 35.9656247, 127.0121935 35.9659494)"
229,7,"LINESTRING (127.0441242 35.9832908, 127.0447199 35.9836789)"
230,7,"LINESTRING (127.0401621 35.9798127, 127.0410825 35.9808134)"
231,7,"LINESTRING (127.1038457 35.9889728, 127.104425 35.9887096)"
232,7,"LINESTRING (127.026812 35.9705763, 127.026853 35.9705819)"
233,7,"LINESTRING (127.035444 35.9747835, 127.0355622 35.9748533)"
234,7,"LINESTRING (127.0325121 35.9733331, 127.0328826 35.9735077)"
235,7,"LINESTRING (127.009474 35.9690163, 127.0092239 35.9690992)"
236,7,"LINESTRING (127.0386656 35.9781083, 127.0391241 35.9786249)"
237,7,"LINESTRING (127.0286118 35.9709999, 127.0286439 35.9710108)"
238,7,"LINESTRING (127.0821333 35.9897629, 127.0824353 35.9897224)"
239,7,"LINESTRING (127.0096401 35.9642188, 127.0097473 35.9642688)"
240,7,"LINESTRING (127.1333828 35.9602112, 127.1336554 35.9600191)"
241,7,"LINESTRING (127.0624674 35.9883268, 127.0626216 35.9883346)"
242,7,"LINESTRING (127.1209278 35.9783279, 127.1210032 35.9780946)"
243,7,"LINESTRING (127.020896 35.9702003, 127.0210754 35.9702452)"
244,7,"LINESTRING (127.0490051 35.9862187, 127.0492644 35.9862674)"
245,7,"LINESTRING (127.1285265 35.9661531, 127.1285388 35.9661261)"
246,7,"LINESTRING (127.1326191 35.9608319, 127.1326514 35.960804)"
247,7,"LINESTRING (127.1204483 35.9804722, 127.1204835 35.9802992)"
248,7,"LINESTRING (127.145016 35.955236, 127.144853 35.9562336)"
249,7,"LINESTRING (127.0479827 35.9857622, 127.0484206 35.9860028)"
250,7,"LINESTRING (127.0187683 35.9693524, 127.0193707 35.9696956)"
251,7,"LINESTRING (127.1300394 35.9637334, 127.1302491 35.9634807)"
252,7,"LINESTRING (127.076697 35.9894048, 127.0771117 35.9894468)"
253,7,"LINESTRING (127.1202571 35.9812496, 127.1203393 35.980992)"
254,7,"LINESTRING (127.1355222 35.9587112, 127.1355845 35.9586708)"
255,7,"LINESTRING (127.0214632 35.9703161, 127.0218288 35.9703852)"
256,7,"LINESTRING (127.0804304 35.9897686, 127.081108 35.9898152)"
257,7,"LINESTRING (127.1151686 35.9856539, 127.1157952 35.9854558)"
258,7,"LINESTRING (127.07312 35.9890657, 127.0735979 35.9891134)"
259,7,"LINESTRING (127.0935457 35.9895145, 127.0941423 35.9895751)"
260,7,"LINESTRING (127.1097746 35.9870953, 127.1104533 35.9869253)"
261,7,"LINESTRING (127.1035279 35.9890953, 127.1038457 35.9889728)"
262,7,"LINESTRING (127.0487958 35.9861539, 127.0489331 35.9861986)"
263,7,"LINESTRING (127.1121282 35.9865043, 127.1124026 35.9864348)"
264,7,"LINESTRING (127.0110199 35.9650809, 127.0112538 35.965282)"
265,7,"LINESTRING (127.0832303 35.9895882, 127.0836401 35.9895021)"
266,7,"LINESTRING (127.1285982 35.9659974, 127.1285982 35.9659965)"
267,7,"LINESTRING (127.0101033 35.9680389, 127.0100854 35.9682417)"
268,7,"LINESTRING (127.1373754 35.9574672, 127.1381762 35.9569467)"
269,7,"LINESTRING (127.0271222 35.9706352, 127.0273559 35.970692)"
270,7,"LINESTRING (127.1178159 35.9841829, 127.117865 35.9841353)"
271,7,"LINESTRING (127.0292004 35.9712375, 127.029733 35.9715687)"
272,7,"LINESTRING (127.0166794 35.968162, 127.0169403 35.9682974)"
273,7,"LINESTRING (127.1192717 35.982726, 127.1194858 35.9824914)"
274,7,"LINESTRING (127.088039 35.9886166, 127.0884818 35.9885812)"
275,7,"LINESTRING (127.1347145 35.959274, 127.1354321 35.958774)"
276,7,"LINESTRING (127.1225922 35.9756374, 127.1241168 35.9734134)"
277,7,"LINESTRING (127.0391241 35.9786249, 127.0393114 35.978833)"
278,7,"LINESTRING (127.0309816 35.9723697, 127.031102 35.9724504)"
279,7,"LINESTRING (127.143582 35.9607099, 127.1435307 35.9610054)"
280,7,"LINESTRING (127.1217012 35.9768671, 127.1217292 35.9768203)"
281,7,"LINESTRING (127.0324856 35.9733168, 127.0325121 35.9733331)"
282,7,"LINESTRING (127.0495947 35.9863146, 127.0498542 35.9863409)"
283,7,"LINESTRING (127.1216375 35.9769705, 127.1217012 35.9768671)"
284,7,"LINESTRING (127.0447199 35.9836789, 127.0450294 35.9838803)"
285,7,"LINESTRING (127.0133158 35.9664904, 127.0135149 35.9665841)"
286,7,"LINESTRING (127.0949675 35.9896094, 127.0958042 35.9895581)"
287,7,"LINESTRING (127.020625 35.970082, 127.0206782 35.970093)"
288,7,"LINESTRING (127.0416262 35.9813573, 127.0429687 35.9824578)"
289,7,"LINESTRING (127.0989464 35.9892658, 127.1008821 35.9892993)"
290,7,"LINESTRING (127.0194172 35.9697138, 127.0197591 35.9698477)"
291,7,"LINESTRING (127.0197591 35.9698477, 127.019852 35.9698833)"
292,7,"LINESTRING (127.0475572 35.9854865, 127.0478666 35.9856869)"
293,7,"LINESTRING (127.1187834 35.9832195, 127.1189841 35.983019)"
294,7,"LINESTRING (127.0082275 35.96381, 127.0085155 35.9638616)"
295,7,"LINESTRING (127.0873862 35.9887217, 127.087757 35.988658)"
296,7,"LINESTRING (127.0492644 35.9862674, 127.0494451 35.9862951)"
297,7,"LINESTRING (127.0237412 35.970694, 127.0240151 35.9707059)"
298,7,"LINESTRING (127.0930204 35.9894162, 127.0932587 35.9894648)"
299,7,"LINESTRING (127.1406908 35.9558389, 127.1420807 35.955496)"
300,7,"LINESTRING (127.0105386 35.9647237, 127.0106093 35.96477)"
301,7,"LINESTRING (127.0610729 35.9881333, 127.0614397 35.9882041)"
302,7,"LINESTRING (127.082654 35.9896952, 127.0827195 35.9896874)"
303,7,"LINESTRING (127.0092666 35.9641803, 127.0089202 35.9640625)"
304,7,"LINESTRING (127.1104533 35.9869253, 127.1114807 35.9866671)"
305,7,"LINESTRING (127.0825974 35.9897014, 127.082654 35.9896952)"
306,7,"LINESTRING (127.1171174 35.9848082, 127.117397 35.9845647)"
307,7,"LINESTRING (127.1130723 35.9862792, 127.1134125 35.9861243)"
308,7,"LINESTRING (127.1194858 35.9824914, 127.1196174 35.9823467)"
309,7,"LINESTRING (127.1018571 35.9893169, 127.1020069 35.9893147)"
310,7,"LINESTRING (127.0135149 35.9665841, 127.0136012 35.9666241)"
311,7,"LINESTRING (127.1008821 35.9892993, 127.1014256 35.9893092)"
312,7,"LINESTRING (127.1450206 35.9551946, 127.145016 35.955236)"
313,7,"LINESTRING (127.0277679 35.9707919, 127.0284988 35.9709688)"
314,7,"LINESTRING (127.0529568 35.9867582, 127.0534158 35.9868158)"
315,7,"LINESTRING (127.0984304 35.9892839, 127.0988332 35.989269)"
316,7,"LINESTRING (127.1051433 35.9883829, 127.1052678 35.9883283)"
317,7,"LINESTRING (127.081108 35.9898152, 127.0815384 35.9898113)"
318,7,"LINESTRING (127.104425 35.9887096, 127.104514 35.9886703)"
319,7,"LINESTRING (127.1084496 35.9874164, 127.1097746 35.9870953)"
320,7,"LINESTRING (127.0393114 35.978833, 127.0401621 35.9798127)"
321,7,"LINESTRING (127.0213601 35.9702968, 127.0214632 35.9703161)"
322,7,"LINESTRING (127.1438845 35.9550848, 127.1447436 35.9549061)"
323,7,"LINESTRING (127.1444241 35.9586414, 127.1443638 35.958973)"
324,7,"LINESTRING (127.0357788 35.9749975, 127.0361286 35.9753063)"
325,7,"LINESTRING (127.0891607 35.9885844, 127.0899026 35.9886374)"
326,7,"LINESTRING (127.126389 35.9699828, 127.126484 35.9698433)"
327,7,"LINESTRING (127.0692524 35.9887183, 127.0703246 35.988815)"
328,7,"LINESTRING (127.1077719 35.9876126, 127.1084496 35.9874164)"
329,7,"LINESTRING (127.0082557 35.9690997, 127.0081607 35.9688487)"
330,7,"LINESTRING (127.1218766 35.9766043, 127.1220307 35.9763885)"
331,7,"LINESTRING (127.1311034 35.9624546, 127.1313007 35.9622235)"
332,7,"LINESTRING (127.119168 35.9828357, 127.1192304 35.9827692)"
333,7,"LINESTRING (127.1435842 35.9607, 127.143582 35.9607099)"
334,7,"LINESTRING (127.1033811 35.9891516, 127.1035279 35.9890953)"
335,7,"LINESTRING (127.0148465 35.9671944, 127.0149338 35.9672363)"
336,7,"LINESTRING (127.0909865 35.9888422, 127.0914364 35.9889537)"
337,7,"LINESTRING (127.0664457 35.988518, 127.0674227 35.9885864)"
338,7,"LINESTRING (127.1170384 35.9848566, 127.1170539 35.9848476)"
339,7,"LINESTRING (127.1241168 35.9734134, 127.1249989 35.9721747)"
340,7,"LINESTRING (127.1432765 35.9613229, 127.143026 35.9612979)"
341,7,"LINESTRING (127.1167447 35.9850116, 127.1170028 35.9848772)"
342,7,"LINESTRING (127.0941423 35.9895751, 127.0945826 35.9895937)"
343,7,"LINESTRING (127.0735979 35.9891134, 127.0747521 35.9892266)"
344,7,"LINESTRING (127.0361286 35.9753063, 127.0362939 35.9754909)"
345,7,"LINESTRING (127.14007 35.9560273, 127.1404087 35.955922)"
346,7,"LINESTRING (127.1205564 35.9799099, 127.1205836 35.9797802)"
347,7,"LINESTRING (127.104514 35.9886703, 127.1049165 35.9884822)"
348,7,"LINESTRING (127.0185164 35.9691972, 127.0186678 35.9692898)"
349,7,"LINESTRING (127.0534158 35.9868158, 127.0557036 35.9871497)"
350,7,"LINESTRING (127.0089742 35.9691333, 127.0082557 35.9690997)"
351,7,"LINESTRING (127.0308689 35.9723007, 127.0309816 35.9723697)"
352,7,"LINESTRING (127.0092239 35.9690992, 127.0089742 35.9691333)"
353,7,"LINESTRING (127.1327684 35.9606998, 127.1333828 35.9602112)"
354,7,"LINESTRING (127.034472 35.9742766, 127.034785 35.9744293)"
355,7,"LINESTRING (127.0747521 35.9892266, 127.0761426 35.9893551)"
356,7,"LINESTRING (127.0365429 35.9757677, 127.0366873 35.9759261)"
357,7,"LINESTRING (127.0212272 35.9702719, 127.0213601 35.9702968)"
358,7,"LINESTRING (127.0410825 35.9808134, 127.0412534 35.9809835)"
359,7,"LINESTRING (127.0864999 35.9889007, 127.0867398 35.9888511)"
360,7,"LINESTRING (127.1443411 35.9590983, 127.1442876 35.959401)"
361,7,"LINESTRING (127.0115188 35.9654787, 127.0117186 35.9656247)"
362,7,"LINESTRING (127.1283383 35.9665546, 127.1283842 35.9664556)"
363,7,"LINESTRING (127.1433518 35.9613313, 127.1432765 35.9613229)"
364,7,"LINESTRING (127.1443638 35.958973, 127.1443411 35.9590983)"
365,7,"LINESTRING (127.0355622 35.9748533, 127.0356219 35.9748932)"
366,7,"LINESTRING (127.0242003 35.9707084, 127.0244133 35.9707111)"
367,7,"LINESTRING (127.1313007 35.9622235, 127.1313688 35.9621435)"
368,7,"LINESTRING (127.1175128 35.9844596, 127.1178159 35.9841829)"
369,7,"LINESTRING (127.0867398 35.9888511, 127.0871585 35.9887669)"
370,7,"LINESTRING (127.0136012 35.9666241, 127.0140767 35.9668451)"
371,7,"LINESTRING (127.0079766 35.9686721, 127.0078863 35.9685699)"
372,7,"LINESTRING (127.0356219 35.9748932, 127.0357788 35.9749975)"
373,7,"LINESTRING (127.0100921 35.9651871, 127.0100445 35.9648073)"
374,7,"LINESTRING (127.029733 35.9715687, 127.0305728 35.9721129)"
375,7,"LINESTRING (127.0450294 35.9838803, 127.0466873 35.9849243)"
376,7,"LINESTRING (127.0273559 35.970692, 127.0277679 35.9707919)"
377,7,"LINESTRING (127.0096138 35.964335, 127.0092666 35.9641803)"
378,7,"LINESTRING (127.0430747 35.9825412, 127.0431255 35.9825792)"
379,7,"LINESTRING (127.144853 35.9562336, 127.1447994 35.956558)"
380,7,"LINESTRING (127.1327182 35.9607438, 127.1327684 35.9606998)"
381,7,"LINESTRING (127.1404087 35.955922, 127.1406908 35.9558389)"
382,7,"LINESTRING (127.0557036 35.9871497, 127.0569616 35.987341)"
383,7,"LINESTRING (127.1361374 35.958283, 127.1365279 35.9580236)"
384,7,"LINESTRING (127.0932587 35.9894648, 127.0935457 35.9895145)"
385,7,"LINESTRING (127.0235184 35.970685, 127.0237412 35.970694)"
386,7,"LINESTRING (127.0313363 35.9726019, 127.0314357 35.9726672)"
387,7,"LINESTRING (127.0824353 35.9897224, 127.0825974 35.9897014)"
388,7,"LINESTRING (127.0362939 35.9754909, 127.0363743 35.9755805)"
389,7,"LINESTRING (127.1157952 35.9854558, 127.1160819 35.9853548)"
390,7,"LINESTRING (127.034785 35.9744293, 127.0351809 35.9746256)"
391,7,"LINESTRING (127.0089762 35.9639699, 127.0093647 35.9640905)"
392,7,"LINESTRING (127.0328826 35.9735077, 127.0342695 35.974183)"
393,7,"LINESTRING (127.0158393 35.9677006, 127.0166794 35.968162)"
394,7,"LINESTRING (127.0478666 35.9856869, 127.0479827 35.9857622)"
395,7,"LINESTRING (127.1262115 35.970241, 127.126389 35.9699828)"
396,7,"LINESTRING (127.0081607 35.9688487, 127.0079766 35.9686721)"
397,7,"LINESTRING (127.019852 35.9698833, 127.020625 35.970082)"
398,7,"LINESTRING (127.1286553 35.9658704, 127.1287573 35.9656507)"
399,5,"LINESTRING (127.364609 36.3076536, 127.3645745 36.3076428)"
400,5,"LINESTRING (127.3640401 36.3074655, 127.3636315 36.3073658)"
401,5,"LINESTRING (127.2439304 36.4884944, 127.2436139 36.4889833)"
402,5,"LINESTRING (127.2772489 36.5558917, 127.2772222 36.5558736)"
403,5,"LINESTRING (127.27179 36.5567387, 127.2713693 36.5573185)"
404,5,"LINESTRING (127.3378999 36.3907082, 127.3373624 36.3906993)"
405,5,"LINESTRING (127.3524338 36.3049589, 127.3519384 36.3048357)"
406,5,"LINESTRING (127.2416972 36.5171362, 127.2417667 36.5174068)"
407,5,"LINESTRING (127.3633743 36.307316, 127.3627506 36.3072521)"
408,5,"LINESTRING (127.247417 36.5235591, 127.2476004 36.5238381)"
409,5,"LINESTRING (127.3616125 36.3071327, 127.3609889 36.3070319)"
410,5,"LINESTRING (127.3198065 36.3420362, 127.3205004 36.3431461)"
411,5,"LINESTRING (127.2398833 36.4951407, 127.2398629 36.4955625)"
412,5,"LINESTRING (127.3651715 36.3205761, 127.3652127 36.3206195)"
413,5,"LINESTRING (127.2664718 36.5371477, 127.2667752 36.5372961)"
414,5,"LINESTRING (127.2695115 36.5398112, 127.2697039 36.5401028)"
415,5,"LINESTRING (127.3240873 36.2991642, 127.3237238 36.298849)"
416,5,"LINESTRING (127.3430447 36.302987, 127.3428577 36.3029426)"
417,5,"LINESTRING (127.2645402 36.5364317, 127.2654208 36.5367093)"
418,5,"LINESTRING (127.3142999 36.3333333, 127.3146118 36.3338413)"
419,5,"LINESTRING (127.3404883 36.3883506, 127.3406364 36.3884409)"
420,5,"LINESTRING (127.3406601 36.3024213, 127.3406122 36.3024077)"
421,5,"LINESTRING (127.2509639 36.5310626, 127.2514149 36.5315062)"
422,5,"LINESTRING (127.2476004 36.5238381, 127.2477605 36.5240809)"
423,5,"LINESTRING (127.3090424 36.3225912, 127.3096865 36.3243575)"
424,5,"LINESTRING (127.2862083 36.4344962, 127.2861682 36.4357069)"
425,5,"LINESTRING (127.3406122 36.3024077, 127.3404419 36.3023741)"
426,5,"LINESTRING (127.2922889 36.4260957, 127.2917903 36.4264663)"
427,5,"LINESTRING (127.3683833 36.3093446, 127.3683367 36.3092499)"
428,5,"LINESTRING (127.2772222 36.5558736, 127.2772044 36.5558466)"
429,5,"LINESTRING (127.2710334 36.5594346, 127.2710478 36.5594662)"
430,5,"LINESTRING (127.2773179 36.5548416, 127.2773208 36.5549885)"
431,5,"LINESTRING (127.3224249 36.2975245, 127.3221729 36.2971716)"
432,5,"LINESTRING (127.3186643 36.2895997, 127.3187325 36.2894754)"
433,5,"LINESTRING (127.3655693 36.3211878, 127.3655533 36.3214159)"
434,5,"LINESTRING (127.2725193 36.5618463, 127.2726663 36.5620052)"
435,5,"LINESTRING (127.3256497 36.2892666, 127.3259245 36.2893743)"
436,5,"LINESTRING (127.3109374 36.3276997, 127.3111035 36.3281147)"
437,5,"LINESTRING (127.321737 36.3931914, 127.3212828 36.3933341)"
438,5,"LINESTRING (127.2405448 36.4999995, 127.2408946 36.5019277)"
439,5,"LINESTRING (127.2663123 36.5370788, 127.2664718 36.5371477)"
440,5,"LINESTRING (127.3309929 36.3016002, 127.3309261 36.3015947)"
441,5,"LINESTRING (127.2932666 36.420022, 127.2931046 36.4205302)"
442,5,"LINESTRING (127.2989249 36.4063581, 127.2985994 36.4067417)"
443,5,"LINESTRING (127.3713108 36.3180604, 127.3713098 36.3180288)"
444,5,"LINESTRING (127.3532054 36.3051303, 127.3530729 36.3051031)"
445,5,"LINESTRING (127.3101746 36.3256745, 127.3105442 36.3267281)"
446,5,"LINESTRING (127.2812687 36.4581171, 127.2808412 36.4585193)"
447,5,"LINESTRING (127.2845645 36.453611, 127.2843288 36.4540821)"
448,5,"LINESTRING (127.2840371 36.4546694, 127.2834789 36.4555185)"
449,5,"LINESTRING (127.2973862 36.4220954, 127.2969288 36.4225499)"
450,5,"LINESTRING (127.3384955 36.3863095, 127.3385857 36.3863511)"
451,5,"LINESTRING (127.2982889 36.4211503, 127.298121 36.4213799)"
452,5,"LINESTRING (127.3130243 36.3010497, 127.3128244 36.3013)"
453,5,"LINESTRING (127.3625012 36.3072266, 127.3619867 36.3071746)"
454,5,"LINESTRING (127.3087867 36.305933, 127.3086742 36.3064079)"
455,5,"LINESTRING (127.3188442 36.2893511, 127.3189568 36.2892747)"
456,5,"LINESTRING (127.3069997 36.3169416, 127.3070614 36.3172166)"
457,5,"LINESTRING (127.2457759 36.5219509, 127.2458517 36.5220043)"
458,5,"LINESTRING (127.3154673 36.3962579, 127.3134372 36.3974078)"
459,5,"LINESTRING (127.3705271 36.3204126, 127.3706234 36.3201242)"
460,5,"LINESTRING (127.3241985 36.2918059, 127.3235993 36.2918249)"
461,5,"LINESTRING (127.2462401 36.4806931, 127.2462397 36.4808166)"
462,5,"LINESTRING (127.2707622 36.5418934, 127.271287 36.542759)"
463,5,"LINESTRING (127.2398629 36.4955625, 127.2398729 36.4959241)"
464,5,"LINESTRING (127.2776284 36.5521602, 127.2778118 36.5524815)"
465,5,"LINESTRING (127.3653629 36.3207161, 127.3654797 36.3208136)"
466,5,"LINESTRING (127.3395635 36.302189, 127.3389557 36.3020413)"
467,5,"LINESTRING (127.2881027 36.4295737, 127.2877064 36.4301003)"
468,5,"LINESTRING (127.3089118 36.3222331, 127.3090424 36.3225912)"
469,5,"LINESTRING (127.2765376 36.4636555, 127.2764344 36.463841)"
470,5,"LINESTRING (127.3394394 36.3908978, 127.338862 36.3908078)"
471,5,"LINESTRING (127.2930877 36.4205779, 127.2925966 36.4219609)"
472,5,"LINESTRING (127.2449404 36.4865637, 127.2446953 36.4870888)"
473,5,"LINESTRING (127.2400876 36.4941341, 127.2399609 36.4946297)"
474,5,"LINESTRING (127.3263623 36.3922165, 127.3263289 36.3922218)"
475,5,"LINESTRING (127.2771945 36.555778, 127.276806 36.5556592)"
476,5,"LINESTRING (127.2536964 36.5331409, 127.2539986 36.5333092)"
477,5,"LINESTRING (127.3533089 36.3051511, 127.3532054 36.3051303)"
478,5,"LINESTRING (127.2463743 36.4778834, 127.2463573 36.4779537)"
479,5,"LINESTRING (127.2415115 36.5115221, 127.2415274 36.5124461)"
480,5,"LINESTRING (127.3289347 36.2928983, 127.3289983 36.2928497)"
481,5,"LINESTRING (127.3002119 36.405091, 127.2997368 36.4055166)"
482,5,"LINESTRING (127.277298 36.5559089, 127.2772489 36.5558917)"
483,5,"LINESTRING (127.2778385 36.5525284, 127.2777292 36.55285)"
484,5,"LINESTRING (127.2943914 36.4245352, 127.2922889 36.4260957)"
485,5,"LINESTRING (127.2427429 36.5194012, 127.2428497 36.5195385)"
486,5,"LINESTRING (127.3313127 36.3687422, 127.3313497 36.3696897)"
487,5,"LINESTRING (127.3712995 36.3175158, 127.3712997 36.3173995)"
488,5,"LINESTRING (127.2428497 36.5195385, 127.2430099 36.5197354)"
489,5,"LINESTRING (127.2704166 36.5586518, 127.2703123 36.5587976)"
490,5,"LINESTRING (127.3158156 36.2953039, 127.3158 36.2953246)"
491,5,"LINESTRING (127.3353102 36.3803559, 127.3358841 36.3815855)"
492,5,"LINESTRING (127.3117493 36.3023243, 127.3105118 36.3032825)"
493,5,"LINESTRING (127.3250293 36.2997705, 127.3246889 36.2995924)"
494,5,"LINESTRING (127.2443818 36.487703, 127.2443604 36.4877426)"
495,5,"LINESTRING (127.3701081 36.3225199, 127.3701671 36.32252)"
496,5,"LINESTRING (127.3645745 36.3076428, 127.3644665 36.3076075)"
497,5,"LINESTRING (127.3403024 36.3909125, 127.3400827 36.3909374)"
498,5,"LINESTRING (127.3712081 36.3161697, 127.3711238 36.3159298)"
499,5,"LINESTRING (127.3660352 36.3223892, 127.3660931 36.3224001)"
500,5,"LINESTRING (127.2719458 36.5565696, 127.27179 36.5567387)"
501,5,"LINESTRING (127.3019125 36.4038416, 127.3009495 36.4044999)"
502,5,"LINESTRING (127.2772573 36.4621513, 127.2772405 36.462172)"
503,5,"LINESTRING (127.2726021 36.5560678, 127.2725551 36.5560902)"
504,5,"LINESTRING (127.2861351 36.4392264, 127.2861338 36.4392841)"
505,5,"LINESTRING (127.2713693 36.5573185, 127.2705782 36.5584249)"
506,5,"LINESTRING (127.3228617 36.3928577, 127.321737 36.3931914)"
507,5,"LINESTRING (127.3660931 36.3224001, 127.3661143 36.3224037)"
508,5,"LINESTRING (127.3701993 36.3219493, 127.370212 36.3216744)"
509,5,"LINESTRING (127.2974371 36.4085409, 127.2973238 36.4087643)"
510,5,"LINESTRING (127.3713056 36.3178215, 127.3712995 36.3175158)"
511,5,"LINESTRING (127.2487434 36.5271977, 127.2488427 36.5275666)"
512,5,"LINESTRING (127.3337096 36.3015544, 127.3315777 36.3016065)"
513,5,"LINESTRING (127.242082 36.5182937, 127.2423151 36.5187314)"
514,5,"LINESTRING (127.2774392 36.5557686, 127.2774459 36.5557884)"
515,5,"LINESTRING (127.2484901 36.5260775, 127.2486341 36.526817)"
516,5,"LINESTRING (127.2639036 36.4676023, 127.2627493 36.4680238)"
517,5,"LINESTRING (127.35275 36.3050368, 127.3526431 36.3050115)"
518,5,"LINESTRING (127.3338833 36.3015502, 127.3337096 36.3015544)"
519,5,"LINESTRING (127.3201681 36.2923418, 127.3200814 36.2922569)"
520,5,"LINESTRING (127.3197591 36.2914874, 127.3195295 36.2910867)"
521,5,"LINESTRING (127.3666348 36.308516, 127.3662485 36.3083659)"
522,5,"LINESTRING (127.3193835 36.3413585, 127.3195545 36.3416328)"
523,5,"LINESTRING (127.3655517 36.3217116, 127.3655547 36.3219054)"
524,5,"LINESTRING (127.2729757 36.5624466, 127.2729811 36.5625044)"
525,5,"LINESTRING (127.3713129 36.3181749, 127.3713118 36.3181415)"
526,5,"LINESTRING (127.3499501 36.304322, 127.3498821 36.3043066)"
527,5,"LINESTRING (127.3655498 36.3215331, 127.3655517 36.3217116)"
528,5,"LINESTRING (127.2774368 36.5558452, 127.2774222 36.5558749)"
529,5,"LINESTRING (127.3281619 36.2928746, 127.3284368 36.2929661)"
530,5,"LINESTRING (127.293484 36.4242641, 127.2938955 36.4238988)"
531,5,"LINESTRING (127.2739691 36.5640199, 127.2739835 36.5640568)"
532,5,"LINESTRING (127.3381111 36.3856328, 127.3384955 36.3863095)"
533,5,"LINESTRING (127.3568137 36.30601, 127.3560177 36.3058008)"
534,5,"LINESTRING (127.2415274 36.5124461, 127.2415595 36.5138796)"
535,5,"LINESTRING (127.2985994 36.4067417, 127.2982122 36.4072413)"
536,5,"LINESTRING (127.2863861 36.4331235, 127.2862516 36.4337525)"
537,5,"LINESTRING (127.365759 36.3223492, 127.365847 36.322352)"
538,5,"LINESTRING (127.3708849 36.3155852, 127.3706225 36.3152901)"
539,5,"LINESTRING (127.313249 36.3007074, 127.3130243 36.3010497)"
540,5,"LINESTRING (127.2405943 36.492865, 127.2402365 36.4936891)"
541,5,"LINESTRING (127.2725551 36.5560902, 127.2723838 36.5562161)"
542,5,"LINESTRING (127.2991018 36.4199544, 127.2989979 36.4200138)"
543,5,"LINESTRING (127.256277 36.4703925, 127.2560994 36.470458)"
544,5,"LINESTRING (127.2784841 36.460886, 127.2775955 36.4617435)"
545,5,"LINESTRING (127.3213384 36.2953394, 127.3212897 36.295223)"
546,5,"LINESTRING (127.2773116 36.5543079, 127.2773179 36.5548416)"
547,5,"LINESTRING (127.2730734 36.5630608, 127.273099 36.5630915)"
548,5,"LINESTRING (127.3655419 36.3209489, 127.3655684 36.3211076)"
549,5,"LINESTRING (127.2462397 36.4808166, 127.24624 36.4810691)"
550,5,"LINESTRING (127.2852495 36.452067, 127.2851035 36.4524112)"
551,5,"LINESTRING (127.2716406 36.5433285, 127.2721744 36.5441661)"
552,5,"LINESTRING (127.3653571 36.3078997, 127.364609 36.3076536)"
553,5,"LINESTRING (127.3005561 36.4048057, 127.3002119 36.405091)"
554,5,"LINESTRING (127.3655683 36.3211292, 127.3655693 36.3211878)"
555,5,"LINESTRING (127.3706225 36.3152901, 127.3703367 36.3149914)"
556,5,"LINESTRING (127.3174061 36.3382569, 127.3178624 36.3389833)"
557,5,"LINESTRING (127.2988962 36.4201073, 127.2984099 36.4209431)"
558,5,"LINESTRING (127.248028 36.5246043, 127.2481798 36.5249797)"
559,5,"LINESTRING (127.2499994 36.529821, 127.2505232 36.5305487)"
560,5,"LINESTRING (127.3189568 36.2892747, 127.319124 36.2891992)"
561,5,"LINESTRING (127.2543544 36.5334731, 127.2549847 36.5337466)"
562,5,"LINESTRING (127.2494992 36.52906, 127.2496548 36.5293101)"
563,5,"LINESTRING (127.2973238 36.4087643, 127.2971489 36.4091075)"
564,5,"LINESTRING (127.3466766 36.3037075, 127.3464116 36.3036576)"
565,5,"LINESTRING (127.2826971 36.4565484, 127.2825314 36.456741)"
566,5,"LINESTRING (127.3368436 36.3834106, 127.3370079 36.3837219)"
567,5,"LINESTRING (127.3655865 36.32224, 127.3656142 36.3222968)"
568,5,"LINESTRING (127.2924245 36.424191, 127.2925748 36.4242742)"
569,5,"LINESTRING (127.3297114 36.3014046, 127.3290347 36.3011854)"
570,5,"LINESTRING (127.3136619 36.2998994, 127.3134246 36.3004075)"
571,5,"LINESTRING (127.3373624 36.3906993, 127.3367357 36.3907373)"
572,5,"LINESTRING (127.3310371 36.3631829, 127.3310492 36.3632586)"
573,5,"LINESTRING (127.2752535 36.5488454, 127.2753559 36.548988)"
574,5,"LINESTRING (127.2725746 36.5448611, 127.2728514 36.5453529)"
575,5,"LINESTRING (127.3560177 36.3058008, 127.3548877 36.3055299)"
576,5,"LINESTRING (127.3411774 36.3905467, 127.340877 36.3907383)"
577,5,"LINESTRING (127.3158 36.2953246, 127.3154576 36.2960003)"
578,5,"LINESTRING (127.3677584 36.3225696, 127.367862 36.3225661)"
579,5,"LINESTRING (127.2483712 36.5255589, 127.2484901 36.5260775)"
580,5,"LINESTRING (127.3372579 36.3841613, 127.3381111 36.3856328)"
581,5,"LINESTRING (127.2978632 36.4209945, 127.2984933 36.4210623)"
582,5,"LINESTRING (127.2861682 36.4357069, 127.2861633 36.436246)"
583,5,"LINESTRING (127.3086742 36.3064079, 127.3080173 36.3094685)"
584,5,"LINESTRING (127.296512 36.4211247, 127.2966974 36.421025)"
585,5,"LINESTRING (127.3655568 36.3219731, 127.3655599 36.3221101)"
586,5,"LINESTRING (127.2995834 36.4209532, 127.2997511 36.4208174)"
587,5,"LINESTRING (127.3449508 36.303406, 127.3444464 36.303299)"
588,5,"LINESTRING (127.3415268 36.3892571, 127.3415845 36.3894032)"
589,5,"LINESTRING (127.3256079 36.3000157, 127.3254121 36.2999478)"
590,5,"LINESTRING (127.2414605 36.5083739, 127.2414686 36.5086362)"
591,5,"LINESTRING (127.3205689 36.2933476, 127.3203617 36.2928812)"
592,5,"LINESTRING (127.2730212 36.562939, 127.2730734 36.5630608)"
593,5,"LINESTRING (127.3172873 36.3952564, 127.3167659 36.3955441)"
594,5,"LINESTRING (127.3202012 36.2924572, 127.3201681 36.2923418)"
595,5,"LINESTRING (127.321653 36.2960872, 127.3214846 36.2956975)"
596,5,"LINESTRING (127.2560994 36.470458, 127.2555887 36.4706499)"
597,5,"LINESTRING (127.331699 36.3720991, 127.3319241 36.3726413)"
598,5,"LINESTRING (127.2710478 36.5594662, 127.2719116 36.5610076)"
599,5,"LINESTRING (127.3644131 36.3075903, 127.3640401 36.3074655)"
600,5,"LINESTRING (127.2741108 36.5556217, 127.2738493 36.55565)"
601,5,"LINESTRING (127.3508318 36.3045603, 127.3499501 36.304322)"
602,5,"LINESTRING (127.2962247 36.4115491, 127.2960617 36.4120077)"
603,5,"LINESTRING (127.2861525 36.4373386, 127.2861493 36.4376992)"
604,5,"LINESTRING (127.2833747 36.4556824, 127.2828897 36.4563252)"
605,5,"LINESTRING (127.3711238 36.3159298, 127.3710405 36.3157846)"
606,5,"LINESTRING (127.2560135 36.5341292, 127.2571074 36.5344145)"
607,5,"LINESTRING (127.3091869 36.3049076, 127.3091242 36.305041)"
608,5,"LINESTRING (127.3236616 36.2987948, 127.3234549 36.2985953)"
609,5,"LINESTRING (127.3289983 36.2928497, 127.3291121 36.2927498)"
610,5,"LINESTRING (127.2458791 36.4838828, 127.2457717 36.4842946)"
611,5,"LINESTRING (127.3167659 36.3955441, 127.3154673 36.3962579)"
612,5,"LINESTRING (127.2430317 36.4898177, 127.24246 36.4905206)"
613,5,"LINESTRING (127.339995 36.3880506, 127.3402622 36.3882249)"
614,5,"LINESTRING (127.340877 36.3907383, 127.340627 36.3908471)"
615,5,"LINESTRING (127.3579872 36.3063162, 127.3576332 36.3062229)"
616,5,"LINESTRING (127.2921531 36.4234576, 127.2921371 36.4235991)"
617,5,"LINESTRING (127.2971489 36.4091075, 127.2968 36.4099246)"
618,5,"LINESTRING (127.3285837 36.2929897, 127.3286862 36.2929908)"
619,5,"LINESTRING (127.2902288 36.4276193, 127.2899794 36.4278217)"
620,5,"LINESTRING (127.2675881 36.5378106, 127.2678557 36.5380077)"
621,5,"LINESTRING (127.365847 36.322352, 127.3660352 36.3223892)"
622,5,"LINESTRING (127.3404419 36.3023741, 127.3404141 36.3023687)"
623,5,"LINESTRING (127.2944489 36.4166658, 127.294113 36.417583)"
624,5,"LINESTRING (127.3086771 36.3216242, 127.3087623 36.3218479)"
625,5,"LINESTRING (127.2742211 36.4653847, 127.274153 36.4653999)"
626,5,"LINESTRING (127.367471 36.3225396, 127.3675489 36.3225748)"
627,5,"LINESTRING (127.2508601 36.4724918, 127.2508187 36.4725116)"
628,5,"LINESTRING (127.3189028 36.3944448, 127.3182498 36.3947494)"
629,5,"LINESTRING (127.2601535 36.5352383, 127.2640256 36.5362918)"
630,5,"LINESTRING (127.2860951 36.4415919, 127.2860718 36.4427792)"
631,5,"LINESTRING (127.2822951 36.4570219, 127.2822033 36.4571326)"
632,5,"LINESTRING (127.3126245 36.3015242, 127.3123375 36.3018248)"
633,5,"LINESTRING (127.3319115 36.39145, 127.3288375 36.3918666)"
634,5,"LINESTRING (127.2802682 36.4590863, 127.2798474 36.4594903)"
635,5,"LINESTRING (127.368331 36.3100198, 127.3683993 36.3097828)"
636,5,"LINESTRING (127.3160245 36.2950329, 127.3158156 36.2953039)"
637,5,"LINESTRING (127.331299 36.3683914, 127.3313127 36.3687422)"
638,5,"LINESTRING (127.2851035 36.4524112, 127.2846688 36.4534057)"
639,5,"LINESTRING (127.3141872 36.2986579, 127.313887 36.2993832)"
640,5,"LINESTRING (127.2772405 36.462172, 127.2771094 36.4623385)"
641,5,"LINESTRING (127.276806 36.5556592, 127.2767457 36.5556402)"
642,5,"LINESTRING (127.3229121 36.2918825, 127.3226369 36.2919244)"
643,5,"LINESTRING (127.3121076 36.3298553, 127.3127493 36.3308408)"
644,5,"LINESTRING (127.327824 36.2925577, 127.3279873 36.2927662)"
645,5,"LINESTRING (127.3695616 36.3141746, 127.3692213 36.3138362)"
646,5,"LINESTRING (127.2586014 36.4695372, 127.256277 36.4703925)"
647,5,"LINESTRING (127.3394741 36.3875802, 127.3397991 36.3878826)"
648,5,"LINESTRING (127.3680252 36.3089944, 127.3677692 36.3089013)"
649,5,"LINESTRING (127.3247565 36.2918013, 127.3241985 36.2918059)"
650,5,"LINESTRING (127.2774125 36.5557334, 127.2774392 36.5557686)"
651,5,"LINESTRING (127.2927744 36.4243241, 127.292974 36.4243326)"
652,5,"LINESTRING (127.3411955 36.3025735, 127.3406601 36.3024213)"
653,5,"LINESTRING (127.285837 36.449853, 127.2856934 36.4505244)"
654,5,"LINESTRING (127.3683046 36.3104381, 127.3682903 36.3103426)"
655,5,"LINESTRING (127.2773427 36.5559108, 127.277298 36.5559089)"
656,5,"LINESTRING (127.2423151 36.5187314, 127.2424984 36.5190401)"
657,5,"LINESTRING (127.271287 36.542759, 127.2716406 36.5433285)"
658,5,"LINESTRING (127.3243026 36.2891032, 127.3244707 36.2891062)"
659,5,"LINESTRING (127.3088743 36.305641, 127.3087867 36.305933)"
660,5,"LINESTRING (127.3238747 36.3926329, 127.3228617 36.3928577)"
661,5,"LINESTRING (127.3275248 36.291891, 127.327824 36.2925577)"
662,5,"LINESTRING (127.2670427 36.4666962, 127.2664374 36.4668158)"
663,5,"LINESTRING (127.3404141 36.3023687, 127.3399498 36.3022716)"
664,5,"LINESTRING (127.3166116 36.2944911, 127.3164119 36.2946494)"
665,5,"LINESTRING (127.2969288 36.4225499, 127.2961742 36.4231706)"
666,5,"LINESTRING (127.3657801 36.3080444, 127.365661 36.308001)"
667,5,"LINESTRING (127.2736571 36.4655027, 127.2713858 36.4658896)"
668,5,"LINESTRING (127.2640256 36.5362918, 127.2640725 36.5363045)"
669,5,"LINESTRING (127.2731269 36.5631077, 127.2732162 36.5631232)"
670,5,"LINESTRING (127.2416171 36.5163598, 127.2416567 36.5168954)"
671,5,"LINESTRING (127.3315777 36.3016065, 127.3309929 36.3016002)"
672,5,"LINESTRING (127.2738493 36.55565, 127.273685 36.555675)"
673,5,"LINESTRING (127.2664374 36.4668158, 127.2651249 36.4671666)"
674,5,"LINESTRING (127.3702222 36.3215698, 127.370267 36.3214004)"
675,5,"LINESTRING (127.3665339 36.3226161, 127.3666498 36.3226162)"
676,5,"LINESTRING (127.294113 36.417583, 127.2935217 36.4193138)"
677,5,"LINESTRING (127.3701047 36.3225199, 127.3701081 36.3225199)"
678,5,"LINESTRING (127.3652127 36.3206195, 127.3652717 36.3206637)"
679,5,"LINESTRING (127.3451289 36.3034405, 127.3449508 36.303406)"
680,5,"LINESTRING (127.3283992 36.2918246, 127.3280105 36.2918205)"
681,5,"LINESTRING (127.2773122 36.5540744, 127.2773116 36.5543079)"
682,5,"LINESTRING (127.2757605 36.5555193, 127.2746004 36.5555847)"
683,5,"LINESTRING (127.3406364 36.3884409, 127.341024 36.3886767)"
684,5,"LINESTRING (127.2723558 36.5562413, 127.2722192 36.5563465)"
685,5,"LINESTRING (127.2456577 36.4846766, 127.2455685 36.4849928)"
686,5,"LINESTRING (127.2414734 36.5091979, 127.2415115 36.5115221)"
687,5,"LINESTRING (127.2998255 36.4200782, 127.2996997 36.419968)"
688,5,"LINESTRING (127.3193625 36.2891437, 127.3195173 36.2891322)"
689,5,"LINESTRING (127.2485767 36.4740782, 127.2480144 36.4746874)"
690,5,"LINESTRING (127.3683621 36.3106996, 127.3683289 36.3105869)"
691,5,"LINESTRING (127.2720075 36.5565093, 127.2719458 36.5565696)"
692,5,"LINESTRING (127.2441054 36.4882235, 127.2439304 36.4884944)"
693,5,"LINESTRING (127.240884 36.4923716, 127.2405943 36.492865)"
694,5,"LINESTRING (127.2435697 36.520328, 127.2439517 36.5206615)"
695,5,"LINESTRING (127.2948749 36.4154161, 127.2944489 36.4166658)"
696,5,"LINESTRING (127.2775955 36.4617435, 127.2774097 36.4619415)"
697,5,"LINESTRING (127.3319241 36.3726413, 127.3323745 36.3736994)"
698,5,"LINESTRING (127.2814198 36.4579696, 127.2812687 36.4581171)"
699,5,"LINESTRING (127.2704232 36.5413167, 127.2707622 36.5418934)"
700,5,"LINESTRING (127.2421663 36.4908526, 127.2412698 36.4918676)"
701,5,"LINESTRING (127.3288098 36.2929783, 127.3289347 36.2928983)"
702,5,"LINESTRING (127.2649684 36.4672222, 127.2645304 36.4673791)"
703,5,"LINESTRING (127.3309261 36.3015947, 127.3304874 36.301558)"
704,5,"LINESTRING (127.3427208 36.3029118, 127.3411955 36.3025735)"
705,5,"LINESTRING (127.3399498 36.3022716, 127.3398363 36.3022471)"
706,5,"LINESTRING (127.273914 36.46545, 127.2736571 36.4655027)"
707,5,"LINESTRING (127.2463296 36.522401, 127.2466792 36.5227281)"
708,5,"LINESTRING (127.2733992 36.5632083, 127.2734348 36.5632715)"
709,5,"LINESTRING (127.3454518 36.3034941, 127.3451289 36.3034405)"
710,5,"LINESTRING (127.3712717 36.3167765, 127.3712501 36.3163483)"
711,5,"LINESTRING (127.2993242 36.4059243, 127.2989249 36.4063581)"
712,5,"LINESTRING (127.3101746 36.3036083, 127.3097491 36.3040827)"
713,5,"LINESTRING (127.3205004 36.3431461, 127.3214921 36.3446974)"
714,5,"LINESTRING (127.296847 36.4209711, 127.2969497 36.4209434)"
715,5,"LINESTRING (127.313887 36.2993832, 127.3136619 36.2998994)"
716,5,"LINESTRING (127.3291121 36.2927498, 127.3291993 36.2925993)"
717,5,"LINESTRING (127.3205259 36.3936963, 127.3198528 36.3939973)"
718,5,"LINESTRING (127.2398776 36.4961855, 127.2399277 36.4965526)"
719,5,"LINESTRING (127.3300866 36.3014917, 127.3298984 36.3014472)"
720,5,"LINESTRING (127.2773217 36.5550616, 127.277318 36.5551734)"
721,5,"LINESTRING (127.2860718 36.4427792, 127.2860053 36.4462445)"
722,5,"LINESTRING (127.3655665 36.3221813, 127.3655865 36.32224)"
723,5,"LINESTRING (127.3713098 36.3180288, 127.3713056 36.3178215)"
724,5,"LINESTRING (127.294804 36.4228888, 127.2949214 36.4227619)"
725,5,"LINESTRING (127.3685872 36.312008, 127.3683871 36.3111081)"
726,5,"LINESTRING (127.3342872 36.3780249, 127.3345723 36.3786889)"
727,5,"LINESTRING (127.2997511 36.4208174, 127.2998931 36.4206553)"
728,5,"LINESTRING (127.328624 36.2918746, 127.3283992 36.2918246)"
729,5,"LINESTRING (127.3237238 36.298849, 127.3236616 36.2987948)"
730,5,"LINESTRING (127.2820925 36.4572649, 127.281816 36.4575637)"
731,5,"LINESTRING (127.2414114 36.5070242, 127.2414605 36.5083739)"
732,5,"LINESTRING (127.2984099 36.4209431, 127.2982889 36.4211503)"
733,5,"LINESTRING (127.2960122 36.4215746, 127.2963622 36.4212327)"
734,5,"LINESTRING (127.2916003 36.4266066, 127.2912717 36.4268494)"
735,5,"LINESTRING (127.3304874 36.301558, 127.3303204 36.3015362)"
736,5,"LINESTRING (127.3712638 36.3188952, 127.3713119 36.3187492)"
737,5,"LINESTRING (127.3383614 36.3907413, 127.3378999 36.3907082)"
738,5,"LINESTRING (127.2719116 36.5610076, 127.2723175 36.5616881)"
739,5,"LINESTRING (127.3576332 36.3062229, 127.3575541 36.3062021)"
740,5,"LINESTRING (127.3598866 36.3067863, 127.3579872 36.3063162)"
741,5,"LINESTRING (127.3345907 36.3910607, 127.3341546 36.3911214)"
742,5,"LINESTRING (127.3288375 36.3918666, 127.3263623 36.3922165)"
743,5,"LINESTRING (127.3599935 36.306809, 127.3598866 36.3067863)"
744,5,"LINESTRING (127.3097491 36.3040827, 127.3096284 36.3042448)"
745,5,"LINESTRING (127.2640725 36.5363045, 127.2645402 36.5364317)"
746,5,"LINESTRING (127.3703993 36.320892, 127.3704218 36.320801)"
747,5,"LINESTRING (127.3464116 36.3036576, 127.3454518 36.3034941)"
748,5,"LINESTRING (127.2747865 36.4651775, 127.2744714 36.4653059)"
749,5,"LINESTRING (127.2999809 36.4203562, 127.2999678 36.4202381)"
750,5,"LINESTRING (127.3072118 36.3176577, 127.3075117 36.3184831)"
751,5,"LINESTRING (127.2670239 36.5374435, 127.2673161 36.5376217)"
752,5,"LINESTRING (127.3713108 36.3180622, 127.3713108 36.3180604)"
753,5,"LINESTRING (127.2771094 36.4623385, 127.2768873 36.4627555)"
754,5,"LINESTRING (127.2828897 36.4563252, 127.2826971 36.4565484)"
755,5,"LINESTRING (127.2513174 36.472262, 127.2508601 36.4724918)"
756,5,"LINESTRING (127.2462916 36.4785972, 127.2462441 36.47912)"
757,5,"LINESTRING (127.3689316 36.3132192, 127.3689116 36.3131579)"
758,5,"LINESTRING (127.2935217 36.4193138, 127.2932666 36.420022)"
759,5,"LINESTRING (127.2772044 36.5558466, 127.2771966 36.5558105)"
760,5,"LINESTRING (127.2892885 36.428383, 127.2885559 36.4290849)"
761,5,"LINESTRING (127.3312007 36.3643308, 127.3312028 36.3644119)"
762,5,"LINESTRING (127.2728745 36.5622725, 127.272938 36.5623456)"
763,5,"LINESTRING (127.3666498 36.3226162, 127.3667312 36.3225667)"
764,5,"LINESTRING (127.2733569 36.5631713, 127.2733992 36.5632083)"
765,5,"LINESTRING (127.3402622 36.3882249, 127.3404883 36.3883506)"
766,5,"LINESTRING (127.3703367 36.3149914, 127.3695616 36.3141746)"
767,5,"LINESTRING (127.2693347 36.5395567, 127.2695115 36.5398112)"
768,5,"LINESTRING (127.3493923 36.3041915, 127.3491752 36.3041525)"
769,5,"LINESTRING (127.326695 36.3543434, 127.3267738 36.3544923)"
770,5,"LINESTRING (127.2760097 36.5555153, 127.2757605 36.5555193)"
771,5,"LINESTRING (127.2735429 36.555709, 127.2733763 36.5557492)"
772,5,"LINESTRING (127.2404615 36.4995368, 127.2405273 36.4999012)"
773,5,"LINESTRING (127.3312384 36.3664981, 127.3312562 36.36704)"
774,5,"LINESTRING (127.2443796 36.5209725, 127.2454672 36.5217348)"
775,5,"LINESTRING (127.2532247 36.5328695, 127.2536964 36.5331409)"
776,5,"LINESTRING (127.2411307 36.492044, 127.2410993 36.4920845)"
777,5,"LINESTRING (127.3389557 36.3020413, 127.3387553 36.3019941)"
778,5,"LINESTRING (127.2673161 36.5376217, 127.2675881 36.5378106)"
779,5,"LINESTRING (127.34126 36.388861, 127.341429 36.3890703)"
780,5,"LINESTRING (127.3253125 36.2891741, 127.3256497 36.2892666)"
781,5,"LINESTRING (127.2861589 36.4366535, 127.2861525 36.4373386)"
782,5,"LINESTRING (127.2701931 36.5590291, 127.2710357 36.559404)"
783,5,"LINESTRING (127.2952245 36.4144079, 127.2948749 36.4154161)"
784,5,"LINESTRING (127.321612 36.2891263, 127.3229373 36.2891165)"
785,5,"LINESTRING (127.2754247 36.4648569, 127.2750536 36.4650626)"
786,5,"LINESTRING (127.3235993 36.2918249, 127.3229121 36.2918825)"
787,5,"LINESTRING (127.3111035 36.3281147, 127.311301 36.3284675)"
788,5,"LINESTRING (127.3682489 36.3091416, 127.3681443 36.3090622)"
789,5,"LINESTRING (127.3680403 36.3225609, 127.3683177 36.3225495)"
790,5,"LINESTRING (127.2866917 36.4319313, 127.2865003 36.4325558)"
791,5,"LINESTRING (127.2761732 36.4642227, 127.2760937 36.4643118)"
792,5,"LINESTRING (127.3414143 36.3902721, 127.3411774 36.3905467)"
793,5,"LINESTRING (127.2399277 36.4965526, 127.2401305 36.4976853)"
794,5,"LINESTRING (127.3691624 36.3137658, 127.3690624 36.3135745)"
795,5,"LINESTRING (127.24624 36.4810691, 127.2462252 36.4815018)"
796,5,"LINESTRING (127.2773208 36.5549885, 127.2773217 36.5550616)"
797,5,"LINESTRING (127.2672571 36.4666533, 127.2670427 36.4666962)"
798,5,"LINESTRING (127.2463573 36.4779537, 127.2463058 36.4783376)"
799,5,"LINESTRING (127.318733 36.2902291, 127.3186775 36.2901343)"
800,5,"LINESTRING (127.3702036 36.3220206, 127.3701993 36.3219493)"
801,5,"LINESTRING (127.2931369 36.4243167, 127.293291 36.4242818)"
802,5,"LINESTRING (127.2454985 36.4852208, 127.245306 36.4857279)"
803,5,"LINESTRING (127.3184492 36.2935211, 127.3179386 36.2937403)"
804,5,"LINESTRING (127.3198528 36.3939973, 127.3189028 36.3944448)"
805,5,"LINESTRING (127.3068842 36.3149706, 127.3068614 36.3151996)"
806,5,"LINESTRING (127.3400827 36.3909374, 127.3398496 36.3909434)"
807,5,"LINESTRING (127.2691055 36.5392263, 127.2693347 36.5395567)"
808,5,"LINESTRING (127.2727935 36.5559789, 127.2726021 36.5560678)"
809,5,"LINESTRING (127.3273741 36.2915491, 127.3275248 36.291891)"
810,5,"LINESTRING (127.2999678 36.4202381, 127.2998255 36.4200782)"
811,5,"LINESTRING (127.2861174 36.4399873, 127.2861044 36.4410456)"
812,5,"LINESTRING (127.2412698 36.4918676, 127.2411307 36.492044)"
813,5,"LINESTRING (127.2729811 36.5625044, 127.2730035 36.5628821)"
814,5,"LINESTRING (127.3548877 36.3055299, 127.354027 36.3053197)"
815,5,"LINESTRING (127.2471145 36.5231555, 127.247417 36.5235591)"
816,5,"LINESTRING (127.2856934 36.4505244, 127.2854217 36.4515373)"
817,5,"LINESTRING (127.3206873 36.2936723, 127.3206741 36.2936398)"
818,5,"LINESTRING (127.2683783 36.5384568, 127.268669 36.5387494)"
819,5,"LINESTRING (127.3323745 36.3736994, 127.3336249 36.3765076)"
820,5,"LINESTRING (127.2704918 36.5585474, 127.2704166 36.5586518)"
821,5,"LINESTRING (127.2773154 36.5552932, 127.2773101 36.5555961)"
822,5,"LINESTRING (127.2405273 36.4999012, 127.2405448 36.4999995)"
823,5,"LINESTRING (127.3675489 36.3225748, 127.367599 36.3225749)"
824,5,"LINESTRING (127.2455685 36.4849928, 127.2454985 36.4852208)"
825,5,"LINESTRING (127.2486341 36.526817, 127.2487434 36.5271977)"
826,5,"LINESTRING (127.3218763 36.3452993, 127.3225544 36.3464993)"
827,5,"LINESTRING (127.370212 36.3216744, 127.3702222 36.3215698)"
828,5,"LINESTRING (127.2921542 36.4234459, 127.2921531 36.4234576)"
829,5,"LINESTRING (127.3291114 36.3589078, 127.3300903 36.3608448)"
830,5,"LINESTRING (127.3263259 36.2896444, 127.326576 36.2898855)"
831,5,"LINESTRING (127.2968 36.4099246, 127.2962247 36.4115491)"
832,5,"LINESTRING (127.2921937 36.423308, 127.2921542 36.4234459)"
833,5,"LINESTRING (127.3214921 36.3446974, 127.3218763 36.3452993)"
834,5,"LINESTRING (127.3209763 36.2924557, 127.3197545 36.292993)"
835,5,"LINESTRING (127.3114895 36.3288239, 127.311849 36.3294582)"
836,5,"LINESTRING (127.3710794 36.3192222, 127.3711822 36.3190411)"
837,5,"LINESTRING (127.3211225 36.2947936, 127.3208313 36.2940314)"
838,5,"LINESTRING (127.2450844 36.4862305, 127.2449404 36.4865637)"
839,5,"LINESTRING (127.300574 36.4047913, 127.3005561 36.4048057)"
840,5,"LINESTRING (127.273537 36.5634745, 127.273624 36.5635495)"
841,5,"LINESTRING (127.3703567 36.3210408, 127.3703993 36.320892)"
842,5,"LINESTRING (127.3486184 36.3040499, 127.3482866 36.3039909)"
843,5,"LINESTRING (127.2480144 36.4746874, 127.2477534 36.4749762)"
844,5,"LINESTRING (127.3172996 36.2941162, 127.3168871 36.2943166)"
845,5,"LINESTRING (127.248307 36.5253523, 127.2483712 36.5255589)"
846,5,"LINESTRING (127.2462379 36.4796356, 127.2462386 36.4801207)"
847,5,"LINESTRING (127.3530729 36.3051031, 127.35275 36.3050368)"
848,5,"LINESTRING (127.3189919 36.2904648, 127.318733 36.2902291)"
849,5,"LINESTRING (127.3273121 36.2913912, 127.3273741 36.2915491)"
850,5,"LINESTRING (127.33123 36.3662556, 127.3312384 36.3664981)"
851,5,"LINESTRING (127.3689327 36.3132201, 127.3689316 36.3132192)"
852,5,"LINESTRING (127.3415397 36.3900468, 127.3414143 36.3902721)"
853,5,"LINESTRING (127.2763121 36.4640409, 127.2761732 36.4642227)"
854,5,"LINESTRING (127.3684121 36.3094583, 127.3683833 36.3093446)"
855,5,"LINESTRING (127.2413769 36.505991, 127.2414114 36.5070242)"
856,5,"LINESTRING (127.269274 36.466266, 127.2672571 36.4666533)"
857,5,"LINESTRING (127.2460027 36.4832962, 127.2459097 36.483745)"
858,5,"LINESTRING (127.2658928 36.5368986, 127.2663123 36.5370788)"
859,5,"LINESTRING (127.2969497 36.4209434, 127.2971539 36.4209185)"
860,5,"LINESTRING (127.3259245 36.2893743, 127.3261247 36.2894909)"
861,5,"LINESTRING (127.3203158 36.2891244, 127.321612 36.2891263)"
862,5,"LINESTRING (127.3472489 36.3038165, 127.3466766 36.3037075)"
863,5,"LINESTRING (127.2912717 36.4268494, 127.2902288 36.4276193)"
864,5,"LINESTRING (127.241822 36.5175557, 127.2419238 36.5178624)"
865,5,"LINESTRING (127.2769062 36.551105, 127.2776284 36.5521602)"
866,5,"LINESTRING (127.273685 36.555675, 127.2735429 36.555709)"
867,5,"LINESTRING (127.3498821 36.3043066, 127.3493923 36.3041915)"
868,5,"LINESTRING (127.3214846 36.2956975, 127.3213794 36.2954224)"
869,5,"LINESTRING (127.2461176 36.482632, 127.2460027 36.4832962)"
870,5,"LINESTRING (127.2793751 36.4599645, 127.2789723 36.4603361)"
871,5,"LINESTRING (127.2477605 36.5240809, 127.248028 36.5246043)"
872,5,"LINESTRING (127.2723621 36.5617162, 127.2725193 36.5618463)"
873,5,"LINESTRING (127.2993612 36.4210412, 127.2995834 36.4209532)"
874,5,"LINESTRING (127.24616 36.4823238, 127.2461176 36.482632)"
875,5,"LINESTRING (127.324817 36.2891121, 127.325072 36.2891332)"
876,5,"LINESTRING (127.3091242 36.305041, 127.3088743 36.305641)"
877,5,"LINESTRING (127.3712501 36.3163483, 127.3712081 36.3161697)"
878,5,"LINESTRING (127.2439517 36.5206615, 127.2443796 36.5209725)"
879,5,"LINESTRING (127.3200814 36.2922569, 127.3197591 36.2914874)"
880,5,"LINESTRING (127.3709666 36.3194331, 127.3710325 36.3193015)"
881,5,"LINESTRING (127.3709649 36.3156907, 127.3708849 36.3155852)"
882,5,"LINESTRING (127.3292119 36.2924326, 127.3291744 36.292291)"
883,5,"LINESTRING (127.3267738 36.3544923, 127.3287617 36.3582582)"
884,5,"LINESTRING (127.3186775 36.2901343, 127.3186445 36.2899693)"
885,5,"LINESTRING (127.307387 36.4007745, 127.3051624 36.4020159)"
886,5,"LINESTRING (127.286146 36.4380815, 127.2861351 36.4392264)"
887,5,"LINESTRING (127.2739282 36.5469858, 127.2742263 36.5474164)"
888,5,"LINESTRING (127.2921366 36.4237749, 127.2921998 36.4239409)"
889,5,"LINESTRING (127.2523189 36.4718412, 127.2513174 36.472262)"
890,5,"LINESTRING (127.3251506 36.2998338, 127.3250293 36.2997705)"
891,5,"LINESTRING (127.3385857 36.3863511, 127.3386057 36.3863809)"
892,5,"LINESTRING (127.3655864 36.3079748, 127.3653571 36.3078997)"
893,5,"LINESTRING (127.3186445 36.2899693, 127.3186259 36.2898358)"
894,5,"LINESTRING (127.3311855 36.3641477, 127.3312008 36.3643064)"
895,5,"LINESTRING (127.2571074 36.5344145, 127.2601535 36.5352383)"
896,5,"LINESTRING (127.3068991 36.3148246, 127.3068842 36.3149706)"
897,5,"LINESTRING (127.338862 36.3908078, 127.3383614 36.3907413)"
898,5,"LINESTRING (127.2730035 36.5628821, 127.2730212 36.562939)"
899,5,"LINESTRING (127.3655684 36.3211076, 127.3655683 36.3211292)"
900,5,"LINESTRING (127.3123375 36.3018248, 127.3120997 36.3020408)"
901,5,"LINESTRING (127.3070614 36.3172166, 127.30713 36.3174187)"
902,5,"LINESTRING (127.3313497 36.3696897, 127.3313866 36.3706499)"
903,5,"LINESTRING (127.245306 36.4857279, 127.2452205 36.4859234)"
904,5,"LINESTRING (127.2514149 36.5315062, 127.2515486 36.531621)"
905,5,"LINESTRING (127.2722192 36.5563465, 127.2720075 36.5565093)"
906,5,"LINESTRING (127.3246889 36.2995924, 127.3246022 36.2995355)"
907,5,"LINESTRING (127.2415841 36.5148894, 127.2415806 36.5152707)"
908,5,"LINESTRING (127.3288266 36.3011166, 127.3281699 36.3008903)"
909,5,"LINESTRING (127.2757256 36.4646384, 127.2756282 36.4647193)"
910,5,"LINESTRING (127.2737602 36.5467402, 127.2739282 36.5469858)"
911,5,"LINESTRING (127.2415635 36.5140221, 127.2415654 36.5141068)"
912,5,"LINESTRING (127.3286862 36.2929908, 127.3288098 36.2929783)"
913,5,"LINESTRING (127.277343 36.5538788, 127.2773316 36.5539473)"
914,5,"LINESTRING (127.3094374 36.3044996, 127.3091869 36.3049076)"
915,5,"LINESTRING (127.3178624 36.3389833, 127.3193835 36.3413585)"
916,5,"LINESTRING (127.3654797 36.3208136, 127.3655208 36.3208894)"
917,5,"LINESTRING (127.3360876 36.3908283, 127.3353247 36.390958)"
918,5,"LINESTRING (127.3687367 36.312541, 127.3685872 36.312008)"
919,5,"LINESTRING (127.3269579 36.3004693, 127.3268188 36.300424)"
920,5,"LINESTRING (127.366347 36.3224788, 127.3664438 36.3225339)"
921,5,"LINESTRING (127.246246 36.5223278, 127.2463296 36.522401)"
922,5,"LINESTRING (127.2731246 36.5558371, 127.2727935 36.5559789)"
923,5,"LINESTRING (127.2508187 36.4725116, 127.2504822 36.4726912)"
924,5,"LINESTRING (127.2434239 36.5201888, 127.2435697 36.520328)"
925,5,"LINESTRING (127.325072 36.2891332, 127.3253125 36.2891741)"
926,5,"LINESTRING (127.2859177 36.4493078, 127.285837 36.449853)"
927,5,"LINESTRING (127.2963622 36.4212327, 127.296512 36.4211247)"
928,5,"LINESTRING (127.2417667 36.5174068, 127.241822 36.5175557)"
929,5,"LINESTRING (127.311849 36.3294582, 127.3121076 36.3298553)"
930,5,"LINESTRING (127.3267348 36.2900841, 127.3273121 36.2913912)"
931,5,"LINESTRING (127.3397991 36.3878826, 127.339995 36.3880506)"
932,5,"LINESTRING (127.3182498 36.3947494, 127.3173621 36.395216)"
933,5,"LINESTRING (127.3303204 36.3015362, 127.3300866 36.3014917)"
934,5,"LINESTRING (127.3491696 36.3041516, 127.3486184 36.3040499)"
935,5,"LINESTRING (127.293291 36.4242818, 127.293484 36.4242641)"
936,5,"LINESTRING (127.3575541 36.3062021, 127.3568137 36.30601)"
937,5,"LINESTRING (127.3192719 36.2907591, 127.3189919 36.2904648)"
938,5,"LINESTRING (127.3655547 36.3219054, 127.3655568 36.3219731)"
939,5,"LINESTRING (127.3664438 36.3225339, 127.3665339 36.3226161)"
940,5,"LINESTRING (127.3176374 36.2939661, 127.3172996 36.2941162)"
941,5,"LINESTRING (127.2432604 36.489518, 127.2430317 36.4898177)"
942,5,"LINESTRING (127.3704218 36.320801, 127.3705271 36.3204126)"
943,5,"LINESTRING (127.2399609 36.4946297, 127.2399018 36.4949604)"
944,5,"LINESTRING (127.2408946 36.5019277, 127.2409715 36.5023146)"
945,5,"LINESTRING (127.2454672 36.5217348, 127.2457759 36.5219509)"
946,5,"LINESTRING (127.2726663 36.5620052, 127.2728745 36.5622725)"
947,5,"LINESTRING (127.2496548 36.5293101, 127.2499994 36.529821)"
948,5,"LINESTRING (127.3710325 36.3193015, 127.3710794 36.3192222)"
949,5,"LINESTRING (127.277383 36.5559055, 127.2773427 36.5559108)"
950,5,"LINESTRING (127.2997368 36.4055166, 127.2993242 36.4059243)"
951,5,"LINESTRING (127.2465665 36.4771346, 127.2464185 36.4776788)"
952,5,"LINESTRING (127.354027 36.3053197, 127.353496 36.3051883)"
953,5,"LINESTRING (127.2978002 36.4216417, 127.2973862 36.4220954)"
954,5,"LINESTRING (127.3105442 36.3267281, 127.3109374 36.3276997)"
955,5,"LINESTRING (127.2925748 36.4242742, 127.2927744 36.4243241)"
956,5,"LINESTRING (127.273099 36.5630915, 127.2731269 36.5631077)"
957,5,"LINESTRING (127.3290347 36.3011854, 127.3288266 36.3011166)"
958,5,"LINESTRING (127.326576 36.2898855, 127.3267348 36.2900841)"
959,5,"LINESTRING (127.2767457 36.5556402, 127.2765436 36.5555785)"
960,5,"LINESTRING (127.3526431 36.3050115, 127.3524338 36.3049589)"
961,5,"LINESTRING (127.2703123 36.5587976, 127.2701529 36.559011)"
962,5,"LINESTRING (127.323974 36.2891082, 127.324032 36.2891082)"
963,5,"LINESTRING (127.2458517 36.5220043, 127.246246 36.5223278)"
964,5,"LINESTRING (127.2734937 36.5633987, 127.273537 36.5634745)"
965,5,"LINESTRING (127.2499991 36.4729606, 127.249923 36.4730118)"
966,5,"LINESTRING (127.268669 36.5387494, 127.2691055 36.5392263)"
967,5,"LINESTRING (127.3234549 36.2985953, 127.3231493 36.298291)"
968,5,"LINESTRING (127.3357312 36.3015059, 127.3338833 36.3015502)"
969,5,"LINESTRING (127.2949214 36.4227619, 127.2960122 36.4215746)"
970,5,"LINESTRING (127.3416015 36.3898215, 127.3415397 36.3900468)"
971,5,"LINESTRING (127.3179386 36.2937403, 127.3176374 36.2939661)"
972,5,"LINESTRING (127.3150008 36.2970084, 127.314337 36.2984237)"
973,5,"LINESTRING (127.3702295 36.3225192, 127.370222 36.3223695)"
974,5,"LINESTRING (127.3652717 36.3206637, 127.3653629 36.3207161)"
975,5,"LINESTRING (127.2467217 36.4767563, 127.2465665 36.4771346)"
976,5,"LINESTRING (127.3068616 36.3160083, 127.306914 36.3164708)"
977,5,"LINESTRING (127.2419238 36.5178624, 127.242082 36.5182937)"
978,5,"LINESTRING (127.3244707 36.2891062, 127.324817 36.2891121)"
979,5,"LINESTRING (127.2774222 36.5558749, 127.277383 36.5559055)"
980,5,"LINESTRING (127.3105118 36.3032825, 127.3101746 36.3036083)"
981,5,"LINESTRING (127.2763303 36.5555393, 127.2760097 36.5555153)"
982,5,"LINESTRING (127.3279873 36.2927662, 127.3281619 36.2928746)"
983,5,"LINESTRING (127.3309121 36.3627247, 127.3310371 36.3631829)"
984,5,"LINESTRING (127.3304655 36.3615476, 127.330787 36.3623666)"
985,5,"LINESTRING (127.3225544 36.3464993, 127.3260912 36.3531994)"
986,5,"LINESTRING (127.3370079 36.3837219, 127.3372123 36.3840828)"
987,5,"LINESTRING (127.2846688 36.4534057, 127.2845645 36.453611)"
988,5,"LINESTRING (127.3287617 36.3582582, 127.3291114 36.3589078)"
989,5,"LINESTRING (127.3444464 36.303299, 127.3430447 36.302987)"
990,5,"LINESTRING (127.3291993 36.2925993, 127.3292119 36.2924326)"
991,5,"LINESTRING (127.2549847 36.5337466, 127.255402 36.5339206)"
992,5,"LINESTRING (127.2785638 36.4607365, 127.2784841 36.460886)"
993,5,"LINESTRING (127.314337 36.2984237, 127.3142275 36.2985687)"
994,5,"LINESTRING (127.3195545 36.3416328, 127.3198065 36.3420362)"
995,5,"LINESTRING (127.3212828 36.3933341, 127.3205259 36.3936963)"
996,5,"LINESTRING (127.2470175 36.4760997, 127.2467217 36.4767563)"
997,5,"LINESTRING (127.3683289 36.3105869, 127.3683167 36.3105229)"
998,5,"LINESTRING (127.3477366 36.3038991, 127.3472489 36.3038165)"
999,5,"LINESTRING (127.2504822 36.4726912, 127.2499991 36.4729606)"
1000,5,"LINESTRING (127.2701529 36.559011, 127.2701931 36.5590291)"
1001,5,"LINESTRING (127.2416567 36.5168954, 127.2416972 36.5171362)"
1002,5,"LINESTRING (127.3173621 36.395216, 127.3172873 36.3952564)"
1003,5,"LINESTRING (127.3288243 36.2919578, 127.328624 36.2918746)"
1004,5,"LINESTRING (127.2854217 36.4515373, 127.2853833 36.4516796)"
1005,5,"LINESTRING (127.341429 36.3890703, 127.3415268 36.3892571)"
1006,5,"LINESTRING (127.3662485 36.3083659, 127.3661662 36.3083343)"
1007,5,"LINESTRING (127.2433025 36.5200633, 127.2434239 36.5201888)"
1008,5,"LINESTRING (127.3689116 36.3131579, 127.3687367 36.312541)"
1009,5,"LINESTRING (127.3387553 36.3019941, 127.3385471 36.3019451)"
1010,5,"LINESTRING (127.2931046 36.4205302, 127.2930877 36.4205779)"
1011,5,"LINESTRING (127.3154576 36.2960003, 127.3150008 36.2970084)"
1012,5,"LINESTRING (127.2955033 36.413579, 127.2952245 36.4144079)"
1013,5,"LINESTRING (127.3351493 36.3800131, 127.3353102 36.3803559)"
1014,5,"LINESTRING (127.3291744 36.292291, 127.3290489 36.2921159)"
1015,5,"LINESTRING (127.24246 36.4905206, 127.2421663 36.4908526)"
1016,5,"LINESTRING (127.324032 36.2891082, 127.3240843 36.2891083)"
1017,5,"LINESTRING (127.2938955 36.4238988, 127.2945198 36.4232048)"
1018,5,"LINESTRING (127.273624 36.5635495, 127.2739245 36.5639594)"
1019,5,"LINESTRING (127.2899794 36.4278217, 127.2899101 36.4278784)"
1020,5,"LINESTRING (127.3217744 36.2921575, 127.3216262 36.2922051)"
1021,5,"LINESTRING (127.2411201 36.503294, 127.2412428 36.5043526)"
1022,5,"LINESTRING (127.2723175 36.5616881, 127.2723621 36.5617162)"
1023,5,"LINESTRING (127.327609 36.3006956, 127.3274743 36.3006486)"
1024,5,"LINESTRING (127.3341546 36.3911214, 127.3330169 36.3912875)"
1025,5,"LINESTRING (127.3134372 36.3974078, 127.3107996 36.3988912)"
1026,5,"LINESTRING (127.2490022 36.5279853, 127.2491098 36.5282352)"
1027,5,"LINESTRING (127.2989427 36.4210937, 127.2991625 36.4210787)"
1028,5,"LINESTRING (127.2739835 36.5640568, 127.27398 36.5640956)"
1029,5,"LINESTRING (127.3372123 36.3840828, 127.3372579 36.3841613)"
1030,5,"LINESTRING (127.2697039 36.5401028, 127.2704232 36.5413167)"
1031,5,"LINESTRING (127.2705728 36.4660314, 127.269274 36.466266)"
1032,5,"LINESTRING (127.2733819 36.5461887, 127.2737602 36.5467402)"
1033,5,"LINESTRING (127.3682916 36.3102659, 127.368331 36.3100198)"
1034,5,"LINESTRING (127.3142275 36.2985687, 127.3141872 36.2986579)"
1035,5,"LINESTRING (127.2992961 36.4198952, 127.2991018 36.4199544)"
1036,5,"LINESTRING (127.3241841 36.2992419, 127.3240873 36.2991642)"
1037,5,"LINESTRING (127.3168871 36.2943166, 127.3166116 36.2944911)"
1038,5,"LINESTRING (127.3207438 36.2938076, 127.3206873 36.2936723)"
1039,5,"LINESTRING (127.3366366 36.3015522, 127.3361422 36.3015109)"
1040,5,"LINESTRING (127.3312028 36.3644119, 127.33123 36.3662556)"
1041,5,"LINESTRING (127.2555887 36.4706499, 127.2523189 36.4718412)"
1042,5,"LINESTRING (127.3371265 36.3016295, 127.3366366 36.3015522)"
1043,5,"LINESTRING (127.32895 36.2920328, 127.3288243 36.2919578)"
1044,5,"LINESTRING (127.319124 36.2891992, 127.3193625 36.2891437)"
1045,5,"LINESTRING (127.246175 36.482167, 127.24616 36.4823238)"
1046,5,"LINESTRING (127.3226049 36.2977195, 127.3224249 36.2975245)"
1047,5,"LINESTRING (127.3330169 36.3912875, 127.3319115 36.39145)"
1048,5,"LINESTRING (127.2774459 36.5557884, 127.2774458 36.5558128)"
1049,5,"LINESTRING (127.3246022 36.2995355, 127.3243119 36.2993439)"
1050,5,"LINESTRING (127.3661143 36.3224037, 127.366347 36.3224788)"
1051,5,"LINESTRING (127.2872851 36.4307622, 127.2868602 36.4315232)"
1052,5,"LINESTRING (127.2412428 36.5043526, 127.2413162 36.5051028)"
1053,5,"LINESTRING (127.3197545 36.292993, 127.3188805 36.2933856)"
1054,5,"LINESTRING (127.2771966 36.5558105, 127.2771945 36.555778)"
1055,5,"LINESTRING (127.3281699 36.3008903, 127.327609 36.3006956)"
1056,5,"LINESTRING (127.3684242 36.3095746, 127.3684121 36.3094583)"
1057,5,"LINESTRING (127.3627506 36.3072521, 127.3625012 36.3072266)"
1058,5,"LINESTRING (127.2457717 36.4842946, 127.2456577 36.4846766)"
1059,5,"LINESTRING (127.2471512 36.4758377, 127.2470175 36.4760997)"
1060,5,"LINESTRING (127.2710357 36.559404, 127.2710334 36.5594346)"
1061,5,"LINESTRING (127.3692213 36.3138362, 127.3691624 36.3137658)"
1062,5,"LINESTRING (127.3072871 36.3128833, 127.3068991 36.3148246)"
1063,5,"LINESTRING (127.2859856 36.4485398, 127.2859177 36.4493078)"
1064,5,"LINESTRING (127.3300903 36.3608448, 127.3304655 36.3615476)"
1065,5,"LINESTRING (127.28612 36.4398268, 127.2861174 36.4399873)"
1066,5,"LINESTRING (127.3096284 36.3042448, 127.3094374 36.3044996)"
1067,5,"LINESTRING (127.2999638 36.4204995, 127.2999809 36.4203562)"
1068,5,"LINESTRING (127.3710405 36.3157846, 127.3709649 36.3156907)"
1069,5,"LINESTRING (127.255402 36.5339206, 127.2560135 36.5341292)"
1070,5,"LINESTRING (127.307899 36.3195413, 127.3086771 36.3216242)"
1071,5,"LINESTRING (127.306914 36.3164708, 127.3069249 36.3165664)"
1072,5,"LINESTRING (127.2777292 36.55285, 127.2775179 36.5532896)"
1073,5,"LINESTRING (127.2401305 36.4976853, 127.2402949 36.498607)"
1074,5,"LINESTRING (127.2775179 36.5532896, 127.277343 36.5538788)"
1075,5,"LINESTRING (127.277318 36.5551734, 127.2773154 36.5552932)"
1076,5,"LINESTRING (127.2798474 36.4594903, 127.2793751 36.4599645)"
1077,5,"LINESTRING (127.272938 36.5623456, 127.2729658 36.5624015)"
1078,5,"LINESTRING (127.3683993 36.3097828, 127.3684129 36.3096728)"
1079,5,"LINESTRING (127.2645304 36.4673791, 127.2639036 36.4676023)"
1080,5,"LINESTRING (127.2773179 36.5540393, 127.2773122 36.5540744)"
1081,5,"LINESTRING (127.3080173 36.3094685, 127.3079869 36.3096082)"
1082,5,"LINESTRING (127.3146118 36.3338413, 127.3161371 36.3362661)"
1083,5,"LINESTRING (127.3216262 36.2922051, 127.3214122 36.2922742)"
1084,5,"LINESTRING (127.3220375 36.2969515, 127.3219554 36.2967828)"
1085,5,"LINESTRING (127.3684129 36.3096728, 127.3684242 36.3095746)"
1086,5,"LINESTRING (127.3214122 36.2922742, 127.3209763 36.2924557)"
1087,5,"LINESTRING (127.2446953 36.4870888, 127.2445514 36.4873824)"
1088,5,"LINESTRING (127.3226369 36.2919244, 127.32215 36.2920409)"
1089,5,"LINESTRING (127.3683367 36.3092499, 127.3682489 36.3091416)"
1090,5,"LINESTRING (127.3510578 36.3046182, 127.3508318 36.3045603)"
1091,5,"LINESTRING (127.2843288 36.4540821, 127.2840371 36.4546694)"
1092,5,"LINESTRING (127.2746004 36.5555847, 127.2741108 36.5556217)"
1093,5,"LINESTRING (127.2861338 36.4392841, 127.28612 36.4398268)"
1094,5,"LINESTRING (127.330787 36.3623666, 127.3309121 36.3627247)"
1095,5,"LINESTRING (127.2765436 36.5555785, 127.2763303 36.5555393)"
1096,5,"LINESTRING (127.3169864 36.3375909, 127.3170697 36.3377236)"
1097,5,"LINESTRING (127.2654208 36.5367093, 127.2658928 36.5368986)"
1098,5,"LINESTRING (127.2971539 36.4209185, 127.2978632 36.4209945)"
1099,5,"LINESTRING (127.3682903 36.3103426, 127.3682916 36.3102659)"
1100,5,"LINESTRING (127.2739245 36.5639594, 127.2739691 36.5640199)"
1101,5,"LINESTRING (127.353496 36.3051883, 127.3533535 36.3051602)"
1102,5,"LINESTRING (127.3416119 36.3895971, 127.3416015 36.3898215)"
1103,5,"LINESTRING (127.2982122 36.4072413, 127.2977621 36.4079411)"
1104,5,"LINESTRING (127.2977621 36.4079411, 127.2974371 36.4085409)"
1105,5,"LINESTRING (127.2680808 36.538183, 127.2682312 36.5383149)"
1106,5,"LINESTRING (127.2773101 36.5555961, 127.2773109 36.5557007)"
1107,5,"LINESTRING (127.3120997 36.3020408, 127.3117493 36.3023243)"
1108,5,"LINESTRING (127.2459097 36.483745, 127.2458791 36.4838828)"
1109,5,"LINESTRING (127.2402949 36.498607, 127.2404615 36.4995368)"
1110,5,"LINESTRING (127.369668 36.3225221, 127.3700312 36.3225198)"
1111,5,"LINESTRING (127.274153 36.4653999, 127.273914 36.46545)"
1112,5,"LINESTRING (127.2651249 36.4671666, 127.2649684 36.4672222)"
1113,5,"LINESTRING (127.2723838 36.5562161, 127.2723558 36.5562413)"
1114,5,"LINESTRING (127.3068495 36.3155241, 127.3068616 36.3160083)"
1115,5,"LINESTRING (127.2768873 36.4627555, 127.2765376 36.4636555)"
1116,5,"LINESTRING (127.3690624 36.3135745, 127.3689327 36.3132201)"
1117,5,"LINESTRING (127.3161864 36.2948492, 127.3160245 36.2950329)"
1118,5,"LINESTRING (127.2750536 36.4650626, 127.2747865 36.4651775)"
1119,5,"LINESTRING (127.2414686 36.5086362, 127.2414734 36.5091979)"
1120,5,"LINESTRING (127.3087623 36.3218479, 127.3088243 36.3220076)"
1121,5,"LINESTRING (127.3228126 36.2979353, 127.3226049 36.2977195)"
1122,5,"LINESTRING (127.340627 36.3908471, 127.3403024 36.3909125)"
1123,5,"LINESTRING (127.2961742 36.4231706, 127.2943914 36.4245352)"
1124,5,"LINESTRING (127.3186362 36.2897195, 127.3186643 36.2895997)"
1125,5,"LINESTRING (127.2413162 36.5051028, 127.2413455 36.5053571)"
1126,5,"LINESTRING (127.2825314 36.456741, 127.2822951 36.4570219)"
1127,5,"LINESTRING (127.2667752 36.5372961, 127.2670239 36.5374435)"
1128,5,"LINESTRING (127.2853833 36.4516796, 127.2852495 36.452067)"
1129,5,"LINESTRING (127.2995113 36.4199037, 127.2992961 36.4198952)"
1130,5,"LINESTRING (127.2773645 36.555708, 127.2774125 36.5557334)"
1131,5,"LINESTRING (127.365661 36.308001, 127.3655864 36.3079748)"
1132,5,"LINESTRING (127.2789723 36.4603361, 127.2785638 36.4607365)"
1133,5,"LINESTRING (127.2925966 36.4219609, 127.2925815 36.4221854)"
1134,5,"LINESTRING (127.3083865 36.4002244, 127.307387 36.4007745)"
1135,5,"LINESTRING (127.3290489 36.2921159, 127.32895 36.2920328)"
1136,5,"LINESTRING (127.371275 36.3168414, 127.3712717 36.3167765)"
1137,5,"LINESTRING (127.2728514 36.5453529, 127.2733819 36.5461887)"
1138,5,"LINESTRING (127.3247995 36.3924576, 127.3238747 36.3926329)"
1139,5,"LINESTRING (127.3713118 36.3181415, 127.3713108 36.3180622)"
1140,5,"LINESTRING (127.3702122 36.3221829, 127.3702036 36.3220206)"
1141,5,"LINESTRING (127.3208313 36.2940314, 127.3207438 36.2938076)"
1142,5,"LINESTRING (127.3280105 36.2918205, 127.3272822 36.2918176)"
1143,5,"LINESTRING (127.2861633 36.436246, 127.2861589 36.4366535)"
1144,5,"LINESTRING (127.3240843 36.2891083, 127.3243026 36.2891032)"
1145,5,"LINESTRING (127.3681443 36.3090622, 127.3680252 36.3089944)"
1146,5,"LINESTRING (127.3069249 36.3165664, 127.3069997 36.3169416)"
1147,5,"LINESTRING (127.2424984 36.5190401, 127.2427429 36.5194012)"
1148,5,"LINESTRING (127.3533535 36.3051602, 127.3533089 36.3051511)"
1149,5,"LINESTRING (127.3386057 36.3863809, 127.3391116 36.387083)"
1150,5,"LINESTRING (127.2734348 36.5632715, 127.2734937 36.5633987)"
1151,5,"LINESTRING (127.2989979 36.4200138, 127.2989365 36.4200569)"
1152,5,"LINESTRING (127.2705782 36.5584249, 127.2704918 36.5585474)"
1153,5,"LINESTRING (127.2960617 36.4120077, 127.2955033 36.413579)"
1154,5,"LINESTRING (127.3312008 36.3643064, 127.3312007 36.3643308)"
1155,5,"LINESTRING (127.3683619 36.3108232, 127.3683621 36.3106996)"
1156,5,"LINESTRING (127.2491098 36.5282352, 127.2492029 36.5284545)"
1157,5,"LINESTRING (127.3213794 36.2954224, 127.3213384 36.2953394)"
1158,5,"LINESTRING (127.2984933 36.4210623, 127.2989427 36.4210937)"
1159,5,"LINESTRING (127.2493039 36.5286647, 127.2494992 36.52906)"
1160,5,"LINESTRING (127.2436139 36.4889833, 127.2432604 36.489518)"
1161,5,"LINESTRING (127.3254121 36.2999478, 127.3251506 36.2998338)"
1162,5,"LINESTRING (127.3712997 36.3173995, 127.371275 36.3168414)"
1163,5,"LINESTRING (127.3202698 36.2926457, 127.3202222 36.2925231)"
1164,5,"LINESTRING (127.2678557 36.5380077, 127.2680808 36.538183)"
1165,5,"LINESTRING (127.2760937 36.4643118, 127.2759561 36.4644414)"
1166,5,"LINESTRING (127.3009495 36.4044999, 127.300574 36.4047913)"
1167,5,"LINESTRING (127.2773316 36.5539473, 127.2773179 36.5540393)"
1168,5,"LINESTRING (127.2462252 36.4815018, 127.246175 36.482167)"
1169,5,"LINESTRING (127.3088243 36.3220076, 127.3089118 36.3222331)"
1170,5,"LINESTRING (127.341024 36.3886767, 127.34126 36.388861)"
1171,5,"LINESTRING (127.3683177 36.3225495, 127.3687165 36.3225409)"
1172,5,"LINESTRING (127.3161371 36.3362661, 127.3169864 36.3375909)"
1173,5,"LINESTRING (127.2945198 36.4232048, 127.294804 36.4228888)"
1174,5,"LINESTRING (127.2430099 36.5197354, 127.2433025 36.5200633)"
1175,5,"LINESTRING (127.2989365 36.4200569, 127.2988962 36.4201073)"
1176,5,"LINESTRING (127.2721744 36.5441661, 127.2725746 36.5448611)"
1177,5,"LINESTRING (127.2773109 36.5557007, 127.2773645 36.555708)"
1178,5,"LINESTRING (127.3197434 36.2891226, 127.3203158 36.2891244)"
1179,5,"LINESTRING (127.3428577 36.3029426, 127.3427208 36.3029118)"
1180,5,"LINESTRING (127.3636315 36.3073658, 127.3633743 36.307316)"
1181,5,"LINESTRING (127.3284368 36.2929661, 127.3285837 36.2929897)"
1182,5,"LINESTRING (127.3667312 36.3225667, 127.367471 36.3225396)"
1183,5,"LINESTRING (127.2515486 36.531621, 127.2532247 36.5328695)"
1184,5,"LINESTRING (127.2998931 36.4206553, 127.2999638 36.4204995)"
1185,5,"LINESTRING (127.3415845 36.3894032, 127.3416119 36.3895971)"
1186,5,"LINESTRING (127.3229373 36.2891165, 127.323974 36.2891082)"
1187,5,"LINESTRING (127.3127493 36.3308408, 127.3142999 36.3333333)"
1188,5,"LINESTRING (127.3619867 36.3071746, 127.3616125 36.3071327)"
1189,5,"LINESTRING (127.3243119 36.2993439, 127.3241841 36.2992419)"
1190,5,"LINESTRING (127.3195295 36.2910867, 127.3192719 36.2907591)"
1191,5,"LINESTRING (127.3202222 36.2925231, 127.3202012 36.2924572)"
1192,5,"LINESTRING (127.3310492 36.3632586, 127.3311757 36.3640495)"
1193,5,"LINESTRING (127.3688202 36.3225383, 127.369668 36.3225221)"
1194,5,"LINESTRING (127.3358841 36.3815855, 127.3368436 36.3834106)"
1195,5,"LINESTRING (127.3353247 36.390958, 127.3345907 36.3910607)"
1196,5,"LINESTRING (127.3491752 36.3041525, 127.3491696 36.3041516)"
1197,5,"LINESTRING (127.3019371 36.4038281, 127.3019125 36.4038416)"
1198,5,"LINESTRING (127.2462441 36.47912, 127.2462379 36.4796356)"
1199,5,"LINESTRING (127.3361422 36.3015109, 127.3357312 36.3015059)"
1200,5,"LINESTRING (127.3683618 36.3108745, 127.3683619 36.3108232)"
1201,5,"LINESTRING (127.3677692 36.3089013, 127.3666348 36.308516)"
1202,5,"LINESTRING (127.3391116 36.387083, 127.3394741 36.3875802)"
1203,5,"LINESTRING (127.2463058 36.4783376, 127.2462916 36.4785972)"
1204,5,"LINESTRING (127.331437 36.3710494, 127.3315374 36.3715409)"
1205,5,"LINESTRING (127.2462386 36.4801207, 127.2462401 36.4806931)"
1206,5,"LINESTRING (127.2409715 36.5023146, 127.2411201 36.503294)"
1207,5,"LINESTRING (127.2415654 36.5141068, 127.2415841 36.5148894)"
1208,5,"LINESTRING (127.3128244 36.3013, 127.3126245 36.3015242)"
1209,5,"LINESTRING (127.3700312 36.3225198, 127.3701047 36.3225199)"
1210,5,"LINESTRING (127.3312562 36.36704, 127.331299 36.3683914)"
1211,5,"LINESTRING (127.2822033 36.4571326, 127.2820925 36.4572649)"
1212,5,"LINESTRING (127.3519384 36.3048357, 127.3512982 36.3046744)"
1213,5,"LINESTRING (127.3609889 36.3070319, 127.3599935 36.306809)"
1214,5,"LINESTRING (127.2410993 36.4920845, 127.240884 36.4923716)"
1215,5,"LINESTRING (127.2834789 36.4555185, 127.2833747 36.4556824)"
1216,5,"LINESTRING (127.3655533 36.3214159, 127.3655498 36.3215331)"
1217,5,"LINESTRING (127.298121 36.4213799, 127.2978002 36.4216417)"
1218,5,"LINESTRING (127.367862 36.3225661, 127.3679188 36.3225644)"
1219,5,"LINESTRING (127.3311757 36.3640495, 127.3311855 36.3641477)"
1220,5,"LINESTRING (127.2865003 36.4325558, 127.2863861 36.4331235)"
1221,5,"LINESTRING (127.3651416 36.3205265, 127.3651715 36.3205761)"
1222,5,"LINESTRING (127.3248756 36.2917997, 127.3247565 36.2918013)"
1223,5,"LINESTRING (127.3683167 36.3105229, 127.3683046 36.3104381)"
1224,5,"LINESTRING (127.3313866 36.3706499, 127.331437 36.3710494)"
1225,5,"LINESTRING (127.3348497 36.379333, 127.3351493 36.3800131)"
1226,5,"LINESTRING (127.3398496 36.3909434, 127.3394394 36.3908978)"
1227,5,"LINESTRING (127.2861044 36.4410456, 127.2860951 36.4415919)"
1228,5,"LINESTRING (127.281816 36.4575637, 127.2814198 36.4579696)"
1229,5,"LINESTRING (127.3713244 36.3186329, 127.3713129 36.3181749)"
1230,5,"LINESTRING (127.3261247 36.2894909, 127.3263259 36.2896444)"
1231,5,"LINESTRING (127.3683871 36.3111081, 127.3683618 36.3108745)"
1232,5,"LINESTRING (127.3512982 36.3046744, 127.3510578 36.3046182)"
1233,5,"LINESTRING (127.3315374 36.3715409, 127.331699 36.3720991)"
1234,5,"LINESTRING (127.3336249 36.3765076, 127.3342872 36.3780249)"
1235,5,"LINESTRING (127.3367357 36.3907373, 127.3366063 36.3907452)"
1236,5,"LINESTRING (127.2399018 36.4949604, 127.2398833 36.4951407)"
1237,5,"LINESTRING (127.2466792 36.5227281, 127.2471145 36.5231555)"
1238,5,"LINESTRING (127.2506256 36.5306689, 127.2509639 36.5310626)"
1239,5,"LINESTRING (127.3188805 36.2933856, 127.3184492 36.2935211)"
1240,5,"LINESTRING (127.249923 36.4730118, 127.2485767 36.4740782)"
1241,5,"LINESTRING (127.3345723 36.3786889, 127.3348497 36.379333)"
1242,5,"LINESTRING (127.2682312 36.5383149, 127.2683783 36.5384568)"
1243,5,"LINESTRING (127.2774458 36.5558128, 127.2774368 36.5558452)"
1244,5,"LINESTRING (127.2415595 36.5138796, 127.2415635 36.5140221)"
1245,5,"LINESTRING (127.3272822 36.2918176, 127.325086 36.2918298)"
1246,5,"LINESTRING (127.2443604 36.4877426, 127.2441054 36.4882235)"
1247,5,"LINESTRING (127.3661662 36.3083343, 127.3657801 36.3080444)"
1248,5,"LINESTRING (127.2868602 36.4315232, 127.2866917 36.4319313)"
1249,5,"LINESTRING (127.2452205 36.4859234, 127.2450844 36.4862305)"
1250,5,"LINESTRING (127.3263289 36.3922218, 127.3247995 36.3924576)"
1251,5,"LINESTRING (127.3206741 36.2936398, 127.3205689 36.2933476)"
1252,5,"LINESTRING (127.2539986 36.5333092, 127.2543544 36.5334731)"
1253,5,"LINESTRING (127.2991625 36.4210787, 127.2993612 36.4210412)"
1254,5,"LINESTRING (127.3221729 36.2971716, 127.3220375 36.2969515)"
1255,5,"LINESTRING (127.2860053 36.4462445, 127.2859856 36.4485398)"
1256,5,"LINESTRING (127.2921998 36.4239409, 127.2922998 36.4240826)"
1257,5,"LINESTRING (127.2753559 36.548988, 127.2769062 36.551105)"
1258,5,"LINESTRING (127.3656698 36.3223699, 127.365759 36.3223492)"
1259,5,"LINESTRING (127.2861493 36.4376992, 127.286146 36.4380815)"
1260,5,"LINESTRING (127.2917903 36.4264663, 127.2916003 36.4266066)"
1261,5,"LINESTRING (127.2756282 36.4647193, 127.2754247 36.4648569)"
1262,5,"LINESTRING (127.2492029 36.5284545, 127.2493039 36.5286647)"
1263,5,"LINESTRING (127.3096865 36.3243575, 127.3101746 36.3256745)"
1264,5,"LINESTRING (127.3706234 36.3201242, 127.3709666 36.3194331)"
1265,5,"LINESTRING (127.3051624 36.4020159, 127.3019371 36.4038281)"
1266,5,"LINESTRING (127.2413455 36.5053571, 127.2413769 36.505991)"
1267,5,"LINESTRING (127.3231493 36.298291, 127.3228126 36.2979353)"
1268,5,"LINESTRING (127.2966974 36.421025, 127.296847 36.4209711)"
1269,5,"LINESTRING (127.3644665 36.3076075, 127.3644131 36.3075903)"
1270,5,"LINESTRING (127.3219554 36.2967828, 127.321653 36.2960872)"
1271,5,"LINESTRING (127.2899101 36.4278784, 127.2892885 36.428383)"
1272,5,"LINESTRING (127.3655208 36.3208894, 127.3655419 36.3209489)"
1273,5,"LINESTRING (127.3298984 36.3014472, 127.3297114 36.3014046)"
1274,5,"LINESTRING (127.2759561 36.4644414, 127.2757256 36.4646384)"
1275,5,"LINESTRING (127.2505232 36.5305487, 127.2506256 36.5306689)"
1276,5,"LINESTRING (127.2744714 36.4653059, 127.2742211 36.4653847)"
1277,5,"LINESTRING (127.3134246 36.3004075, 127.313249 36.3007074)"
1278,5,"LINESTRING (127.2877064 36.4301003, 127.2872851 36.4307622)"
1279,5,"LINESTRING (127.2402365 36.4936891, 127.2400876 36.4941341)"
1280,5,"LINESTRING (127.370267 36.3214004, 127.3703567 36.3210408)"
1281,5,"LINESTRING (127.3385471 36.3019451, 127.3380483 36.3018345)"
1282,5,"LINESTRING (127.3656142 36.3222968, 127.3656698 36.3223699)"
1283,5,"LINESTRING (127.3107996 36.3988912, 127.3083865 36.4002244)"
1284,5,"LINESTRING (127.2921371 36.4235991, 127.2921366 36.4237749)"
1285,5,"LINESTRING (127.3679188 36.3225644, 127.3680403 36.3225609)"
1286,5,"LINESTRING (127.2922998 36.4240826, 127.2924245 36.424191)"
1287,5,"LINESTRING (127.3380483 36.3018345, 127.3371265 36.3016295)"
1288,5,"LINESTRING (127.325086 36.2918298, 127.3248756 36.2917997)"
1289,5,"LINESTRING (127.30713 36.3174187, 127.3072118 36.3176577)"
1290,5,"LINESTRING (127.311301 36.3284675, 127.3114895 36.3288239)"
1291,5,"LINESTRING (127.2488427 36.5275666, 127.2490022 36.5279853)"
1292,5,"LINESTRING (127.321221 36.2950507, 127.3211225 36.2947936)"
1293,5,"LINESTRING (127.3687165 36.3225409, 127.3688202 36.3225383)"
1294,5,"LINESTRING (127.2885559 36.4290849, 127.2881027 36.4295737)"
1295,5,"LINESTRING (127.2764344 36.463841, 127.2763121 36.4640409)"
1296,5,"LINESTRING (127.2627493 36.4680238, 127.2586014 36.4695372)"
1297,5,"LINESTRING (127.3202964 36.2927143, 127.3202698 36.2926457)"
1298,5,"LINESTRING (127.367599 36.3225749, 127.3677584 36.3225696)"
1299,5,"LINESTRING (127.3219873 36.2920911, 127.3217744 36.2921575)"
1300,5,"LINESTRING (127.2742263 36.5474164, 127.2752535 36.5488454)"
1301,5,"LINESTRING (127.3212897 36.295223, 127.321221 36.2950507)"
1302,5,"LINESTRING (127.3711822 36.3190411, 127.3712638 36.3188952)"
1303,5,"LINESTRING (127.3398363 36.3022471, 127.3395635 36.302189)"
1304,5,"LINESTRING (127.2996997 36.419968, 127.2995113 36.4199037)"
1305,5,"LINESTRING (127.3075117 36.3184831, 127.307899 36.3195413)"
1306,5,"LINESTRING (127.2477534 36.4749762, 127.2474239 36.4753667)"
1307,5,"LINESTRING (127.3713119 36.3187492, 127.3713244 36.3186329)"
1308,5,"LINESTRING (127.2729658 36.5624015, 127.2729757 36.5624466)"
1309,5,"LINESTRING (127.3655599 36.3221101, 127.3655665 36.3221813)"
1310,5,"LINESTRING (127.3186259 36.2898358, 127.3186362 36.2897195)"
1311,5,"LINESTRING (127.3268188 36.300424, 127.3256079 36.3000157)"
1312,5,"LINESTRING (127.2778118 36.5524815, 127.2778385 36.5525284)"
1313,5,"LINESTRING (127.2732162 36.5631232, 127.2732665 36.5631369)"
1314,5,"LINESTRING (127.3366063 36.3907452, 127.3360876 36.3908283)"
1315,5,"LINESTRING (127.2732665 36.5631369, 127.2733569 36.5631713)"
1316,5,"LINESTRING (127.292974 36.4243326, 127.2931369 36.4243167)"
1317,5,"LINESTRING (127.3195173 36.2891322, 127.3197434 36.2891226)"
1318,5,"LINESTRING (127.2862516 36.4337525, 127.2862083 36.4344962)"
1319,5,"LINESTRING (127.2774097 36.4619415, 127.2772573 36.4621513)"
1320,5,"LINESTRING (127.2808412 36.4585193, 127.2802682 36.4590863)"
1321,5,"LINESTRING (127.3079869 36.3096082, 127.3072871 36.3128833)"
1322,5,"LINESTRING (127.370222 36.3223695, 127.3702122 36.3221829)"
1323,5,"LINESTRING (127.3187325 36.2894754, 127.3188442 36.2893511)"
1324,5,"LINESTRING (127.3260912 36.3531994, 127.326695 36.3543434)"
1325,5,"LINESTRING (127.2445514 36.4873824, 127.2443818 36.487703)"
1326,5,"LINESTRING (127.3203617 36.2928812, 127.3202964 36.2927143)"
1327,5,"LINESTRING (127.2713858 36.4658896, 127.2705728 36.4660314)"
1328,5,"LINESTRING (127.3701671 36.32252, 127.3702295 36.3225192)"
1329,5,"LINESTRING (127.2464185 36.4776788, 127.2463743 36.4778834)"
1330,5,"LINESTRING (127.3164119 36.2946494, 127.3161864 36.2948492)"
1331,5,"LINESTRING (127.2474239 36.4753667, 127.2471512 36.4758377)"
1332,5,"LINESTRING (127.3482866 36.3039909, 127.3477366 36.3038991)"
1333,5,"LINESTRING (127.3274743 36.3006486, 127.3269579 36.3004693)"
1334,5,"LINESTRING (127.32215 36.2920409, 127.3219873 36.2920911)"
1335,5,"LINESTRING (127.2925815 36.4221854, 127.2921937 36.423308)"
1336,5,"LINESTRING (127.2415806 36.5152707, 127.2416171 36.5163598)"
1337,5,"LINESTRING (127.2398729 36.4959241, 127.2398776 36.4961855)"
1338,5,"LINESTRING (127.2481798 36.5249797, 127.248307 36.5253523)"
1339,5,"LINESTRING (127.3170697 36.3377236, 127.3174061 36.3382569)"
1340,5,"LINESTRING (127.3068614 36.3151996, 127.3068495 36.3155241)"
1341,5,"LINESTRING (127.2733763 36.5557492, 127.2731246 36.5558371)"
