index,path,count,start_path,end_path,start_path_lat,start_path_lng,end_path_lat,end_path_lng
0,"126.7958494,37.4706317/126.7959561,37.4704719",21,"126.7958494,37.4706317","126.7959561,37.4704719",37.4706317,126.7958494,37.4704719,126.7959561
1,"126.8610171,37.3932001/126.8614382,37.3931041",21,"126.8610171,37.3932001","126.8614382,37.3931041",37.3932001,126.8610171,37.3931041,126.8614382
2,"126.937577,37.2936549/126.9375638,37.2934629",21,"126.937577,37.2936549","126.9375638,37.2934629",37.2936549,126.937577,37.2934629,126.9375638
3,"126.7940066,37.4842843/126.7940022,37.484268",21,"126.7940066,37.4842843","126.7940022,37.484268",37.4842843,126.7940066,37.484268,126.7940022
4,"126.7955805,37.4945826/126.7955737,37.4943446",21,"126.7955805,37.4945826","126.7955737,37.4943446",37.4945826,126.7955805,37.4943446,126.7955737
5,"126.931748,37.2949287/126.9317116,37.2951151",21,"126.931748,37.2949287","126.9317116,37.2951151",37.2949287,126.931748,37.2951151,126.9317116
6,"126.8704909,37.3848339/126.8707662,37.3846019",21,"126.8704909,37.3848339","126.8707662,37.3846019",37.3848339,126.8704909,37.3846019,126.8707662
7,"126.799273,37.4651339/126.7999001,37.4640975",21,"126.799273,37.4651339","126.7999001,37.4640975",37.4651339,126.799273,37.4640975,126.7999001
8,"126.8656266,37.3906317/126.8662235,37.3896371",21,"126.8656266,37.3906317","126.8662235,37.3896371",37.3906317,126.8656266,37.3896371,126.8662235
9,"126.79413,37.4848718/126.7941271,37.4848204",21,"126.79413,37.4848718","126.7941271,37.4848204",37.4848718,126.79413,37.4848204,126.7941271
10,"126.8072191,37.4327752/126.8073292,37.4323657",21,"126.8072191,37.4327752","126.8073292,37.4323657",37.4327752,126.8072191,37.4323657,126.8073292
11,"126.8011148,37.4620136/126.8017063,37.4610292",21,"126.8011148,37.4620136","126.8017063,37.4610292",37.4620136,126.8011148,37.4610292,126.8017063
12,"126.9376156,37.293775/126.9375856,37.2937172",21,"126.9376156,37.293775","126.9375856,37.2937172",37.293775,126.9376156,37.2937172,126.9375856
13,"126.7957508,37.4707789/126.7958494,37.4706317",21,"126.7957508,37.4707789","126.7958494,37.4706317",37.4707789,126.7957508,37.4706317,126.7958494
14,"126.9159047,37.3401866/126.9175893,37.3385381",21,"126.9159047,37.3401866","126.9175893,37.3385381",37.3401866,126.9159047,37.3385381,126.9175893
15,"126.7940318,37.4843737/126.7940132,37.4843078",21,"126.7940318,37.4843737","126.7940132,37.4843078",37.4843737,126.7940318,37.4843078,126.7940132
16,"126.9378998,37.294099/126.9376156,37.293775",21,"126.9378998,37.294099","126.9376156,37.293775",37.294099,126.9378998,37.293775,126.9376156
17,"126.8002995,37.3879331/126.800462,37.3880747",21,"126.8002995,37.3879331","126.800462,37.3880747",37.3879331,126.8002995,37.3880747,126.800462
18,"126.79547,37.4799692/126.7954668,37.4795925",21,"126.79547,37.4799692","126.7954668,37.4795925",37.4799692,126.79547,37.4795925,126.7954668
19,"126.9419976,37.2902749/126.9419968,37.2902308",21,"126.9419976,37.2902749","126.9419968,37.2902308",37.2902749,126.9419976,37.2902308,126.9419968
20,"126.7954611,37.4752533/126.7954626,37.4752173",21,"126.7954611,37.4752533","126.7954626,37.4752173",37.4752533,126.7954611,37.4752173,126.7954626
21,"126.9060606,37.3493271/126.9106838,37.3450353",21,"126.9060606,37.3493271","126.9106838,37.3450353",37.3493271,126.9060606,37.3450353,126.9106838
22,"126.9350201,37.3022997/126.9352507,37.3019339",21,"126.9350201,37.3022997","126.9352507,37.3019339",37.3022997,126.9350201,37.3019339,126.9352507
23,"126.9399731,37.2915652/126.9398222,37.2913734",21,"126.9399731,37.2915652","126.9398222,37.2913734",37.2915652,126.9399731,37.2913734,126.9398222
24,"126.7950259,37.4825778/126.7950622,37.4824509",21,"126.7950259,37.4825778","126.7950622,37.4824509",37.4825778,126.7950259,37.4824509,126.7950622
25,"126.8202247,37.3892455/126.8210872,37.3894271",21,"126.8202247,37.3892455","126.8210872,37.3894271",37.3892455,126.8202247,37.3894271,126.8210872
26,"126.8801783,37.3731745/126.8805178,37.3726751",21,"126.8801783,37.3731745","126.8805178,37.3726751",37.3731745,126.8801783,37.3726751,126.8805178
27,"126.9400334,37.291643/126.9399731,37.2915652",21,"126.9400334,37.291643","126.9399731,37.2915652",37.291643,126.9400334,37.2915652,126.9399731
28,"126.8450293,37.394626/126.8460131,37.3947793",21,"126.8450293,37.394626","126.8460131,37.3947793",37.394626,126.8450293,37.3947793,126.8460131
29,"126.9375856,37.2937172/126.9375802,37.2936757",21,"126.9375856,37.2937172","126.9375802,37.2936757",37.2937172,126.9375856,37.2936757,126.9375802
30,"126.799907,37.464084/126.7999725,37.4639735",21,"126.799907,37.464084","126.7999725,37.4639735",37.464084,126.799907,37.4639735,126.7999725
31,"126.9419868,37.2898972/126.9419659,37.2896699",21,"126.9419868,37.2898972","126.9419659,37.2896699",37.2898972,126.9419868,37.2896699,126.9419659
32,"126.920397,37.3351528/126.9210842,37.3341539",21,"126.920397,37.3351528","126.9210842,37.3341539",37.3351528,126.920397,37.3341539,126.9210842
33,"126.794137,37.4849746/126.79413,37.4848718",21,"126.794137,37.4849746","126.79413,37.4848718",37.4849746,126.794137,37.4848718,126.79413
34,"126.7965838,37.4982147/126.7963116,37.4978075",21,"126.7965838,37.4982147","126.7963116,37.4978075",37.4982147,126.7965838,37.4978075,126.7963116
35,"126.807647,37.4359/126.8074786,37.4355259",21,"126.807647,37.4359","126.8074786,37.4355259",37.4359,126.807647,37.4355259,126.8074786
36,"126.9391497,37.2948748/126.9391374,37.2948648",21,"126.9391497,37.2948748","126.9391374,37.2948648",37.2948748,126.9391497,37.2948648,126.9391374
37,"126.7958389,37.3975585/126.7958787,37.397529",21,"126.7958389,37.3975585","126.7958787,37.397529",37.3975585,126.7958389,37.397529,126.7958787
38,"126.8020132,37.4604893/126.8023698,37.4598397",21,"126.8020132,37.4604893","126.8023698,37.4598397",37.4604893,126.8020132,37.4598397,126.8023698
39,"126.7985638,37.3875118/126.7987306,37.3874281",21,"126.7985638,37.3875118","126.7987306,37.3874281",37.3875118,126.7985638,37.3874281,126.7987306
40,"126.8210872,37.3894271/126.822111,37.3896412",21,"126.8210872,37.3894271","126.822111,37.3896412",37.3894271,126.8210872,37.3896412,126.822111
41,"126.9322914,37.2945266/126.932055,37.2946057",21,"126.9322914,37.2945266","126.932055,37.2946057",37.2945266,126.9322914,37.2946057,126.932055
42,"126.7964741,37.4044171/126.7964141,37.4043077",21,"126.7964741,37.4044171","126.7964141,37.4043077",37.4044171,126.7964741,37.4043077,126.7964141
43,"126.9322108,37.295643/126.9325286,37.2956923",21,"126.9322108,37.295643","126.9325286,37.2956923",37.295643,126.9322108,37.2956923,126.9325286
44,"126.9406134,37.2904162/126.9406586,37.2904029",21,"126.9406134,37.2904162","126.9406586,37.2904029",37.2904162,126.9406134,37.2904029,126.9406586
45,"126.9393961,37.2951202/126.9391497,37.2948748",21,"126.9393961,37.2951202","126.9391497,37.2948748",37.2951202,126.9393961,37.2948748,126.9391497
46,"126.9379873,37.2941581/126.9378998,37.294099",21,"126.9379873,37.2941581","126.9378998,37.294099",37.2941581,126.9379873,37.294099,126.9378998
47,"126.7954609,37.4773237/126.7954524,37.4764232",21,"126.7954609,37.4773237","126.7954524,37.4764232",37.4773237,126.7954609,37.4764232,126.7954524
48,"126.7973944,37.4060486/126.7968531,37.4050909",21,"126.7973944,37.4060486","126.7968531,37.4050909",37.4060486,126.7973944,37.4050909,126.7968531
49,"126.9336026,37.3042886/126.9338915,37.3038293",21,"126.9336026,37.3042886","126.9338915,37.3038293",37.3042886,126.9336026,37.3038293,126.9338915
50,"126.9380797,37.2929687/126.9381816,37.292916",21,"126.9380797,37.2929687","126.9381816,37.292916",37.2929687,126.9380797,37.292916,126.9381816
51,"126.7969777,37.5013285/126.7969405,37.5004657",21,"126.7969777,37.5013285","126.7969405,37.5004657",37.5013285,126.7969777,37.5004657,126.7969405
52,"126.7941567,37.4870839/126.7941746,37.486983",21,"126.7941567,37.4870839","126.7941746,37.486983",37.4870839,126.7941567,37.486983,126.7941746
53,"126.795196,37.4932499/126.7951384,37.4931135",21,"126.795196,37.4932499","126.7951384,37.4931135",37.4932499,126.795196,37.4931135,126.7951384
54,"126.9192099,37.3367046/126.9195414,37.3363105",21,"126.9192099,37.3367046","126.9195414,37.3363105",37.3367046,126.9192099,37.3363105,126.9195414
55,"126.7976869,37.3893598/126.7977279,37.3890761",21,"126.7976869,37.3893598","126.7977279,37.3890761",37.3893598,126.7976869,37.3890761,126.7977279
56,"126.9387271,37.2954217/126.9388745,37.2953241",21,"126.9387271,37.2954217","126.9388745,37.2953241",37.2954217,126.9387271,37.2953241,126.9388745
57,"126.8105441,37.4501927/126.8112446,37.4496217",21,"126.8105441,37.4501927","126.8112446,37.4496217",37.4501927,126.8105441,37.4496217,126.8112446
58,"126.9388244,37.2946244/126.938657,37.2945335",21,"126.9388244,37.2946244","126.938657,37.2945335",37.2946244,126.9388244,37.2945335,126.938657
59,"126.7960651,37.4703085/126.7963231,37.4699224",21,"126.7960651,37.4703085","126.7963231,37.4699224",37.4703085,126.7960651,37.4699224,126.7963231
60,"126.7955771,37.4031922/126.7949789,37.4026415",21,"126.7955771,37.4031922","126.7949789,37.4026415",37.4031922,126.7955771,37.4026415,126.7949789
61,"126.8568203,37.3962285/126.8570173,37.3961791",21,"126.8568203,37.3962285","126.8570173,37.3961791",37.3962285,126.8568203,37.3961791,126.8570173
62,"126.9344904,37.2954322/126.9342414,37.2952273",21,"126.9344904,37.2954322","126.9342414,37.2952273",37.2954322,126.9344904,37.2952273,126.9342414
63,"126.9216617,37.3333328/126.9218151,37.3330569",21,"126.9216617,37.3333328","126.9218151,37.3330569",37.3333328,126.9216617,37.3330569,126.9218151
64,"126.85933,37.3940518/126.8596984,37.3937734",21,"126.85933,37.3940518","126.8596984,37.3937734",37.3940518,126.85933,37.3937734,126.8596984
65,"126.7968646,37.4989095/126.7968379,37.4987453",21,"126.7968646,37.4989095","126.7968379,37.4987453",37.4989095,126.7968646,37.4987453,126.7968379
66,"126.9385491,37.2944744/126.9381401,37.2942408",21,"126.9385491,37.2944744","126.9381401,37.2942408",37.2944744,126.9385491,37.2942408,126.9381401
67,"126.9307479,37.3120538/126.931486,37.3094983",21,"126.9307479,37.3120538","126.931486,37.3094983",37.3120538,126.9307479,37.3094983,126.931486
68,"126.8864076,37.3660374/126.8978807,37.3563823",21,"126.8864076,37.3660374","126.8978807,37.3563823",37.3660374,126.8864076,37.3563823,126.8978807
69,"126.794187,37.4866298/126.7941691,37.4858879",21,"126.794187,37.4866298","126.7941691,37.4858879",37.4866298,126.794187,37.4858879,126.7941691
70,"126.7993453,37.4086435/126.7986956,37.408034",21,"126.7993453,37.4086435","126.7986956,37.408034",37.4086435,126.7993453,37.408034,126.7986956
71,"126.8098909,37.4420442/126.8097244,37.4415871",21,"126.8098909,37.4420442","126.8097244,37.4415871",37.4420442,126.8098909,37.4415871,126.8097244
72,"126.8813731,37.3715411/126.8814667,37.3714181",21,"126.8813731,37.3715411","126.8814667,37.3714181",37.3715411,126.8813731,37.3714181,126.8814667
73,"126.8377999,37.3932265/126.8385147,37.393399",21,"126.8377999,37.3932265","126.8385147,37.393399",37.3932265,126.8377999,37.393399,126.8385147
74,"126.8315871,37.3917556/126.8362656,37.3928618",21,"126.8315871,37.3917556","126.8362656,37.3928618",37.3917556,126.8315871,37.3928618,126.8362656
75,"126.8110899,37.4449202/126.8108804,37.444471",21,"126.8110899,37.4449202","126.8108804,37.444471",37.4449202,126.8110899,37.444471,126.8108804
76,"126.8504077,37.3954507/126.8512515,37.3955941",21,"126.8504077,37.3954507","126.8512515,37.3955941",37.3954507,126.8504077,37.3955941,126.8512515
77,"126.8065198,37.4533158/126.8070504,37.4529088",21,"126.8065198,37.4533158","126.8070504,37.4529088",37.4533158,126.8065198,37.4529088,126.8070504
78,"126.8070598,37.434486/126.8070066,37.4340034",21,"126.8070598,37.434486","126.8070066,37.4340034",37.434486,126.8070598,37.4340034,126.8070066
79,"126.8645474,37.3924043/126.8649852,37.3917964",21,"126.8645474,37.3924043","126.8649852,37.3917964",37.3924043,126.8645474,37.3917964,126.8649852
80,"126.8744105,37.3814394/126.8748354,37.3810117",21,"126.8744105,37.3814394","126.8748354,37.3810117",37.3814394,126.8744105,37.3810117,126.8748354
81,"126.8117841,37.4462727/126.811662,37.4460268",21,"126.8117841,37.4462727","126.811662,37.4460268",37.4462727,126.8117841,37.4460268,126.811662
82,"126.8767159,37.3787114/126.8796152,37.3740747",21,"126.8767159,37.3787114","126.8796152,37.3740747",37.3787114,126.8767159,37.3740747,126.8796152
83,"126.8831876,37.3693819/126.8836905,37.3687878",21,"126.8831876,37.3693819","126.8836905,37.3687878",37.3693819,126.8831876,37.3687878,126.8836905
84,"126.9400746,37.2917126/126.9400334,37.291643",21,"126.9400746,37.2917126","126.9400334,37.291643",37.2917126,126.9400746,37.291643,126.9400334
85,"126.797748,37.4066619/126.7973944,37.4060486",21,"126.797748,37.4066619","126.7973944,37.4060486",37.4066619,126.797748,37.4060486,126.7973944
86,"126.7963396,37.4041838/126.795885,37.4034942",21,"126.7963396,37.4041838","126.795885,37.4034942",37.4041838,126.7963396,37.4034942,126.795885
87,"126.7955522,37.4949475/126.7955805,37.4945826",21,"126.7955522,37.4949475","126.7955805,37.4945826",37.4949475,126.7955522,37.4945826,126.7955805
88,"126.7951697,37.4820757/126.7954408,37.4811561",21,"126.7951697,37.4820757","126.7954408,37.4811561",37.4820757,126.7951697,37.4811561,126.7954408
89,"126.8090089,37.4391213/126.8088177,37.4385154",21,"126.8090089,37.4391213","126.8088177,37.4385154",37.4391213,126.8090089,37.4385154,126.8088177
90,"126.8662235,37.3896371/126.8664204,37.3894659",21,"126.8662235,37.3896371","126.8664204,37.3894659",37.3896371,126.8662235,37.3894659,126.8664204
91,"126.940174,37.2906332/126.9402261,37.2906055",21,"126.940174,37.2906332","126.9402261,37.2906055",37.2906332,126.940174,37.2906055,126.9402261
92,"126.8114032,37.4494649/126.8115131,37.449324",21,"126.8114032,37.4494649","126.8115131,37.449324",37.4494649,126.8114032,37.449324,126.8115131
93,"126.7981641,37.4073557/126.7980918,37.4072354",21,"126.7981641,37.4073557","126.7980918,37.4072354",37.4073557,126.7981641,37.4072354,126.7980918
94,"126.812126,37.4475798/126.8121143,37.4473734",21,"126.812126,37.4475798","126.8121143,37.4473734",37.4475798,126.812126,37.4473734,126.8121143
95,"126.7998142,37.3875201/126.7999724,37.3876346",21,"126.7998142,37.3875201","126.7999724,37.3876346",37.3875201,126.7998142,37.3876346,126.7999724
96,"126.8058802,37.4241495/126.805835,37.4237832",21,"126.8058802,37.4241495","126.805835,37.4237832",37.4241495,126.8058802,37.4237832,126.805835
97,"126.934182,37.2951792/126.9338575,37.2949685",21,"126.934182,37.2951792","126.9338575,37.2949685",37.2951792,126.934182,37.2949685,126.9338575
98,"126.9402261,37.2906055/126.9403575,37.2905376",21,"126.9402261,37.2906055","126.9403575,37.2905376",37.2906055,126.9402261,37.2905376,126.9403575
99,"126.7948967,37.4832017/126.7949296,37.4830712",21,"126.7948967,37.4832017","126.7949296,37.4830712",37.4832017,126.7948967,37.4830712,126.7949296
100,"126.9325286,37.2956923/126.9340776,37.295706",21,"126.9325286,37.2956923","126.9340776,37.295706",37.2956923,126.9325286,37.295706,126.9340776
101,"126.8010117,37.3883583/126.8012249,37.3883965",21,"126.8010117,37.3883583","126.8012249,37.3883965",37.3883583,126.8010117,37.3883965,126.8012249
102,"126.7939675,37.4905971/126.7939176,37.4904923",21,"126.7939675,37.4905971","126.7939176,37.4904923",37.4905971,126.7939675,37.4904923,126.7939176
103,"126.7941691,37.4858879/126.7941696,37.4858365",21,"126.7941691,37.4858879","126.7941696,37.4858365",37.4858879,126.7941691,37.4858365,126.7941696
104,"126.7954371,37.4733576/126.7954504,37.4726619",21,"126.7954371,37.4733576","126.7954504,37.4726619",37.4733576,126.7954371,37.4726619,126.7954504
105,"126.7954491,37.4761744/126.7954498,37.4757328",21,"126.7954491,37.4761744","126.7954498,37.4757328",37.4761744,126.7954491,37.4757328,126.7954498
106,"126.7956275,37.4710179/126.7956865,37.4708831",21,"126.7956275,37.4710179","126.7956865,37.4708831",37.4710179,126.7956275,37.4708831,126.7956865
107,"126.9263034,37.3244363/126.9268214,37.3234049",21,"126.9263034,37.3244363","126.9268214,37.3234049",37.3244363,126.9263034,37.3234049,126.9268214
108,"126.8115131,37.449324/126.8116367,37.4491544",21,"126.8115131,37.449324","126.8116367,37.4491544",37.449324,126.8115131,37.4491544,126.8116367
109,"126.800462,37.3880747/126.800637,37.3881992",21,"126.800462,37.3880747","126.800637,37.3881992",37.3880747,126.800462,37.3881992,126.800637
110,"126.8050814,37.4171565/126.8050204,37.4166658",21,"126.8050814,37.4171565","126.8050204,37.4166658",37.4171565,126.8050814,37.4166658,126.8050204
111,"126.8649852,37.3917964/126.8653648,37.3911296",21,"126.8649852,37.3917964","126.8653648,37.3911296",37.3917964,126.8649852,37.3911296,126.8653648
112,"126.9419887,37.2899468/126.9419868,37.2898972",21,"126.9419887,37.2899468","126.9419868,37.2898972",37.2899468,126.9419887,37.2898972,126.9419868
113,"126.8062744,37.4258995/126.80606,37.4251276",21,"126.8062744,37.4258995","126.80606,37.4251276",37.4258995,126.8062744,37.4251276,126.80606
114,"126.7964871,37.4696846/126.7969326,37.4689643",21,"126.7964871,37.4696846","126.7969326,37.4689643",37.4696846,126.7964871,37.4689643,126.7969326
115,"126.941896,37.290278/126.9419976,37.2902749",21,"126.941896,37.290278","126.9419976,37.2902749",37.290278,126.941896,37.2902749,126.9419976
116,"126.928937,37.3184224/126.929062,37.3180092",21,"126.928937,37.3184224","126.929062,37.3180092",37.3184224,126.928937,37.3180092,126.929062
117,"126.8071297,37.4347541/126.8070598,37.434486",21,"126.8071297,37.4347541","126.8070598,37.434486",37.4347541,126.8071297,37.434486,126.8070598
118,"126.8001497,37.4636492/126.8004817,37.4630878",21,"126.8001497,37.4636492","126.8004817,37.4630878",37.4636492,126.8001497,37.4630878,126.8004817
119,"126.92259,37.3316617/126.9230553,37.3307428",21,"126.92259,37.3316617","126.9230553,37.3307428",37.3316617,126.92259,37.3307428,126.9230553
120,"126.937479,37.2933282/126.9377839,37.2931457",21,"126.937479,37.2933282","126.9377839,37.2931457",37.2933282,126.937479,37.2931457,126.9377839
121,"126.9268214,37.3234049/126.9274907,37.3220678",21,"126.9268214,37.3234049","126.9274907,37.3220678",37.3234049,126.9268214,37.3220678,126.9274907
122,"126.8073292,37.4323657/126.8074366,37.4319959",21,"126.8073292,37.4323657","126.8074366,37.4319959",37.4323657,126.8073292,37.4319959,126.8074366
123,"126.7949439,37.4830028/126.794951,37.4829649",21,"126.7949439,37.4830028","126.794951,37.4829649",37.4830028,126.7949439,37.4829649,126.794951
124,"126.7954582,37.4754444/126.7954579,37.4753542",21,"126.7954582,37.4754444","126.7954579,37.4753542",37.4754444,126.7954582,37.4753542,126.7954579
125,"126.856447,37.3962823/126.8568203,37.3962285",21,"126.856447,37.3962823","126.8568203,37.3962285",37.3962823,126.856447,37.3962285,126.8568203
126,"126.8573993,37.3960252/126.8577037,37.3958376",21,"126.8573993,37.3960252","126.8577037,37.3958376",37.3960252,126.8573993,37.3958376,126.8577037
127,"126.8031952,37.4120437/126.8022873,37.4112496",21,"126.8031952,37.4120437","126.8022873,37.4112496",37.4120437,126.8031952,37.4112496,126.8022873
128,"126.9106838,37.3450353/126.9159047,37.3401866",21,"126.9106838,37.3450353","126.9159047,37.3401866",37.3450353,126.9106838,37.3401866,126.9159047
129,"126.8814667,37.3714181/126.8823437,37.3703735",21,"126.8814667,37.3714181","126.8823437,37.3703735",37.3714181,126.8814667,37.3703735,126.8823437
130,"126.9342414,37.2952273/126.934182,37.2951792",21,"126.9342414,37.2952273","126.934182,37.2951792",37.2952273,126.9342414,37.2951792,126.934182
131,"126.794951,37.4829649/126.7949678,37.4828668",21,"126.794951,37.4829649","126.7949678,37.4828668",37.4829649,126.794951,37.4828668,126.7949678
132,"126.854964,37.3962355/126.8551276,37.3962634",21,"126.854964,37.3962355","126.8551276,37.3962634",37.3962355,126.854964,37.3962634,126.8551276
133,"126.7969211,37.4999996/126.7969165,37.4998923",21,"126.7969211,37.4999996","126.7969165,37.4998923",37.4999996,126.7969211,37.4998923,126.7969165
134,"126.7934334,37.4011856/126.7930549,37.4008291",21,"126.7934334,37.4011856","126.7930549,37.4008291",37.4011856,126.7934334,37.4008291,126.7930549
135,"126.8023698,37.4598397/126.8024779,37.4596429",21,"126.8023698,37.4598397","126.8024779,37.4596429",37.4598397,126.8023698,37.4596429,126.8024779
136,"126.8978807,37.3563823/126.9009488,37.3538001",21,"126.8978807,37.3563823","126.9009488,37.3538001",37.3563823,126.8978807,37.3538001,126.9009488
137,"126.9356962,37.2957696/126.9364805,37.2957472",21,"126.9356962,37.2957696","126.9364805,37.2957472",37.2957696,126.9356962,37.2957472,126.9364805
138,"126.8106909,37.4440517/126.8106491,37.4439243",21,"126.8106909,37.4440517","126.8106491,37.4439243",37.4440517,126.8106909,37.4439243,126.8106491
139,"126.8824098,37.3703009/126.8831876,37.3693819",21,"126.8824098,37.3703009","126.8831876,37.3693819",37.3703009,126.8824098,37.3693819,126.8831876
140,"126.7941514,37.4853641/126.794137,37.4849746",21,"126.7941514,37.4853641","126.794137,37.4849746",37.4853641,126.7941514,37.4849746,126.794137
141,"126.8070239,37.4336033/126.807067,37.4333377",21,"126.8070239,37.4336033","126.807067,37.4333377",37.4336033,126.8070239,37.4333377,126.807067
142,"126.801525,37.3884379/126.8018998,37.3884636",21,"126.801525,37.3884379","126.8018998,37.3884636",37.3884379,126.801525,37.3884636,126.8018998
143,"126.9351995,37.2964136/126.9351861,37.2963883",21,"126.9351995,37.2964136","126.9351861,37.2963883",37.2964136,126.9351995,37.2963883,126.9351861
144,"126.8763844,37.3791973/126.8764438,37.3791111",21,"126.8763844,37.3791973","126.8764438,37.3791111",37.3791973,126.8763844,37.3791111,126.8764438
145,"126.9369829,37.2957091/126.9373386,37.2956684",21,"126.9369829,37.2957091","126.9373386,37.2956684",37.2957091,126.9369829,37.2956684,126.9373386
146,"126.7955368,37.4951412/126.7955522,37.4949475",21,"126.7955368,37.4951412","126.7955522,37.4949475",37.4951412,126.7955368,37.4949475,126.7955522
147,"126.8073579,37.4352575/126.8071297,37.4347541",21,"126.8073579,37.4352575","126.8071297,37.4347541",37.4352575,126.8073579,37.4347541,126.8071297
148,"126.7958787,37.397529/126.7965741,37.3969788",21,"126.7958787,37.397529","126.7965741,37.3969788",37.397529,126.7958787,37.3969788,126.7965741
149,"126.798762,37.4659719/126.7988815,37.4657716",21,"126.798762,37.4659719","126.7988815,37.4657716",37.4659719,126.798762,37.4657716,126.7988815
150,"126.8671942,37.3883912/126.8680104,37.3873788",21,"126.8671942,37.3883912","126.8680104,37.3873788",37.3883912,126.8671942,37.3873788,126.8680104
151,"126.7981683,37.3878808/126.7982335,37.3878001",21,"126.7981683,37.3878808","126.7982335,37.3878001",37.3878808,126.7981683,37.3878001,126.7982335
152,"126.938601,37.2926538/126.9389819,37.2924105",21,"126.938601,37.2926538","126.9389819,37.2924105",37.2926538,126.938601,37.2924105,126.9389819
153,"126.7954489,37.4763159/126.7954492,37.476288",21,"126.7954489,37.4763159","126.7954492,37.476288",37.4763159,126.7954489,37.476288,126.7954492
154,"126.8101029,37.4425853/126.8098909,37.4420442",21,"126.8101029,37.4425853","126.8098909,37.4420442",37.4425853,126.8101029,37.4420442,126.8098909
155,"126.9393633,37.2951336/126.9393961,37.2951202",21,"126.9393633,37.2951336","126.9393961,37.2951202",37.2951336,126.9393633,37.2951202,126.9393961
156,"126.8763341,37.3792701/126.8763844,37.3791973",21,"126.8763341,37.3792701","126.8763844,37.3791973",37.3792701,126.8763341,37.3791973,126.8763844
157,"126.798879,37.3947868/126.7988964,37.3947292",21,"126.798879,37.3947868","126.7988964,37.3947292",37.3947868,126.798879,37.3947292,126.7988964
158,"126.7943574,37.3986763/126.794731,37.398474",21,"126.7943574,37.3986763","126.794731,37.398474",37.3986763,126.7943574,37.398474,126.794731
159,"126.8000163,37.4638918/126.8001497,37.4636492",21,"126.8000163,37.4638918","126.8001497,37.4636492",37.4638918,126.8000163,37.4636492,126.8001497
160,"126.7934946,37.4891665/126.7934877,37.4890592",21,"126.7934946,37.4891665","126.7934877,37.4890592",37.4891665,126.7934946,37.4890592,126.7934877
161,"126.7988815,37.4657716/126.7989206,37.465706",21,"126.7988815,37.4657716","126.7989206,37.465706",37.4657716,126.7988815,37.465706,126.7989206
162,"126.9347045,37.295773/126.9348861,37.2957694",21,"126.9347045,37.295773","126.9348861,37.2957694",37.295773,126.9347045,37.2957694,126.9348861
163,"126.7935124,37.4894407/126.7934946,37.4891665",21,"126.7935124,37.4894407","126.7934946,37.4891665",37.4894407,126.7935124,37.4891665,126.7934946
164,"126.7935557,37.4879672/126.7935996,37.4878629",21,"126.7935557,37.4879672","126.7935996,37.4878629",37.4879672,126.7935557,37.4878629,126.7935996
165,"126.7954597,37.4752803/126.7954611,37.4752533",21,"126.7954597,37.4752803","126.7954611,37.4752533",37.4752803,126.7954597,37.4752533,126.7954611
166,"126.7982001,37.3937994/126.7980983,37.3935771",21,"126.7982001,37.3937994","126.7980983,37.3935771",37.3937994,126.7982001,37.3935771,126.7980983
167,"126.9380379,37.2941853/126.9379873,37.2941581",21,"126.9380379,37.2941853","126.9379873,37.2941581",37.2941853,126.9380379,37.2941581,126.9379873
168,"126.7940132,37.4843078/126.7940066,37.4842843",21,"126.7940132,37.4843078","126.7940066,37.4842843",37.4843078,126.7940132,37.4842843,126.7940066
169,"126.9386109,37.294508/126.9385491,37.2944744",21,"126.9386109,37.294508","126.9385491,37.2944744",37.294508,126.9386109,37.2944744,126.9385491
170,"126.9408994,37.2903355/126.9409989,37.2903081",21,"126.9408994,37.2903355","126.9409989,37.2903081",37.2903355,126.9408994,37.2903081,126.9409989
171,"126.7989775,37.3873583/126.7991301,37.3873439",21,"126.7989775,37.3873583","126.7991301,37.3873439",37.3873583,126.7989775,37.3873439,126.7991301
172,"126.7926751,37.400478/126.792415,37.4002719",21,"126.7926751,37.400478","126.792415,37.4002719",37.400478,126.7926751,37.4002719,126.792415
173,"126.8251326,37.3903074/126.8265395,37.3906264",21,"126.8251326,37.3903074","126.8265395,37.3906264",37.3903074,126.8251326,37.3906264,126.8265395
174,"126.9375802,37.2936757/126.937577,37.2936549",21,"126.9375802,37.2936757","126.937577,37.2936549",37.2936757,126.9375802,37.2936549,126.937577
175,"126.7968531,37.4050909/126.7964741,37.4044171",21,"126.7968531,37.4050909","126.7964741,37.4044171",37.4050909,126.7968531,37.4044171,126.7964741
176,"126.7941241,37.4847825/126.7940657,37.4844938",21,"126.7941241,37.4847825","126.7940657,37.4844938",37.4847825,126.7941241,37.4844938,126.7940657
177,"126.8118782,37.4464851/126.8117841,37.4462727",21,"126.8118782,37.4464851","126.8117841,37.4462727",37.4464851,126.8118782,37.4462727,126.8117841
178,"126.9317116,37.2951151/126.9317856,37.2953237",21,"126.9317116,37.2951151","126.9317856,37.2953237",37.2951151,126.9317116,37.2953237,126.9317856
179,"126.7958887,37.4971785/126.7958742,37.4971577",21,"126.7958887,37.4971785","126.7958742,37.4971577",37.4971785,126.7958887,37.4971577,126.7958742
180,"126.8371867,37.3930806/126.8377999,37.3932265",21,"126.8371867,37.3930806","126.8377999,37.3932265",37.3930806,126.8371867,37.3932265,126.8377999
181,"126.7940962,37.484018/126.7942242,37.4838773",21,"126.7940962,37.484018","126.7942242,37.4838773",37.484018,126.7940962,37.4838773,126.7942242
182,"126.7950622,37.4824509/126.7951697,37.4820757",21,"126.7950622,37.4824509","126.7951697,37.4820757",37.4824509,126.7950622,37.4820757,126.7951697
183,"126.8095277,37.4409686/126.8092884,37.4400667",21,"126.8095277,37.4409686","126.8092884,37.4400667",37.4409686,126.8095277,37.4400667,126.8092884
184,"126.7986553,37.3942933/126.7985148,37.394224",21,"126.7986553,37.3942933","126.7985148,37.394224",37.3942933,126.7986553,37.394224,126.7985148
185,"126.794838,37.4833167/126.7948967,37.4832017",21,"126.794838,37.4833167","126.7948967,37.4832017",37.4833167,126.794838,37.4832017,126.7948967
186,"126.9375638,37.2934629/126.9375348,37.2934069",21,"126.9375638,37.2934629","126.9375348,37.2934069",37.2934629,126.9375638,37.2934069,126.9375348
187,"126.8083505,37.4374482/126.807647,37.4359",21,"126.8083505,37.4374482","126.807647,37.4359",37.4374482,126.8083505,37.4359,126.807647
188,"126.7937972,37.4901869/126.7936647,37.490077",21,"126.7937972,37.4901869","126.7936647,37.490077",37.4901869,126.7937972,37.490077,126.7936647
189,"126.7988001,37.3944015/126.7986553,37.3942933",21,"126.7988001,37.3944015","126.7986553,37.3942933",37.3944015,126.7988001,37.3942933,126.7986553
190,"126.7935996,37.4878629/126.7937663,37.4875764",21,"126.7935996,37.4878629","126.7937663,37.4875764",37.4878629,126.7935996,37.4875764,126.7937663
191,"126.9389819,37.2924105/126.9390567,37.2923676",21,"126.9389819,37.2924105","126.9390567,37.2923676",37.2924105,126.9389819,37.2923676,126.9390567
192,"126.797798,37.3887115/126.7978239,37.3886008",21,"126.797798,37.3887115","126.7978239,37.3886008",37.3887115,126.797798,37.3886008,126.7978239
193,"126.8054854,37.4206399/126.8050814,37.4171565",21,"126.8054854,37.4206399","126.8050814,37.4171565",37.4206399,126.8054854,37.4171565,126.8050814
194,"126.9397987,37.2913462/126.9397416,37.2912801",21,"126.9397987,37.2913462","126.9397416,37.2912801",37.2913462,126.9397987,37.2912801,126.9397416
195,"126.8629463,37.3929824/126.8633386,37.3929431",21,"126.8629463,37.3929824","126.8633386,37.3929431",37.3929824,126.8629463,37.3929431,126.8633386
196,"126.9326346,37.2945075/126.9322914,37.2945266",21,"126.9326346,37.2945075","126.9322914,37.2945266",37.2945075,126.9326346,37.2945266,126.9322914
197,"126.7995151,37.3873732/126.7996614,37.3874336",21,"126.7995151,37.3873732","126.7996614,37.3874336",37.3873732,126.7995151,37.3874336,126.7996614
198,"126.7951384,37.4931135/126.7947872,37.4923326",21,"126.7951384,37.4931135","126.7947872,37.4923326",37.4931135,126.7951384,37.4923326,126.7947872
199,"126.7935193,37.4895489/126.7935124,37.4894407",21,"126.7935193,37.4895489","126.7935124,37.4894407",37.4895489,126.7935193,37.4894407,126.7935124
200,"126.8049623,37.4162265/126.8048063,37.41476",21,"126.8049623,37.4162265","126.8048063,37.41476",37.4162265,126.8049623,37.41476,126.8048063
201,"126.8112446,37.4496217/126.8114032,37.4494649",21,"126.8112446,37.4496217","126.8114032,37.4494649",37.4496217,126.8112446,37.4494649,126.8114032
202,"126.9419959,37.2902019/126.9419887,37.2899468",21,"126.9419959,37.2902019","126.9419887,37.2899468",37.2902019,126.9419959,37.2899468,126.9419887
203,"126.9284148,37.3200072/126.9286754,37.3192855",21,"126.9284148,37.3200072","126.9286754,37.3192855",37.3200072,126.9284148,37.3192855,126.9286754
204,"126.7955018,37.4714075/126.7956275,37.4710179",21,"126.7955018,37.4714075","126.7956275,37.4710179",37.4714075,126.7955018,37.4710179,126.7956275
205,"126.7976355,37.4678112/126.7977619,37.4675911",21,"126.7976355,37.4678112","126.7977619,37.4675911",37.4678112,126.7976355,37.4675911,126.7977619
206,"126.7980918,37.4072354/126.797748,37.4066619",21,"126.7980918,37.4072354","126.797748,37.4066619",37.4072354,126.7980918,37.4066619,126.797748
207,"126.7954663,37.4809661/126.79547,37.4808111",21,"126.7954663,37.4809661","126.79547,37.4808111",37.4809661,126.7954663,37.4808111,126.79547
208,"126.8030301,37.4586231/126.8039005,37.4568211",21,"126.8030301,37.4586231","126.8039005,37.4568211",37.4586231,126.8030301,37.4568211,126.8039005
209,"126.8405105,37.3938284/126.8417148,37.3940857",21,"126.8405105,37.3938284","126.8417148,37.3940857",37.3938284,126.8405105,37.3940857,126.8417148
210,"126.7954528,37.4810823/126.79546,37.4810364",21,"126.7954528,37.4810823","126.79546,37.4810364",37.4810823,126.7954528,37.4810364,126.79546
211,"126.8616994,37.3930704/126.8621135,37.3929978",21,"126.8616994,37.3930704","126.8621135,37.3929978",37.3930704,126.8616994,37.3929978,126.8621135
212,"126.7967508,37.4985014/126.7967398,37.4984716",21,"126.7967508,37.4985014","126.7967398,37.4984716",37.4985014,126.7967508,37.4984716,126.7967398
213,"126.9397138,37.2919885/126.9397648,37.291959",21,"126.9397138,37.2919885","126.9397648,37.291959",37.2919885,126.9397138,37.291959,126.9397648
214,"126.9366611,37.2957364/126.936861,37.2957193",21,"126.9366611,37.2957364","126.936861,37.2957193",37.2957364,126.9366611,37.2957193,126.936861
215,"126.7975027,37.3961379/126.7978595,37.3958038",21,"126.7975027,37.3961379","126.7978595,37.3958038",37.3961379,126.7975027,37.3958038,126.7978595
216,"126.8633386,37.3929431/126.8636282,37.3928915",21,"126.8633386,37.3929431","126.8636282,37.3928915",37.3929431,126.8633386,37.3928915,126.8636282
217,"126.9400866,37.2917748/126.9400746,37.2917144",21,"126.9400866,37.2917748","126.9400746,37.2917144",37.2917748,126.9400866,37.2917144,126.9400746
218,"126.7954679,37.4793464/126.7954613,37.4787271",21,"126.7954679,37.4793464","126.7954613,37.4787271",37.4793464,126.7954679,37.4787271,126.7954613
219,"126.9404742,37.2904741/126.9405727,37.2904295",21,"126.9404742,37.2904741","126.9405727,37.2904295",37.2904741,126.9404742,37.2904295,126.9405727
220,"126.8854298,37.3669788/126.8856428,37.3667573",21,"126.8854298,37.3669788","126.8856428,37.3667573",37.3669788,126.8854298,37.3667573,126.8856428
221,"126.7969405,37.5004657/126.7969323,37.500261",21,"126.7969405,37.5004657","126.7969323,37.500261",37.5004657,126.7969405,37.500261,126.7969323
222,"126.9395526,37.291062/126.9394955,37.2909959",21,"126.9395526,37.291062","126.9394955,37.2909959",37.291062,126.9395526,37.2909959,126.9394955
223,"126.7990652,37.4654725/126.799273,37.4651339",21,"126.7990652,37.4654725","126.799273,37.4651339",37.4654725,126.7990652,37.4651339,126.799273
224,"126.9382337,37.2928892/126.938601,37.2926538",21,"126.9382337,37.2928892","126.938601,37.2926538",37.2928892,126.9382337,37.2926538,126.938601
225,"126.7954617,37.4780872/126.7954631,37.477933",21,"126.7954617,37.4780872","126.7954631,37.477933",37.4780872,126.7954617,37.477933,126.7954631
226,"126.8001372,37.3877744/126.8002995,37.3879331",21,"126.8001372,37.3877744","126.8002995,37.3879331",37.3877744,126.8001372,37.3879331,126.8002995
227,"126.7936647,37.490077/126.7935784,37.489761",21,"126.7936647,37.490077","126.7935784,37.489761",37.490077,126.7936647,37.489761,126.7935784
228,"126.7949789,37.4026415/126.7947191,37.4023975",21,"126.7949789,37.4026415","126.7947191,37.4023975",37.4026415,126.7949789,37.4023975,126.7947191
229,"126.8039005,37.4568211/126.8040215,37.4565703",21,"126.8039005,37.4568211","126.8040215,37.4565703",37.4568211,126.8039005,37.4565703,126.8040215
230,"126.7927544,37.3999846/126.7943574,37.3986763",21,"126.7927544,37.3999846","126.7943574,37.3986763",37.3999846,126.7927544,37.3986763,126.7943574
231,"126.805835,37.4237832/126.8058013,37.4235162",21,"126.805835,37.4237832","126.8058013,37.4235162",37.4237832,126.805835,37.4235162,126.8058013
232,"126.8030197,37.4586438/126.8030301,37.4586231",21,"126.8030197,37.4586438","126.8030301,37.4586231",37.4586438,126.8030197,37.4586231,126.8030301
233,"126.9388745,37.2953241/126.9393248,37.2951496",21,"126.9388745,37.2953241","126.9393248,37.2951496",37.2953241,126.9388745,37.2951496,126.9393248
234,"126.7978715,37.5013212/126.7978129,37.5013046",21,"126.7978715,37.5013212","126.7978129,37.5013046",37.5013212,126.7978715,37.5013046,126.7978129
235,"126.7954627,37.4784612/126.7954632,37.4782819",21,"126.7954627,37.4784612","126.7954632,37.4782819",37.4784612,126.7954627,37.4782819,126.7954632
236,"126.7934877,37.4890592/126.7934671,37.4886012",21,"126.7934877,37.4890592","126.7934671,37.4886012",37.4890592,126.7934877,37.4886012,126.7934671
237,"126.7954504,37.4726619/126.7954492,37.4725465",21,"126.7954504,37.4726619","126.7954492,37.4725465",37.4726619,126.7954504,37.4725465,126.7954492
238,"126.8533193,37.3959516/126.854964,37.3962355",21,"126.8533193,37.3959516","126.854964,37.3962355",37.3959516,126.8533193,37.3962355,126.854964
239,"126.8748354,37.3810117/126.8749994,37.380853",21,"126.8748354,37.3810117","126.8749994,37.380853",37.3810117,126.8748354,37.380853,126.8749994
240,"126.9319148,37.3079942/126.9321694,37.307158",21,"126.9319148,37.3079942","126.9321694,37.307158",37.3079942,126.9319148,37.307158,126.9321694
241,"126.9348861,37.2957694/126.9354559,37.2957712",21,"126.9348861,37.2957694","126.9354559,37.2957712",37.2957694,126.9348861,37.2957712,126.9354559
242,"126.793517,37.4881049/126.7935557,37.4879672",21,"126.793517,37.4881049","126.7935557,37.4879672",37.4881049,126.793517,37.4879672,126.7935557
243,"126.8654153,37.3910316/126.8656002,37.3906766",21,"126.8654153,37.3910316","126.8656002,37.3906766",37.3910316,126.8654153,37.3906766,126.8656002
244,"126.9381816,37.292916/126.9382337,37.2928892",21,"126.9381816,37.292916","126.9382337,37.2928892",37.292916,126.9381816,37.2928892,126.9382337
245,"126.7935784,37.489761/126.7935586,37.4896924",21,"126.7935784,37.489761","126.7935586,37.4896924",37.489761,126.7935784,37.4896924,126.7935586
246,"126.7972414,37.5013157/126.7971599,37.5013197",21,"126.7972414,37.5013157","126.7971599,37.5013197",37.5013157,126.7972414,37.5013197,126.7971599
247,"126.7940767,37.4840404/126.7940893,37.4840261",21,"126.7940767,37.4840404","126.7940893,37.4840261",37.4840404,126.7940767,37.4840261,126.7940893
248,"126.8034563,37.4122778/126.8034216,37.4122424",21,"126.8034563,37.4122778","126.8034216,37.4122424",37.4122778,126.8034563,37.4122424,126.8034216
249,"126.8856428,37.3667573/126.8858567,37.3665673",21,"126.8856428,37.3667573","126.8858567,37.3665673",37.3667573,126.8856428,37.3665673,126.8858567
250,"126.7954492,37.476288/126.7954491,37.4761744",21,"126.7954492,37.476288","126.7954491,37.4761744",37.476288,126.7954492,37.4761744,126.7954491
251,"126.8104304,37.4433624/126.8101029,37.4425853",21,"126.8104304,37.4433624","126.8101029,37.4425853",37.4433624,126.8104304,37.4425853,126.8101029
252,"126.7956865,37.4708831/126.7957508,37.4707789",21,"126.7956865,37.4708831","126.7957508,37.4707789",37.4708831,126.7956865,37.4707789,126.7957508
253,"126.7954408,37.4811561/126.7954528,37.4810823",21,"126.7954408,37.4811561","126.7954528,37.4810823",37.4811561,126.7954408,37.4810823,126.7954528
254,"126.7978595,37.3958038/126.7979017,37.3957635",21,"126.7978595,37.3958038","126.7979017,37.3957635",37.3958038,126.7978595,37.3957635,126.7979017
255,"126.8043307,37.3884698/126.8051258,37.3884925",21,"126.8043307,37.3884698","126.8051258,37.3884925",37.3884698,126.8043307,37.3884925,126.8051258
256,"126.79547,37.4808111/126.7954701,37.4806795",21,"126.79547,37.4808111","126.7954701,37.4806795",37.4808111,126.79547,37.4806795,126.7954701
257,"126.9378909,37.2955926/126.9382163,37.2955265",21,"126.9378909,37.2955926","126.9382163,37.2955265",37.2955926,126.9378909,37.2955265,126.9382163
258,"126.9042567,37.351009/126.9046446,37.3506396",21,"126.9042567,37.351009","126.9046446,37.3506396",37.351009,126.9042567,37.3506396,126.9046446
259,"126.7954632,37.4782819/126.7954617,37.4780872",21,"126.7954632,37.4782819","126.7954617,37.4780872",37.4782819,126.7954632,37.4780872,126.7954617
260,"126.7970727,37.468738/126.7973574,37.4682818",21,"126.7970727,37.468738","126.7973574,37.4682818",37.468738,126.7970727,37.4682818,126.7973574
261,"126.9301113,37.3143105/126.9307479,37.3120538",21,"126.9301113,37.3143105","126.9307479,37.3120538",37.3143105,126.9301113,37.3120538,126.9307479
262,"126.7969165,37.4998923/126.7968994,37.4994253",21,"126.7969165,37.4998923","126.7968994,37.4994253",37.4998923,126.7969165,37.4994253,126.7968994
263,"126.8044436,37.455675/126.8047258,37.4551188",21,"126.8044436,37.455675","126.8047258,37.4551188",37.455675,126.8044436,37.4551188,126.8047258
264,"126.7969326,37.4689643/126.7969958,37.468861",21,"126.7969326,37.4689643","126.7969958,37.468861",37.4689643,126.7969326,37.468861,126.7969958
265,"126.7954619,37.4786694/126.7954624,37.4786163",21,"126.7954619,37.4786694","126.7954624,37.4786163",37.4786694,126.7954619,37.4786163,126.7954624
266,"126.8057772,37.4233169/126.8055751,37.4214571",21,"126.8057772,37.4233169","126.8055751,37.4214571",37.4233169,126.8057772,37.4214571,126.8055751
267,"126.8231946,37.3898682/126.8251326,37.3903074",21,"126.8231946,37.3898682","126.8251326,37.3903074",37.3898682,126.8231946,37.3903074,126.8251326
268,"126.8076533,37.4307993/126.8076303,37.4304692",21,"126.8076533,37.4307993","126.8076303,37.4304692",37.4307993,126.8076533,37.4304692,126.8076303
269,"126.8707662,37.3846019/126.8717547,37.3837797",21,"126.8707662,37.3846019","126.8717547,37.3837797",37.3846019,126.8707662,37.3837797,126.8717547
270,"126.8607167,37.393321/126.8610171,37.3932001",21,"126.8607167,37.393321","126.8610171,37.3932001",37.393321,126.8607167,37.3932001,126.8610171
271,"126.8047193,37.4142718/126.8045845,37.4138249",21,"126.8047193,37.4142718","126.8045845,37.4138249",37.4142718,126.8047193,37.4138249,126.8045845
272,"126.7957945,37.3975897/126.7958389,37.3975585",21,"126.7957945,37.3975897","126.7958389,37.3975585",37.3975897,126.7957945,37.3975585,126.7958389
273,"126.7973231,37.3963775/126.7975027,37.3961379",21,"126.7973231,37.3963775","126.7975027,37.3961379",37.3963775,126.7973231,37.3961379,126.7975027
274,"126.7963116,37.4978075/126.7958887,37.4971785",21,"126.7963116,37.4978075","126.7958887,37.4971785",37.4978075,126.7963116,37.4971785,126.7958887
275,"126.9397648,37.291959/126.9399846,37.2918329",21,"126.9397648,37.291959","126.9399846,37.2918329",37.291959,126.9397648,37.2918329,126.9399846
276,"126.7964141,37.4043077/126.7963396,37.4041838",21,"126.7964141,37.4043077","126.7963396,37.4041838",37.4043077,126.7964141,37.4041838,126.7963396
277,"126.8066265,37.427058/126.8062744,37.4258995",21,"126.8066265,37.427058","126.8062744,37.4258995",37.427058,126.8066265,37.4258995,126.8062744
278,"126.8606328,37.3933521/126.8607167,37.393321",21,"126.8606328,37.3933521","126.8607167,37.393321",37.3933521,126.8606328,37.393321,126.8607167
279,"126.7954626,37.4752173/126.7954618,37.4750631",21,"126.7954626,37.4752173","126.7954618,37.4750631",37.4752173,126.7954626,37.4750631,126.7954618
280,"126.8091109,37.4394563/126.8090089,37.4391213",21,"126.8091109,37.4394563","126.8090089,37.4391213",37.4394563,126.8091109,37.4391213,126.8090089
281,"126.8823437,37.3703735/126.8824098,37.3703009",21,"126.8823437,37.3703735","126.8824098,37.3703009",37.3703735,126.8823437,37.3703009,126.8824098
282,"126.7954699,37.4804587/126.79547,37.4799692",21,"126.7954699,37.4804587","126.79547,37.4799692",37.4804587,126.7954699,37.4799692,126.79547
283,"126.8051258,37.3884925/126.8055738,37.3885375",21,"126.8051258,37.3884925","126.8055738,37.3885375",37.3884925,126.8051258,37.3885375,126.8055738
284,"126.7999725,37.4639735/126.8000163,37.4638918",21,"126.7999725,37.4639735","126.8000163,37.4638918",37.4639735,126.7999725,37.4638918,126.8000163
285,"126.9242651,37.3282653/126.9247978,37.3272368",21,"126.9242651,37.3282653","126.9247978,37.3272368",37.3282653,126.9242651,37.3272368,126.9247978
286,"126.7980983,37.3935771/126.7979919,37.3932321",21,"126.7980983,37.3935771","126.7979919,37.3932321",37.3935771,126.7980983,37.3932321,126.7979919
287,"126.8289116,37.3911645/126.8289905,37.3911812",21,"126.8289116,37.3911645","126.8289905,37.3911812",37.3911645,126.8289116,37.3911812,126.8289905
288,"126.8653648,37.3911296/126.8654153,37.3910316",21,"126.8653648,37.3911296","126.8654153,37.3910316",37.3911296,126.8653648,37.3910316,126.8654153
289,"126.9394955,37.2909959/126.9396259,37.2909163",21,"126.9394955,37.2909959","126.9396259,37.2909163",37.2909959,126.9394955,37.2909163,126.9396259
290,"126.7935586,37.4896924/126.7935193,37.4895489",21,"126.7935586,37.4896924","126.7935193,37.4895489",37.4896924,126.7935586,37.4895489,126.7935193
291,"126.797625,37.5013053/126.7972414,37.5013157",21,"126.797625,37.5013053","126.7972414,37.5013157",37.5013053,126.797625,37.5013157,126.7972414
292,"126.9399846,37.2918329/126.9400866,37.2917748",21,"126.9399846,37.2918329","126.9400866,37.2917748",37.2918329,126.9399846,37.2917748,126.9400866
293,"126.8460131,37.3947793/126.8504077,37.3954507",21,"126.8460131,37.3947793","126.8504077,37.3954507",37.3947793,126.8460131,37.3954507,126.8504077
294,"126.794597,37.4835667/126.794727,37.4834503",21,"126.794597,37.4835667","126.794727,37.4834503",37.4835667,126.794597,37.4834503,126.794727
295,"126.9405727,37.2904295/126.9405817,37.2904251",21,"126.9405727,37.2904295","126.9405817,37.2904251",37.2904295,126.9405727,37.2904251,126.9405817
296,"126.79546,37.4810364/126.7954663,37.4809661",21,"126.79546,37.4810364","126.7954663,37.4809661",37.4810364,126.79546,37.4809661,126.7954663
297,"126.936276,37.3006264/126.9363391,37.3004843",21,"126.936276,37.3006264","126.9363391,37.3004843",37.3006264,126.936276,37.3004843,126.9363391
298,"126.7963231,37.4699224/126.7964297,37.4697762",21,"126.7963231,37.4699224","126.7964297,37.4697762",37.4699224,126.7963231,37.4697762,126.7964297
299,"126.866505,37.3893402/126.8671942,37.3883912",21,"126.866505,37.3893402","126.8671942,37.3883912",37.3893402,126.866505,37.3883912,126.8671942
300,"126.9279495,37.3210956/126.9284148,37.3200072",21,"126.9279495,37.3210956","126.9284148,37.3200072",37.3210956,126.9279495,37.3200072,126.9284148
301,"126.9340776,37.295706/126.9343885,37.2957733",21,"126.9340776,37.295706","126.9343885,37.2957733",37.295706,126.9340776,37.2957733,126.9343885
302,"126.7954429,37.4741833/126.7954374,37.4734405",21,"126.7954429,37.4741833","126.7954374,37.4734405",37.4741833,126.7954429,37.4734405,126.7954374
303,"126.9248814,37.3270812/126.9251081,37.3266614",21,"126.9248814,37.3270812","126.9251081,37.3266614",37.3270812,126.9248814,37.3266614,126.9251081
304,"126.7939929,37.4874227/126.7941368,37.4871496",21,"126.7939929,37.4874227","126.7941368,37.4871496",37.4874227,126.7939929,37.4871496,126.7941368
305,"126.931486,37.3094983/126.9319148,37.3079942",21,"126.931486,37.3094983","126.9319148,37.3079942",37.3094983,126.931486,37.3079942,126.9319148
306,"126.7940526,37.4840809/126.7940767,37.4840404",21,"126.7940526,37.4840809","126.7940767,37.4840404",37.4840809,126.7940526,37.4840404,126.7940767
307,"126.8749994,37.380853/126.8763341,37.3792701",21,"126.8749994,37.380853","126.8763341,37.3792701",37.380853,126.8749994,37.3792701,126.8763341
308,"126.9390567,37.2923676/126.939366,37.2921888",21,"126.9390567,37.2923676","126.939366,37.2921888",37.2923676,126.9390567,37.2921888,126.939366
309,"126.9195414,37.3363105/126.920397,37.3351528",21,"126.9195414,37.3363105","126.920397,37.3351528",37.3363105,126.9195414,37.3351528,126.920397
310,"126.9398222,37.2913734/126.9397987,37.2913462",21,"126.9398222,37.2913734","126.9397987,37.2913462",37.2913734,126.9398222,37.2913462,126.9397987
311,"126.7957088,37.4968223/126.7956766,37.4967545",21,"126.7957088,37.4968223","126.7956766,37.4967545",37.4968223,126.7957088,37.4967545,126.7956766
312,"126.8012249,37.3883965/126.801525,37.3884379",21,"126.8012249,37.3883965","126.801525,37.3884379",37.3883965,126.8012249,37.3884379,126.801525
313,"126.7954606,37.4721734/126.7954611,37.4718886",21,"126.7954606,37.4721734","126.7954611,37.4718886",37.4721734,126.7954606,37.4718886,126.7954611
314,"126.9361094,37.3008744/126.936276,37.3006264",21,"126.9361094,37.3008744","126.936276,37.3006264",37.3008744,126.9361094,37.3006264,126.936276
315,"126.9317856,37.2953237/126.9319467,37.2955065",21,"126.9317856,37.2953237","126.9319467,37.2955065",37.2953237,126.9317856,37.2955065,126.9319467
316,"126.9373386,37.2956684/126.9378909,37.2955926",21,"126.9373386,37.2956684","126.9378909,37.2955926",37.2956684,126.9373386,37.2955926,126.9378909
317,"126.9363391,37.3004843/126.9364392,37.3002251",21,"126.9363391,37.3004843","126.9364392,37.3002251",37.3004843,126.9363391,37.3002251,126.9364392
318,"126.8051325,37.4545371/126.8052832,37.454382",21,"126.8051325,37.4545371","126.8052832,37.454382",37.4545371,126.8051325,37.454382,126.8052832
319,"126.8417148,37.3940857/126.843206,37.3943518",21,"126.8417148,37.3940857","126.843206,37.3943518",37.3940857,126.8417148,37.3943518,126.843206
320,"126.7937686,37.4875728/126.7939503,37.4875054",21,"126.7937686,37.4875728","126.7939503,37.4875054",37.4875728,126.7937686,37.4875054,126.7939503
321,"126.8038528,37.4126596/126.8034563,37.4122778",21,"126.8038528,37.4126596","126.8034563,37.4122778",37.4126596,126.8038528,37.4122778,126.8034563
322,"126.8092884,37.4400667/126.8091702,37.4396424",21,"126.8092884,37.4400667","126.8091702,37.4396424",37.4400667,126.8092884,37.4396424,126.8091702
323,"126.8152843,37.3886626/126.8161389,37.3887207",21,"126.8152843,37.3886626","126.8161389,37.3887207",37.3886626,126.8152843,37.3887207,126.8161389
324,"126.797875,37.3924454/126.7977604,37.3909286",21,"126.797875,37.3924454","126.7977604,37.3909286",37.3924454,126.797875,37.3909286,126.7977604
325,"126.7979627,37.5013695/126.7978715,37.5013212",21,"126.7979627,37.5013695","126.7978715,37.5013212",37.5013695,126.7979627,37.5013212,126.7978715
326,"126.9356956,37.2973597/126.9351995,37.2964136",21,"126.9356956,37.2973597","126.9351995,37.2964136",37.2973597,126.9356956,37.2964136,126.9351995
327,"126.9324787,37.3063987/126.9328902,37.3055345",21,"126.9324787,37.3063987","126.9328902,37.3055345",37.3063987,126.9324787,37.3055345,126.9328902
328,"126.7925881,37.4001224/126.7927544,37.3999846",21,"126.7925881,37.4001224","126.7927544,37.3999846",37.4001224,126.7925881,37.3999846,126.7927544
329,"126.8183397,37.3889453/126.8202247,37.3892455",21,"126.8183397,37.3889453","126.8202247,37.3892455",37.3889453,126.8183397,37.3892455,126.8202247
330,"126.7964584,37.4697295/126.7964779,37.4696998",21,"126.7964584,37.4697295","126.7964779,37.4696998",37.4697295,126.7964584,37.4696998,126.7964779
331,"126.9396259,37.2909163/126.9398365,37.2908074",21,"126.9396259,37.2909163","126.9398365,37.2908074",37.2909163,126.9396259,37.2908074,126.9398365
332,"126.7954524,37.4764232/126.7954489,37.4763159",21,"126.7954524,37.4764232","126.7954489,37.4763159",37.4764232,126.7954524,37.4763159,126.7954489
333,"126.9400746,37.2917144/126.9400746,37.2917126",21,"126.9400746,37.2917144","126.9400746,37.2917126",37.2917144,126.9400746,37.2917126,126.9400746
334,"126.7999724,37.3876346/126.8000531,37.3877",21,"126.7999724,37.3876346","126.8000531,37.3877",37.3876346,126.7999724,37.3877,126.8000531
335,"126.868607,37.386687/126.8690994,37.3861605",21,"126.868607,37.386687","126.8690994,37.3861605",37.386687,126.868607,37.3861605,126.8690994
336,"126.7956766,37.4967545/126.7956248,37.4966163",21,"126.7956766,37.4967545","126.7956248,37.4966163",37.4967545,126.7956766,37.4966163,126.7956248
337,"126.7982335,37.3878001/126.7983373,37.3876889",21,"126.7982335,37.3878001","126.7983373,37.3876889",37.3878001,126.7982335,37.3876889,126.7983373
338,"126.9050301,37.3502963/126.9060606,37.3493271",21,"126.9050301,37.3502963","126.9060606,37.3493271",37.3502963,126.9050301,37.3493271,126.9060606
339,"126.8120205,37.4468753/126.811949,37.4466585",21,"126.8120205,37.4468753","126.811949,37.4466585",37.4468753,126.8120205,37.4466585,126.811949
340,"126.811949,37.4466585/126.8118782,37.4464851",21,"126.811949,37.4466585","126.8118782,37.4464851",37.4466585,126.811949,37.4464851,126.8118782
341,"126.8852328,37.3671842/126.8854298,37.3669788",21,"126.8852328,37.3671842","126.8854298,37.3669788",37.3671842,126.8852328,37.3669788,126.8854298
342,"126.7959561,37.4704719/126.7960651,37.4703085",21,"126.7959561,37.4704719","126.7960651,37.4703085",37.4704719,126.7959561,37.4703085,126.7960651
343,"126.7988542,37.387381/126.7989775,37.3873583",21,"126.7988542,37.387381","126.7989775,37.3873583",37.387381,126.7988542,37.3873583,126.7989775
344,"126.8107777,37.3885905/126.8134175,37.3886022",21,"126.8107777,37.3885905","126.8134175,37.3886022",37.3885905,126.8107777,37.3886022,126.8134175
345,"126.9331673,37.2946317/126.9328994,37.2945448",21,"126.9331673,37.2946317","126.9328994,37.2945448",37.2946317,126.9331673,37.2945448,126.9328994
346,"126.8052832,37.454382/126.805629,37.4540343",21,"126.8052832,37.454382","126.805629,37.4540343",37.454382,126.8052832,37.4540343,126.805629
347,"126.9382163,37.2955265/126.9387271,37.2954217",21,"126.9382163,37.2955265","126.9387271,37.2954217",37.2955265,126.9382163,37.2954217,126.9387271
348,"126.9278208,37.321396/126.9279495,37.3210956",21,"126.9278208,37.321396","126.9279495,37.3210956",37.321396,126.9278208,37.3210956,126.9279495
349,"126.807067,37.4333377/126.8071376,37.4330388",21,"126.807067,37.4333377","126.8071376,37.4330388",37.4333377,126.807067,37.4330388,126.8071376
350,"126.9319467,37.2955065/126.9322108,37.295643",21,"126.9319467,37.2955065","126.9322108,37.295643",37.2955065,126.9319467,37.295643,126.9322108
351,"126.8004817,37.4630878/126.8009321,37.4623261",21,"126.8004817,37.4630878","126.8009321,37.4623261",37.4630878,126.8004817,37.4623261,126.8009321
352,"126.9321694,37.307158/126.9324787,37.3063987",21,"126.9321694,37.307158","126.9324787,37.3063987",37.307158,126.9321694,37.3063987,126.9324787
353,"126.938657,37.2945335/126.9386109,37.294508",21,"126.938657,37.2945335","126.9386109,37.294508",37.2945335,126.938657,37.294508,126.9386109
354,"126.7954624,37.4786163/126.7954627,37.4784612",21,"126.7954624,37.4786163","126.7954627,37.4784612",37.4786163,126.7954624,37.4784612,126.7954627
355,"126.7940227,37.4841303/126.7940526,37.4840809",21,"126.7940227,37.4841303","126.7940526,37.4840809",37.4841303,126.7940227,37.4840809,126.7940526
356,"126.9345198,37.3029562/126.9350201,37.3022997",21,"126.9345198,37.3029562","126.9350201,37.3022997",37.3029562,126.9345198,37.3022997,126.9350201
357,"126.7958742,37.4971577/126.7958442,37.4970998",21,"126.7958742,37.4971577","126.7958442,37.4970998",37.4971577,126.7958742,37.4970998,126.7958442
358,"126.9397416,37.2912801/126.9396455,37.2911679",21,"126.9397416,37.2912801","126.9396455,37.2911679",37.2912801,126.9397416,37.2911679,126.9396455
359,"126.8691758,37.3860789/126.8698293,37.3854604",21,"126.8691758,37.3860789","126.8698293,37.3854604",37.3860789,126.8691758,37.3854604,126.8698293
360,"126.811662,37.4460268/126.8110899,37.4449202",21,"126.811662,37.4460268","126.8110899,37.4449202",37.4460268,126.811662,37.4449202,126.8110899
361,"126.7969958,37.468861/126.7970727,37.468738",21,"126.7969958,37.468861","126.7970727,37.468738",37.468861,126.7969958,37.468738,126.7970727
362,"126.8024779,37.4596429/126.8030197,37.4586438",21,"126.8024779,37.4596429","126.8030197,37.4586438",37.4596429,126.8024779,37.4586438,126.8030197
363,"126.800637,37.3881992/126.8008248,37.3882914",21,"126.800637,37.3881992","126.8008248,37.3882914",37.3881992,126.800637,37.3882914,126.8008248
364,"126.8041157,37.4129478/126.8038528,37.4126596",21,"126.8041157,37.4129478","126.8038528,37.4126596",37.4129478,126.8041157,37.4126596,126.8038528
365,"126.8621135,37.3929978/126.8629463,37.3929824",21,"126.8621135,37.3929978","126.8629463,37.3929824",37.3929978,126.8621135,37.3929824,126.8629463
366,"126.9415846,37.2902883/126.941896,37.290278",21,"126.9415846,37.2902883","126.941896,37.290278",37.2902883,126.9415846,37.290278,126.941896
367,"126.8698293,37.3854604/126.8704909,37.3848339",21,"126.8698293,37.3854604","126.8704909,37.3848339",37.3854604,126.8698293,37.3848339,126.8704909
368,"126.7954498,37.4757328/126.7954582,37.4754444",21,"126.7954498,37.4757328","126.7954582,37.4754444",37.4757328,126.7954498,37.4754444,126.7954582
369,"126.805629,37.4540343/126.8058364,37.4538571",21,"126.805629,37.4540343","126.8058364,37.4538571",37.4540343,126.805629,37.4538571,126.8058364
370,"126.9338915,37.3038293/126.9341823,37.3034251",21,"126.9338915,37.3038293","126.9341823,37.3034251",37.3038293,126.9338915,37.3034251,126.9341823
371,"126.8385147,37.393399/126.8405105,37.3938284",21,"126.8385147,37.393399","126.8405105,37.3938284",37.393399,126.8385147,37.3938284,126.8405105
372,"126.8085542,37.4379163/126.8084003,37.4375638",21,"126.8085542,37.4379163","126.8084003,37.4375638",37.4379163,126.8085542,37.4375638,126.8084003
373,"126.8058013,37.4235162/126.8057772,37.4233169",21,"126.8058013,37.4235162","126.8057772,37.4233169",37.4235162,126.8058013,37.4233169,126.8057772
374,"126.8048063,37.41476/126.8047193,37.4142718",21,"126.8048063,37.41476","126.8047193,37.4142718",37.41476,126.8048063,37.4142718,126.8047193
375,"126.7940098,37.4841779/126.7940227,37.4841303",21,"126.7940098,37.4841779","126.7940227,37.4841303",37.4841779,126.7940098,37.4841303,126.7940227
376,"126.7940022,37.484268/126.7940002,37.4842419",21,"126.7940022,37.484268","126.7940002,37.4842419",37.484268,126.7940022,37.4842419,126.7940002
377,"126.8362656,37.3928618/126.8371867,37.3930806",21,"126.8362656,37.3928618","126.8371867,37.3930806",37.3928618,126.8362656,37.3930806,126.8371867
378,"126.8764438,37.3791111/126.8765741,37.3789225",21,"126.8764438,37.3791111","126.8765741,37.3789225",37.3791111,126.8764438,37.3789225,126.8765741
379,"126.7940002,37.4842419/126.7940098,37.4841779",21,"126.7940002,37.4842419","126.7940098,37.4841779",37.4842419,126.7940002,37.4841779,126.7940098
380,"126.7949296,37.4830712/126.7949439,37.4830028",21,"126.7949296,37.4830712","126.7949439,37.4830028",37.4830712,126.7949296,37.4830028,126.7949439
381,"126.8047258,37.4551188/126.8047741,37.4550343",21,"126.8047258,37.4551188","126.8047741,37.4550343",37.4551188,126.8047258,37.4550343,126.8047741
382,"126.8071376,37.4330388/126.8072191,37.4327752",21,"126.8071376,37.4330388","126.8072191,37.4327752",37.4330388,126.8071376,37.4327752,126.8072191
383,"126.8289905,37.3911812/126.8290367,37.3911932",21,"126.8289905,37.3911812","126.8290367,37.3911932",37.3911812,126.8289905,37.3911932,126.8290367
384,"126.8134175,37.3886022/126.8152843,37.3886626",21,"126.8134175,37.3886022","126.8152843,37.3886626",37.3886022,126.8134175,37.3886626,126.8152843
385,"126.8265395,37.3906264/126.8289116,37.3911645",21,"126.8265395,37.3906264","126.8289116,37.3911645",37.3906264,126.8265395,37.3911645,126.8289116
386,"126.7940657,37.4844938/126.7940318,37.4843737",21,"126.7940657,37.4844938","126.7940318,37.4843737",37.4844938,126.7940657,37.4843737,126.7940318
387,"126.7941368,37.4871496/126.7941567,37.4870839",21,"126.7941368,37.4871496","126.7941567,37.4870839",37.4871496,126.7941368,37.4870839,126.7941567
388,"126.7954777,37.4715633/126.7955018,37.4714075",21,"126.7954777,37.4715633","126.7955018,37.4714075",37.4715633,126.7954777,37.4714075,126.7955018
389,"126.8118101,37.4488633/126.8119601,37.448537",21,"126.8118101,37.4488633","126.8119601,37.448537",37.4488633,126.8118101,37.448537,126.8119601
390,"126.8000531,37.3877/126.8001372,37.3877744",21,"126.8000531,37.3877","126.8001372,37.3877744",37.3877,126.8000531,37.3877744,126.8001372
391,"126.9230553,37.3307428/126.9239692,37.3288714",21,"126.9230553,37.3307428","126.9239692,37.3288714",37.3307428,126.9230553,37.3288714,126.9239692
392,"126.9274907,37.3220678/126.9278208,37.321396",21,"126.9274907,37.3220678","126.9278208,37.321396",37.3220678,126.9274907,37.321396,126.9278208
393,"126.8050422,37.4546519/126.8051325,37.4545371",21,"126.8050422,37.4546519","126.8051325,37.4545371",37.4546519,126.8050422,37.4545371,126.8051325
394,"126.9343885,37.2957733/126.9347045,37.295773",21,"126.9343885,37.2957733","126.9347045,37.295773",37.2957733,126.9343885,37.295773,126.9347045
395,"126.8119601,37.448537/126.8119751,37.4484965",21,"126.8119601,37.448537","126.8119751,37.4484965",37.448537,126.8119601,37.4484965,126.8119751
396,"126.9375348,37.2934069/126.937479,37.2933282",21,"126.9375348,37.2934069","126.937479,37.2933282",37.2934069,126.9375348,37.2933282,126.937479
397,"126.7988637,37.3946028/126.7988001,37.3944015",21,"126.7988637,37.3946028","126.7988001,37.3944015",37.3946028,126.7988637,37.3944015,126.7988001
398,"126.7954701,37.4806795/126.7954699,37.4804587",21,"126.7954701,37.4806795","126.7954699,37.4804587",37.4806795,126.7954701,37.4804587,126.7954699
399,"126.7941746,37.486983/126.7941865,37.486801",21,"126.7941746,37.486983","126.7941865,37.486801",37.486983,126.7941746,37.486801,126.7941865
400,"126.7937663,37.4875764/126.7937686,37.4875728",21,"126.7937663,37.4875764","126.7937686,37.4875728",37.4875764,126.7937663,37.4875728,126.7937686
401,"126.8022873,37.4112496/126.8009482,37.4100339",21,"126.8022873,37.4112496","126.8009482,37.4100339",37.4112496,126.8022873,37.4100339,126.8009482
402,"126.7988964,37.3947292/126.7988637,37.3946028",21,"126.7988964,37.3947292","126.7988637,37.3946028",37.3947292,126.7988964,37.3946028,126.7988637
403,"126.8596984,37.3937734/126.8601205,37.3935549",21,"126.8596984,37.3937734","126.8601205,37.3935549",37.3937734,126.8596984,37.3935549,126.8601205
404,"126.8058364,37.4538571/126.8065198,37.4533158",21,"126.8058364,37.4538571","126.8065198,37.4533158",37.4538571,126.8058364,37.4533158,126.8065198
405,"126.8561623,37.396288/126.856447,37.3962823",21,"126.8561623,37.396288","126.856447,37.3962823",37.396288,126.8561623,37.3962823,126.856447
406,"126.7979464,37.393029/126.797875,37.3924454",21,"126.7979464,37.393029","126.797875,37.3924454",37.393029,126.7979464,37.3924454,126.797875
407,"126.7977604,37.3909286/126.797695,37.3903027",21,"126.7977604,37.3909286","126.797695,37.3903027",37.3909286,126.7977604,37.3903027,126.797695
408,"126.7956248,37.4966163/126.7955614,37.4963744",21,"126.7956248,37.4966163","126.7955614,37.4963744",37.4966163,126.7956248,37.4963744,126.7955614
409,"126.7983494,37.3940328/126.7982001,37.3937994",21,"126.7983494,37.3940328","126.7982001,37.3937994",37.3940328,126.7983494,37.3937994,126.7982001
410,"126.8736155,37.382232/126.8744105,37.3814394",21,"126.8736155,37.382232","126.8744105,37.3814394",37.382232,126.8736155,37.3814394,126.8744105
411,"126.7934671,37.4886012/126.7934719,37.4883345",21,"126.7934671,37.4886012","126.7934719,37.4883345",37.4886012,126.7934671,37.4883345,126.7934719
412,"126.7957114,37.3976569/126.7957945,37.3975897",21,"126.7957114,37.3976569","126.7957945,37.3975897",37.3976569,126.7957114,37.3975897,126.7957945
413,"126.8047741,37.4550343/126.8048463,37.4549257",21,"126.8047741,37.4550343","126.8048463,37.4549257",37.4550343,126.8047741,37.4549257,126.8048463
414,"126.941061,37.2903057/126.9415846,37.2902883",21,"126.941061,37.2903057","126.9415846,37.2902883",37.2903057,126.941061,37.2902883,126.9415846
415,"126.7984698,37.407773/126.7981641,37.4073557",21,"126.7984698,37.407773","126.7981641,37.4073557",37.407773,126.7984698,37.4073557,126.7981641
416,"126.7942242,37.4838773/126.794597,37.4835667",21,"126.7942242,37.4838773","126.794597,37.4835667",37.4838773,126.7942242,37.4835667,126.794597
417,"126.7930549,37.4008291/126.7926751,37.400478",21,"126.7930549,37.4008291","126.7926751,37.400478",37.4008291,126.7930549,37.400478,126.7926751
418,"126.7954592,37.4749784/126.7954429,37.4741833",21,"126.7954592,37.4749784","126.7954429,37.4741833",37.4749784,126.7954592,37.4741833,126.7954429
419,"126.7954631,37.477933/126.7954654,37.4774499",21,"126.7954631,37.477933","126.7954654,37.4774499",37.477933,126.7954631,37.4774499,126.7954654
420,"126.8581091,37.3954684/126.8584461,37.3950313",21,"126.8581091,37.3954684","126.8584461,37.3950313",37.3954684,126.8581091,37.3950313,126.8584461
421,"126.7958442,37.4970998/126.7957498,37.4969163",21,"126.7958442,37.4970998","126.7957498,37.4969163",37.4970998,126.7958442,37.4969163,126.7957498
422,"126.8590133,37.3943592/126.85933,37.3940518",21,"126.8590133,37.3943592","126.85933,37.3940518",37.3943592,126.8590133,37.3940518,126.85933
423,"126.8684964,37.3868054/126.868607,37.386687",21,"126.8684964,37.3868054","126.868607,37.386687",37.3868054,126.8684964,37.386687,126.868607
424,"126.8044063,37.4134128/126.8041157,37.4129478",21,"126.8044063,37.4134128","126.8041157,37.4129478",37.4134128,126.8044063,37.4129478,126.8041157
425,"126.7941865,37.486801/126.794187,37.4866298",21,"126.7941865,37.486801","126.794187,37.4866298",37.486801,126.7941865,37.4866298,126.794187
426,"126.8076428,37.4310786/126.8076533,37.4307993",21,"126.8076428,37.4310786","126.8076533,37.4307993",37.4310786,126.8076428,37.4307993,126.8076533
427,"126.7954989,37.4960414/126.7955368,37.4951412",21,"126.7954989,37.4960414","126.7955368,37.4951412",37.4960414,126.7954989,37.4951412,126.7955368
428,"126.9419968,37.2902308/126.9419959,37.2902019",21,"126.9419968,37.2902308","126.9419959,37.2902019",37.2902308,126.9419968,37.2902019,126.9419959
429,"126.7980671,37.5014567/126.7979627,37.5013695",21,"126.7980671,37.5014567","126.7979627,37.5013695",37.5014567,126.7980671,37.5013695,126.7979627
430,"126.8084003,37.4375638/126.8083505,37.4374482",21,"126.8084003,37.4375638","126.8083505,37.4374482",37.4375638,126.8084003,37.4374482,126.8083505
431,"126.9175893,37.3385381/126.9187542,37.337245",21,"126.9175893,37.3385381","126.9187542,37.337245",37.3385381,126.9175893,37.337245,126.9187542
432,"126.9187542,37.337245/126.9192099,37.3367046",21,"126.9187542,37.337245","126.9192099,37.3367046",37.337245,126.9187542,37.3367046,126.9192099
433,"126.8796152,37.3740747/126.8801783,37.3731745",21,"126.8796152,37.3740747","126.8801783,37.3731745",37.3740747,126.8796152,37.3731745,126.8801783
434,"126.7955614,37.4963744/126.7954989,37.4960414",21,"126.7955614,37.4963744","126.7954989,37.4960414",37.4963744,126.7955614,37.4960414,126.7954989
435,"126.8076303,37.4304692/126.8076023,37.4303185",21,"126.8076303,37.4304692","126.8076023,37.4303185",37.4304692,126.8076303,37.4303185,126.8076023
436,"126.7941271,37.4848204/126.7941241,37.4847825",21,"126.7941271,37.4848204","126.7941241,37.4847825",37.4848204,126.7941271,37.4847825,126.7941241
437,"126.7949678,37.4828668/126.7950259,37.4825778",21,"126.7949678,37.4828668","126.7950259,37.4825778",37.4828668,126.7949678,37.4825778,126.7950259
438,"126.8556743,37.396279/126.8561623,37.396288",21,"126.8556743,37.396279","126.8561623,37.396288",37.396279,126.8556743,37.396288,126.8561623
439,"126.7954497,37.4724996/126.7954544,37.4723608",21,"126.7954497,37.4724996","126.7954544,37.4723608",37.4724996,126.7954497,37.4723608,126.7954544
440,"126.8076023,37.4303185/126.8075579,37.4301083",21,"126.8076023,37.4303185","126.8075579,37.4301083",37.4303185,126.8076023,37.4301083,126.8075579
441,"126.8075579,37.4301083/126.8066265,37.427058",21,"126.8075579,37.4301083","126.8066265,37.427058",37.4301083,126.8075579,37.427058,126.8066265
442,"126.7941696,37.4858365/126.7941514,37.4853641",21,"126.7941696,37.4858365","126.7941514,37.4853641",37.4858365,126.7941696,37.4853641,126.7941514
443,"126.7939032,37.4904615/126.7937972,37.4901869",21,"126.7939032,37.4904615","126.7937972,37.4901869",37.4904615,126.7939032,37.4901869,126.7937972
444,"126.9338575,37.2949685/126.9334619,37.2947584",21,"126.9338575,37.2949685","126.9334619,37.2947584",37.2949685,126.9338575,37.2947584,126.9334619
445,"126.9334619,37.2947584/126.9331673,37.2946317",21,"126.9334619,37.2947584","126.9331673,37.2946317",37.2947584,126.9334619,37.2946317,126.9331673
446,"126.8858567,37.3665673/126.8864076,37.3660374",21,"126.8858567,37.3665673","126.8864076,37.3660374",37.3665673,126.8858567,37.3660374,126.8864076
447,"126.9046446,37.3506396/126.9050301,37.3502963",21,"126.9046446,37.3506396","126.9050301,37.3502963",37.3506396,126.9046446,37.3502963,126.9050301
448,"126.8639896,37.3927726/126.8642722,37.3926182",21,"126.8639896,37.3927726","126.8642722,37.3926182",37.3927726,126.8639896,37.3926182,126.8642722
449,"126.9403575,37.2905376/126.9404742,37.2904741",21,"126.9403575,37.2905376","126.9404742,37.2904741",37.2905376,126.9403575,37.2904741,126.9404742
450,"126.9398365,37.2908074/126.940174,37.2906332",21,"126.9398365,37.2908074","126.940174,37.2906332",37.2908074,126.9398365,37.2906332,126.940174
451,"126.822111,37.3896412/126.8231946,37.3898682",21,"126.822111,37.3896412","126.8231946,37.3898682",37.3896412,126.822111,37.3898682,126.8231946
452,"126.9348953,37.2958983/126.9347422,37.2956984",21,"126.9348953,37.2958983","126.9347422,37.2956984",37.2958983,126.9348953,37.2956984,126.9347422
453,"126.8076219,37.4312669/126.8076428,37.4310786",21,"126.8076219,37.4312669","126.8076428,37.4310786",37.4312669,126.8076219,37.4310786,126.8076428
454,"126.7987306,37.3874281/126.7988542,37.387381",21,"126.7987306,37.3874281","126.7988542,37.387381",37.3874281,126.7987306,37.387381,126.7988542
455,"126.9354559,37.2957712/126.9356962,37.2957696",21,"126.9354559,37.2957712","126.9356962,37.2957696",37.2957712,126.9354559,37.2957696,126.9356962
456,"126.7979017,37.3957635/126.7987749,37.3949241",21,"126.7979017,37.3957635","126.7987749,37.3949241",37.3957635,126.7979017,37.3949241,126.7987749
457,"126.9389389,37.2947034/126.9389243,37.2946916",21,"126.9389389,37.2947034","126.9389243,37.2946916",37.2947034,126.9389389,37.2946916,126.9389243
458,"126.8048463,37.4549257/126.8050422,37.4546519",21,"126.8048463,37.4549257","126.8050422,37.4546519",37.4549257,126.8048463,37.4546519,126.8050422
459,"126.7954668,37.4795925/126.7954679,37.4793464",21,"126.7954668,37.4795925","126.7954679,37.4793464",37.4795925,126.7954668,37.4793464,126.7954679
460,"126.9395571,37.2910647/126.9395526,37.291062",21,"126.9395571,37.2910647","126.9395526,37.291062",37.2910647,126.9395571,37.291062,126.9395526
461,"126.7955737,37.4943446/126.7955381,37.4941632",21,"126.7955737,37.4943446","126.7955381,37.4941632",37.4943446,126.7955737,37.4941632,126.7955381
462,"126.7947898,37.4833858/126.794838,37.4833167",21,"126.7947898,37.4833858","126.794838,37.4833167",37.4833858,126.7947898,37.4833167,126.794838
463,"126.7976718,37.3896473/126.7976869,37.3893598",21,"126.7976718,37.3896473","126.7976869,37.3893598",37.3896473,126.7976718,37.3893598,126.7976869
464,"126.8075322,37.4316747/126.8076219,37.4312669",21,"126.8075322,37.4316747","126.8076219,37.4312669",37.4316747,126.8075322,37.4312669,126.8076219
465,"126.8512515,37.3955941/126.8533193,37.3959516",21,"126.8512515,37.3955941","126.8533193,37.3959516",37.3955941,126.8512515,37.3959516,126.8533193
466,"126.7954654,37.4774499/126.7954623,37.4774211",21,"126.7954654,37.4774499","126.7954623,37.4774211",37.4774499,126.7954654,37.4774211,126.7954623
467,"126.8009321,37.4623261/126.8011148,37.4620136",21,"126.8009321,37.4623261","126.8011148,37.4620136",37.4623261,126.8009321,37.4620136,126.8011148
468,"126.7966664,37.4983351/126.7965838,37.4982147",21,"126.7966664,37.4983351","126.7965838,37.4982147",37.4983351,126.7966664,37.4982147,126.7965838
469,"126.7954374,37.4734405/126.7954371,37.4733576",21,"126.7954374,37.4734405","126.7954371,37.4733576",37.4734405,126.7954374,37.4733576,126.7954371
470,"126.8290367,37.3911932/126.8310358,37.3916335",21,"126.8290367,37.3911932","126.8310358,37.3916335",37.3911932,126.8290367,37.3916335,126.8310358
471,"126.794731,37.398474/126.7954667,37.3978546",21,"126.794731,37.398474","126.7954667,37.3978546",37.398474,126.794731,37.3978546,126.7954667
472,"126.7971599,37.5013197/126.7969777,37.5013285",21,"126.7971599,37.5013197","126.7969777,37.5013285",37.5013197,126.7971599,37.5013285,126.7969777
473,"126.7953132,37.49353/126.795196,37.4932499",21,"126.7953132,37.49353","126.795196,37.4932499",37.49353,126.7953132,37.4932499,126.795196
474,"126.7988307,37.3948731/126.798879,37.3947868",21,"126.7988307,37.3948731","126.798879,37.3947868",37.3948731,126.7988307,37.3947868,126.798879
475,"126.9360151,37.2980913/126.9359696,37.2979875",21,"126.9360151,37.2980913","126.9359696,37.2979875",37.2980913,126.9360151,37.2979875,126.9359696
476,"126.9286754,37.3192855/126.928937,37.3184224",21,"126.9286754,37.3192855","126.928937,37.3184224",37.3192855,126.9286754,37.3184224,126.928937
477,"126.8614382,37.3931041/126.8616994,37.3930704",21,"126.8614382,37.3931041","126.8616994,37.3930704",37.3931041,126.8614382,37.3930704,126.8616994
478,"126.7968707,37.4989808/126.7968646,37.4989095",21,"126.7968707,37.4989808","126.7968646,37.4989095",37.4989808,126.7968707,37.4989095,126.7968646
479,"126.8587487,37.3946453/126.8589096,37.3944623",21,"126.8587487,37.3946453","126.8589096,37.3944623",37.3946453,126.8587487,37.3944623,126.8589096
480,"126.7946776,37.4920796/126.7942782,37.491247",21,"126.7946776,37.4920796","126.7942782,37.491247",37.4920796,126.7946776,37.491247,126.7942782
481,"126.8717547,37.3837797/126.8736155,37.382232",21,"126.8717547,37.3837797","126.8736155,37.382232",37.3837797,126.8717547,37.382232,126.8736155
482,"126.7957498,37.4969163/126.7957088,37.4968223",21,"126.7957498,37.4969163","126.7957088,37.4968223",37.4969163,126.7957498,37.4968223,126.7957088
483,"126.8121191,37.4478331/126.812126,37.4475798",21,"126.8121191,37.4478331","126.812126,37.4475798",37.4478331,126.8121191,37.4475798,126.812126
484,"126.9248733,37.3270974/126.9248814,37.3270812",21,"126.9248733,37.3270974","126.9248814,37.3270812",37.3270974,126.9248733,37.3270812,126.9248814
485,"126.9405817,37.2904251/126.9406134,37.2904162",21,"126.9405817,37.2904251","126.9406134,37.2904162",37.2904251,126.9405817,37.2904162,126.9406134
486,"126.8642722,37.3926182/126.8645474,37.3924043",21,"126.8642722,37.3926182","126.8645474,37.3924043",37.3926182,126.8642722,37.3924043,126.8645474
487,"126.7939176,37.4904923/126.7939032,37.4904615",21,"126.7939176,37.4904923","126.7939032,37.4904615",37.4904923,126.7939176,37.4904615,126.7939032
488,"126.8070066,37.4340034/126.8070239,37.4336033",21,"126.8070066,37.4340034","126.8070239,37.4336033",37.4340034,126.8070066,37.4336033,126.8070239
489,"126.8050204,37.4166658/126.8049623,37.4162265",21,"126.8050204,37.4166658","126.8049623,37.4162265",37.4166658,126.8050204,37.4162265,126.8049623
490,"126.8584461,37.3950313/126.858524,37.3948956",21,"126.8584461,37.3950313","126.858524,37.3948956",37.3950313,126.8584461,37.3948956,126.858524
491,"126.8055751,37.4214571/126.8055385,37.4211387",21,"126.8055751,37.4214571","126.8055385,37.4211387",37.4214571,126.8055751,37.4211387,126.8055385
492,"126.8018998,37.3884636/126.8022872,37.3884659",21,"126.8018998,37.3884636","126.8022872,37.3884659",37.3884636,126.8018998,37.3884659,126.8022872
493,"126.7977279,37.3890761/126.797798,37.3887115",21,"126.7977279,37.3890761","126.797798,37.3887115",37.3890761,126.7977279,37.3887115,126.797798
494,"126.7985148,37.394224/126.7983494,37.3940328",21,"126.7985148,37.394224","126.7983494,37.3940328",37.394224,126.7985148,37.3940328,126.7983494
495,"126.7954618,37.4750631/126.7954592,37.4749784",21,"126.7954618,37.4750631","126.7954592,37.4749784",37.4750631,126.7954618,37.4749784,126.7954592
496,"126.7978538,37.4674411/126.798762,37.4659719",21,"126.7978538,37.4674411","126.798762,37.4659719",37.4674411,126.7978538,37.4659719,126.798762
497,"126.8120263,37.4483355/126.812072,37.4481609",21,"126.8120263,37.4483355","126.812072,37.4481609",37.4483355,126.8120263,37.4481609,126.812072
498,"126.7979177,37.3883499/126.798041,37.3880847",21,"126.7979177,37.3883499","126.798041,37.3880847",37.3883499,126.7979177,37.3880847,126.798041
499,"126.797695,37.3903027/126.7976718,37.3896473",21,"126.797695,37.3903027","126.7976718,37.3896473",37.3903027,126.797695,37.3896473,126.7976718
500,"126.8601205,37.3935549/126.8602282,37.3935068",21,"126.8601205,37.3935549","126.8602282,37.3935068",37.3935549,126.8601205,37.3935068,126.8602282
501,"126.8551276,37.3962634/126.8556743,37.396279",21,"126.8551276,37.3962634","126.8556743,37.396279",37.3962634,126.8551276,37.396279,126.8556743
502,"126.9251081,37.3266614/126.9262243,37.3245954",21,"126.9251081,37.3266614","126.9262243,37.3245954",37.3266614,126.9251081,37.3245954,126.9262243
503,"126.7992488,37.3873428/126.7993764,37.3873463",21,"126.7992488,37.3873428","126.7993764,37.3873463",37.3873428,126.7992488,37.3873463,126.7993764
504,"126.8310358,37.3916335/126.8315871,37.3917556",21,"126.8310358,37.3916335","126.8315871,37.3917556",37.3916335,126.8310358,37.3917556,126.8315871
505,"126.7967122,37.4983993/126.7966664,37.4983351",21,"126.7967122,37.4983993","126.7966664,37.4983351",37.4983993,126.7967122,37.4983351,126.7966664
506,"126.9210842,37.3341539/126.9216617,37.3333328",21,"126.9210842,37.3341539","126.9216617,37.3333328",37.3341539,126.9210842,37.3333328,126.9216617
507,"126.8017063,37.4610292/126.8020132,37.4604893",21,"126.8017063,37.4610292","126.8020132,37.4604893",37.4610292,126.8017063,37.4604893,126.8020132
508,"126.8074786,37.4355259/126.8073579,37.4352575",21,"126.8074786,37.4355259","126.8073579,37.4352575",37.4355259,126.8074786,37.4352575,126.8073579
509,"126.8161389,37.3887207/126.8173038,37.3888203",21,"126.8161389,37.3887207","126.8173038,37.3888203",37.3887207,126.8161389,37.3888203,126.8173038
510,"126.794727,37.4834503/126.7947898,37.4833858",21,"126.794727,37.4834503","126.7947898,37.4833858",37.4834503,126.794727,37.4833858,126.7947898
511,"126.8116367,37.4491544/126.8118101,37.4488633",21,"126.8116367,37.4491544","126.8118101,37.4488633",37.4491544,126.8116367,37.4488633,126.8118101
512,"126.8589096,37.3944623/126.8590133,37.3943592",21,"126.8589096,37.3944623","126.8590133,37.3943592",37.3944623,126.8589096,37.3943592,126.8590133
513,"126.8034216,37.4122424/126.8031952,37.4120437",21,"126.8034216,37.4122424","126.8031952,37.4120437",37.4122424,126.8034216,37.4120437,126.8031952
514,"126.929062,37.3180092/126.929477,37.3165591",21,"126.929062,37.3180092","126.929477,37.3165591",37.3180092,126.929062,37.3165591,126.929477
515,"126.8045845,37.4138249/126.8044063,37.4134128",21,"126.8045845,37.4138249","126.8044063,37.4134128",37.4138249,126.8045845,37.4134128,126.8044063
516,"126.8009482,37.4100339/126.7993453,37.4086435",21,"126.8009482,37.4100339","126.7993453,37.4086435",37.4100339,126.8009482,37.4086435,126.7993453
517,"126.795885,37.4034942/126.7955771,37.4031922",21,"126.795885,37.4034942","126.7955771,37.4031922",37.4034942,126.795885,37.4031922,126.7955771
518,"126.7967398,37.4984716/126.7967122,37.4983993",21,"126.7967398,37.4984716","126.7967122,37.4983993",37.4984716,126.7967398,37.4983993,126.7967122
519,"126.9381401,37.2942408/126.9380379,37.2941853",21,"126.9381401,37.2942408","126.9380379,37.2941853",37.2942408,126.9381401,37.2941853,126.9380379
520,"126.7983373,37.3876889/126.7984398,37.3875967",21,"126.7983373,37.3876889","126.7984398,37.3875967",37.3876889,126.7983373,37.3875967,126.7984398
521,"126.7999001,37.4640975/126.799907,37.464084",21,"126.7999001,37.4640975","126.799907,37.464084",37.4640975,126.7999001,37.464084,126.799907
522,"126.7934981,37.4881913/126.793517,37.4881049",21,"126.7934981,37.4881913","126.793517,37.4881049",37.4881913,126.7934981,37.4881049,126.793517
523,"126.9009488,37.3538001/126.9042567,37.351009",21,"126.9009488,37.3538001","126.9042567,37.351009",37.3538001,126.9009488,37.351009,126.9042567
524,"126.7955381,37.4941632/126.7953132,37.49353",21,"126.7955381,37.4941632","126.7953132,37.49353",37.4941632,126.7955381,37.49353,126.7953132
525,"126.8086971,37.4382407/126.8085542,37.4379163",21,"126.8086971,37.4382407","126.8085542,37.4379163",37.4382407,126.8086971,37.4379163,126.8085542
526,"126.858524,37.3948956/126.8586905,37.394718",21,"126.858524,37.3948956","126.8586905,37.394718",37.3948956,126.858524,37.394718,126.8586905
527,"126.8690994,37.3861605/126.8691758,37.3860789",21,"126.8690994,37.3861605","126.8691758,37.3860789",37.3861605,126.8690994,37.3860789,126.8691758
528,"126.7934719,37.4883345/126.7934981,37.4881913",21,"126.7934719,37.4883345","126.7934981,37.4881913",37.4883345,126.7934719,37.4881913,126.7934981
529,"126.7954613,37.4787271/126.7954619,37.4786694",21,"126.7954613,37.4787271","126.7954619,37.4786694",37.4787271,126.7954613,37.4786694,126.7954619
530,"126.7977619,37.4675911/126.7978538,37.4674411",21,"126.7977619,37.4675911","126.7978538,37.4674411",37.4675911,126.7977619,37.4674411,126.7978538
531,"126.8173038,37.3888203/126.8183397,37.3889453",21,"126.8173038,37.3888203","126.8183397,37.3889453",37.3888203,126.8173038,37.3889453,126.8183397
532,"126.929477,37.3165591/126.9301113,37.3143105",21,"126.929477,37.3165591","126.9301113,37.3143105",37.3165591,126.929477,37.3143105,126.9301113
533,"126.8097244,37.4415871/126.8095277,37.4409686",21,"126.8097244,37.4415871","126.8095277,37.4409686",37.4415871,126.8097244,37.4409686,126.8095277
534,"126.798041,37.3880847/126.7981683,37.3878808",21,"126.798041,37.3880847","126.7981683,37.3878808",37.3880847,126.798041,37.3878808,126.7981683
535,"126.8037727,37.3884683/126.8043307,37.3884698",21,"126.8037727,37.3884683","126.8043307,37.3884698",37.3884683,126.8037727,37.3884698,126.8043307
536,"126.9344252,37.3030873/126.9345198,37.3029562",21,"126.9344252,37.3030873","126.9345198,37.3029562",37.3030873,126.9344252,37.3029562,126.9345198
537,"126.8636282,37.3928915/126.8639896,37.3927726",21,"126.8636282,37.3928915","126.8639896,37.3927726",37.3928915,126.8636282,37.3927726,126.8639896
538,"126.9359696,37.2979875/126.9356956,37.2973597",21,"126.9359696,37.2979875","126.9356956,37.2973597",37.2979875,126.9359696,37.2973597,126.9356956
539,"126.8440669,37.3944801/126.8450293,37.394626",21,"126.8440669,37.3944801","126.8450293,37.394626",37.3944801,126.8440669,37.394626,126.8450293
540,"126.9352507,37.3019339/126.9357209,37.3013782",21,"126.9352507,37.3019339","126.9357209,37.3013782",37.3019339,126.9352507,37.3013782,126.9357209
541,"126.7947274,37.4921907/126.7946776,37.4920796",21,"126.7947274,37.4921907","126.7946776,37.4920796",37.4921907,126.7947274,37.4920796,126.7946776
542,"126.8102981,37.450394/126.8105441,37.4501927",21,"126.8102981,37.450394","126.8105441,37.4501927",37.450394,126.8102981,37.4501927,126.8105441
543,"126.9396455,37.2911679/126.9395571,37.2910647",21,"126.9396455,37.2911679","126.9395571,37.2910647",37.2911679,126.9396455,37.2910647,126.9395571
544,"126.8074366,37.4319959/126.8075322,37.4316747",21,"126.8074366,37.4319959","126.8075322,37.4316747",37.4319959,126.8074366,37.4316747,126.8075322
545,"126.843206,37.3943518/126.8440669,37.3944801",21,"126.843206,37.3943518","126.8440669,37.3944801",37.3943518,126.843206,37.3944801,126.8440669
546,"126.7954667,37.3978546/126.7957114,37.3976569",21,"126.7954667,37.3978546","126.7957114,37.3976569",37.3978546,126.7954667,37.3976569,126.7957114
547,"126.7987749,37.3949241/126.7988307,37.3948731",21,"126.7987749,37.3949241","126.7988307,37.3948731",37.3949241,126.7987749,37.3948731,126.7988307
548,"126.7978129,37.5013046/126.7977291,37.5013041",21,"126.7978129,37.5013046","126.7977291,37.5013041",37.5013046,126.7978129,37.5013041,126.7977291
549,"126.8805178,37.3726751/126.8813731,37.3715411",21,"126.8805178,37.3726751","126.8813731,37.3715411",37.3726751,126.8805178,37.3715411,126.8813731
550,"126.9365019,37.299845/126.9364611,37.2991129",21,"126.9365019,37.299845","126.9364611,37.2991129",37.299845,126.9365019,37.2991129,126.9364611
551,"126.9318655,37.2947571/126.931748,37.2949287",21,"126.9318655,37.2947571","126.931748,37.2949287",37.2947571,126.9318655,37.2949287,126.931748
552,"126.9262243,37.3245954/126.9263034,37.3244363",21,"126.9262243,37.3245954","126.9263034,37.3244363",37.3245954,126.9262243,37.3244363,126.9263034
553,"126.9328902,37.3055345/126.9336026,37.3042886",21,"126.9328902,37.3055345","126.9336026,37.3042886",37.3055345,126.9328902,37.3042886,126.9336026
554,"126.9364392,37.3002251/126.9365019,37.299845",21,"126.9364392,37.3002251","126.9365019,37.299845",37.3002251,126.9364392,37.299845,126.9365019
555,"126.9391374,37.2948648/126.9389389,37.2947034",21,"126.9391374,37.2948648","126.9389389,37.2947034",37.2948648,126.9391374,37.2947034,126.9389389
556,"126.7965741,37.3969788/126.7973231,37.3963775",21,"126.7965741,37.3969788","126.7973231,37.3963775",37.3969788,126.7965741,37.3963775,126.7973231
557,"126.936861,37.2957193/126.9369829,37.2957091",21,"126.936861,37.2957193","126.9369829,37.2957091",37.2957193,126.936861,37.2957091,126.9369829
558,"126.7939503,37.4875054/126.7939929,37.4874227",21,"126.7939503,37.4875054","126.7939929,37.4874227",37.4875054,126.7939503,37.4874227,126.7939929
559,"126.7947191,37.4023975/126.7934334,37.4011856",21,"126.7947191,37.4023975","126.7934334,37.4011856",37.4023975,126.7947191,37.4011856,126.7934334
560,"126.7978239,37.3886008/126.7979177,37.3883499",21,"126.7978239,37.3886008","126.7979177,37.3883499",37.3886008,126.7978239,37.3883499,126.7979177
561,"126.8586905,37.394718/126.8587487,37.3946453",21,"126.8586905,37.394718","126.8587487,37.3946453",37.394718,126.8586905,37.3946453,126.8587487
562,"126.7942782,37.491247/126.7939675,37.4905971",21,"126.7942782,37.491247","126.7939675,37.4905971",37.491247,126.7942782,37.4905971,126.7939675
563,"126.8577037,37.3958376/126.8581091,37.3954684",21,"126.8577037,37.3958376","126.8581091,37.3954684",37.3958376,126.8577037,37.3954684,126.8581091
564,"126.9247978,37.3272368/126.9248733,37.3270974",21,"126.9247978,37.3272368","126.9248733,37.3270974",37.3272368,126.9247978,37.3270974,126.9248733
565,"126.8108804,37.444471/126.8106909,37.4440517",21,"126.8108804,37.444471","126.8106909,37.4440517",37.444471,126.8108804,37.4440517,126.8106909
566,"126.8055738,37.3885375/126.8107777,37.3885905",21,"126.8055738,37.3885375","126.8107777,37.3885905",37.3885375,126.8055738,37.3885905,126.8107777
567,"126.9406586,37.2904029/126.9408994,37.2903355",21,"126.9406586,37.2904029","126.9408994,37.2903355",37.2904029,126.9406586,37.2903355,126.9408994
568,"126.7986956,37.408034/126.7984698,37.407773",21,"126.7986956,37.408034","126.7984698,37.407773",37.408034,126.7986956,37.407773,126.7984698
569,"126.7973574,37.4682818/126.7975793,37.4678947",21,"126.7973574,37.4682818","126.7975793,37.4678947",37.4682818,126.7973574,37.4678947,126.7975793
570,"126.9351861,37.2963883/126.9350716,37.2961696",21,"126.9351861,37.2963883","126.9350716,37.2961696",37.2963883,126.9351861,37.2961696,126.9350716
571,"126.8120829,37.4480898/126.8121191,37.4478331",21,"126.8120829,37.4480898","126.8121191,37.4478331",37.4480898,126.8120829,37.4478331,126.8121191
572,"126.7975793,37.4678947/126.7976355,37.4678112",21,"126.7975793,37.4678947","126.7976355,37.4678112",37.4678947,126.7975793,37.4678112,126.7976355
573,"126.8570173,37.3961791/126.8573993,37.3960252",21,"126.8570173,37.3961791","126.8573993,37.3960252",37.3961791,126.8570173,37.3960252,126.8573993
574,"126.7964297,37.4697762/126.7964584,37.4697295",21,"126.7964297,37.4697762","126.7964584,37.4697295",37.4697762,126.7964297,37.4697295,126.7964584
575,"126.8836905,37.3687878/126.8852328,37.3671842",21,"126.8836905,37.3687878","126.8852328,37.3671842",37.3687878,126.8836905,37.3671842,126.8852328
576,"126.7968994,37.4994253/126.7968855,37.4992116",21,"126.7968994,37.4994253","126.7968855,37.4992116",37.4994253,126.7968994,37.4992116,126.7968855
577,"126.8680104,37.3873788/126.8684964,37.3868054",21,"126.8680104,37.3873788","126.8684964,37.3868054",37.3873788,126.8680104,37.3868054,126.8684964
578,"126.9364611,37.2991129/126.9364012,37.2989738",21,"126.9364611,37.2991129","126.9364012,37.2989738",37.2991129,126.9364611,37.2989738,126.9364012
579,"126.7968855,37.4992116/126.7968707,37.4989808",21,"126.7968855,37.4992116","126.7968707,37.4989808",37.4992116,126.7968855,37.4989808,126.7968707
580,"126.9328994,37.2945448/126.9326346,37.2945075",21,"126.9328994,37.2945448","126.9326346,37.2945075",37.2945448,126.9328994,37.2945075,126.9326346
581,"126.7947872,37.4923326/126.7947274,37.4921907",21,"126.7947872,37.4923326","126.7947274,37.4921907",37.4923326,126.7947872,37.4921907,126.7947274
582,"126.8088177,37.4385154/126.8086971,37.4382407",21,"126.8088177,37.4385154","126.8086971,37.4382407",37.4385154,126.8088177,37.4382407,126.8086971
583,"126.8055385,37.4211387/126.8054854,37.4206399",21,"126.8055385,37.4211387","126.8054854,37.4206399",37.4211387,126.8055385,37.4206399,126.8054854
584,"126.7991301,37.3873439/126.7992488,37.3873428",21,"126.7991301,37.3873439","126.7992488,37.3873428",37.3873439,126.7991301,37.3873428,126.7992488
585,"126.9364805,37.2957472/126.9366611,37.2957364",21,"126.9364805,37.2957472","126.9366611,37.2957364",37.2957472,126.9364805,37.2957364,126.9366611
586,"126.8106491,37.4439243/126.8104304,37.4433624",21,"126.8106491,37.4439243","126.8104304,37.4433624",37.4439243,126.8106491,37.4433624,126.8104304
587,"126.7993764,37.3873463/126.7995151,37.3873732",21,"126.7993764,37.3873463","126.7995151,37.3873732",37.3873463,126.7993764,37.3873732,126.7995151
588,"126.9364012,37.2989738/126.9360151,37.2980913",21,"126.9364012,37.2989738","126.9360151,37.2980913",37.2989738,126.9364012,37.2980913,126.9360151
589,"126.7954544,37.4723608/126.7954606,37.4721734",21,"126.7954544,37.4723608","126.7954606,37.4721734",37.4723608,126.7954544,37.4721734,126.7954606
590,"126.8656002,37.3906766/126.8656266,37.3906317",21,"126.8656002,37.3906766","126.8656266,37.3906317",37.3906766,126.8656002,37.3906317,126.8656266
591,"126.939366,37.2921888/126.9397138,37.2919885",21,"126.939366,37.2921888","126.9397138,37.2919885",37.2921888,126.939366,37.2919885,126.9397138
592,"126.9218151,37.3330569/126.92259,37.3316617",21,"126.9218151,37.3330569","126.92259,37.3316617",37.3330569,126.9218151,37.3316617,126.92259
593,"126.9357209,37.3013782/126.9361094,37.3008744",21,"126.9357209,37.3013782","126.9361094,37.3008744",37.3013782,126.9357209,37.3008744,126.9361094
594,"126.9393248,37.2951496/126.9393633,37.2951336",21,"126.9393248,37.2951496","126.9393633,37.2951336",37.2951496,126.9393248,37.2951336,126.9393633
595,"126.9377839,37.2931457/126.9380797,37.2929687",21,"126.9377839,37.2931457","126.9380797,37.2929687",37.2931457,126.9377839,37.2929687,126.9380797
596,"126.7996614,37.3874336/126.7998142,37.3875201",21,"126.7996614,37.3874336","126.7998142,37.3875201",37.3874336,126.7996614,37.3875201,126.7998142
597,"126.932055,37.2946057/126.9318655,37.2947571",21,"126.932055,37.2946057","126.9318655,37.2947571",37.2946057,126.932055,37.2947571,126.9318655
598,"126.8022872,37.3884659/126.8037727,37.3884683",21,"126.8022872,37.3884659","126.8037727,37.3884683",37.3884659,126.8022872,37.3884683,126.8037727
599,"126.7968379,37.4987453/126.7967508,37.4985014",21,"126.7968379,37.4987453","126.7967508,37.4985014",37.4987453,126.7968379,37.4985014,126.7967508
600,"126.9239692,37.3288714/126.9242651,37.3282653",21,"126.9239692,37.3288714","126.9242651,37.3282653",37.3288714,126.9239692,37.3282653,126.9242651
601,"126.7989493,37.4656575/126.7990652,37.4654725",21,"126.7989493,37.4656575","126.7990652,37.4654725",37.4656575,126.7989493,37.4654725,126.7990652
602,"126.9409989,37.2903081/126.941061,37.2903057",21,"126.9409989,37.2903081","126.941061,37.2903057",37.2903081,126.9409989,37.2903057,126.941061
603,"126.8091702,37.4396424/126.8091109,37.4394563",21,"126.8091702,37.4396424","126.8091109,37.4394563",37.4396424,126.8091702,37.4394563,126.8091109
604,"126.7954579,37.4753542/126.7954597,37.4752803",21,"126.7954579,37.4753542","126.7954597,37.4752803",37.4753542,126.7954579,37.4752803,126.7954597
605,"126.8664204,37.3894659/126.866505,37.3893402",21,"126.8664204,37.3894659","126.866505,37.3893402",37.3894659,126.8664204,37.3893402,126.866505
606,"126.9389243,37.2946916/126.9388884,37.2946671",21,"126.9389243,37.2946916","126.9388884,37.2946671",37.2946916,126.9389243,37.2946671,126.9388884
607,"126.8765741,37.3789225/126.8767159,37.3787114",21,"126.8765741,37.3789225","126.8767159,37.3787114",37.3789225,126.8765741,37.3787114,126.8767159
608,"126.8008248,37.3882914/126.8010117,37.3883583",21,"126.8008248,37.3882914","126.8010117,37.3883583",37.3882914,126.8008248,37.3883583,126.8010117
609,"126.7984398,37.3875967/126.7985638,37.3875118",21,"126.7984398,37.3875967","126.7985638,37.3875118",37.3875967,126.7984398,37.3875118,126.7985638
610,"126.7979919,37.3932321/126.7979464,37.393029",21,"126.7979919,37.3932321","126.7979464,37.393029",37.3932321,126.7979919,37.393029,126.7979464
611,"126.9341823,37.3034251/126.9344252,37.3030873",21,"126.9341823,37.3034251","126.9344252,37.3030873",37.3034251,126.9341823,37.3030873,126.9344252
612,"126.7954623,37.4774211/126.7954609,37.4773237",21,"126.7954623,37.4774211","126.7954609,37.4773237",37.4774211,126.7954623,37.4773237,126.7954609
613,"126.7969323,37.500261/126.7969211,37.4999996",21,"126.7969323,37.500261","126.7969211,37.4999996",37.500261,126.7969323,37.4999996,126.7969211
614,"126.7954492,37.4725465/126.7954497,37.4724996",21,"126.7954492,37.4725465","126.7954497,37.4724996",37.4725465,126.7954492,37.4724996,126.7954497
615,"126.9347422,37.2956984/126.9344904,37.2954322",21,"126.9347422,37.2956984","126.9344904,37.2954322",37.2956984,126.9347422,37.2954322,126.9344904
616,"126.7964779,37.4696998/126.7964871,37.4696846",21,"126.7964779,37.4696998","126.7964871,37.4696846",37.4696998,126.7964779,37.4696846,126.7964871
617,"126.8119751,37.4484965/126.8120263,37.4483355",21,"126.8119751,37.4484965","126.8120263,37.4483355",37.4484965,126.8119751,37.4483355,126.8120263
618,"126.80606,37.4251276/126.8058802,37.4241495",21,"126.80606,37.4251276","126.8058802,37.4241495",37.4251276,126.80606,37.4241495,126.8058802
619,"126.7940893,37.4840261/126.7940962,37.484018",21,"126.7940893,37.4840261","126.7940962,37.484018",37.4840261,126.7940893,37.484018,126.7940962
620,"126.7977291,37.5013041/126.797625,37.5013053",21,"126.7977291,37.5013041","126.797625,37.5013053",37.5013041,126.7977291,37.5013053,126.797625
621,"126.9350716,37.2961696/126.9348953,37.2958983",21,"126.9350716,37.2961696","126.9348953,37.2958983",37.2961696,126.9350716,37.2958983,126.9348953
622,"126.7989206,37.465706/126.7989493,37.4656575",21,"126.7989206,37.465706","126.7989493,37.4656575",37.465706,126.7989206,37.4656575,126.7989493
623,"126.812072,37.4481609/126.8120829,37.4480898",21,"126.812072,37.4481609","126.8120829,37.4480898",37.4481609,126.812072,37.4480898,126.8120829
624,"126.792415,37.4002719/126.7925881,37.4001224",21,"126.792415,37.4002719","126.7925881,37.4001224",37.4002719,126.792415,37.4001224,126.7925881
625,"126.8070504,37.4529088/126.8102981,37.450394",21,"126.8070504,37.4529088","126.8102981,37.450394",37.4529088,126.8070504,37.450394,126.8102981
626,"126.8602282,37.3935068/126.8606328,37.3933521",21,"126.8602282,37.3935068","126.8606328,37.3933521",37.3935068,126.8602282,37.3933521,126.8606328
627,"126.7954611,37.4718886/126.7954777,37.4715633",21,"126.7954611,37.4718886","126.7954777,37.4715633",37.4718886,126.7954611,37.4715633,126.7954777
628,"126.8040215,37.4565703/126.8044436,37.455675",21,"126.8040215,37.4565703","126.8044436,37.455675",37.4565703,126.8040215,37.455675,126.8044436
629,"126.8121143,37.4473734/126.8120205,37.4468753",21,"126.8121143,37.4473734","126.8120205,37.4468753",37.4473734,126.8121143,37.4468753,126.8120205
630,"126.9388884,37.2946671/126.9388244,37.2946244",21,"126.9388884,37.2946671","126.9388244,37.2946244",37.2946671,126.9388884,37.2946244,126.9388244
