0,1,2,3,4
"127.0381266,37.2866833","127.1374367,37.4338482","126.7980671,37.5014567","127.1374367,37.4338482","126.9463131,37.4063288"
"127.0381417,37.2866085","127.1376027,37.4338866","126.7979627,37.5013695","127.1376027,37.4338866","126.9465196,37.4063622"
"127.0388192,37.2866842","127.1380186,37.433905","126.7978715,37.5013212","127.1380186,37.433905","126.9466337,37.4063609"
"127.0388026,37.2868202","127.1381588,37.4338982","126.7978129,37.5013046","127.1381588,37.4338982","126.9467526,37.4063353"
"127.0387822,37.2868328","127.1382991,37.4338662","126.7977291,37.5013041","127.1382991,37.4338662","126.9469303,37.4062965"
"127.0383594,37.2867888","127.1382493,37.4341076","126.797625,37.5013053","127.1382493,37.4341076","126.9471307,37.4062298"
"127.0382927,37.2868228","127.1382206,37.434204","126.7972414,37.5013157","127.1382206,37.434204","126.9472351,37.4061708"
"127.0382439,37.2868703","127.1381494,37.4344408","126.7971599,37.5013197","127.1381494,37.4344408","126.9473225,37.4061199"
"127.0382116,37.2869748","127.1381093,37.4345435","126.7969777,37.5013285","127.1381093,37.4345435","126.9474293,37.4060374"
"127.0384614,37.287266","127.1380979,37.4345759","126.7969405,37.5004657","127.1380979,37.4345759","126.9475022,37.4059612"
"127.0394646,37.286675","127.1380864,37.4346083","126.7969323,37.500261","127.1380864,37.4346083","126.9475284,37.4059333"
"127.0394691,37.2866723","127.1379893,37.43459","126.7969211,37.4999996","127.1379893,37.43459","126.9476234,37.4057697"
"127.039511,37.2866472","127.1379261,37.4345781","126.7969165,37.4998923","127.1379261,37.4345781","126.9476818,37.4056582"
"127.0395914,37.2865998","127.1379238,37.4345771","126.7968994,37.4994253","127.1379238,37.4345771","126.9477258,37.4055223"
"127.0397544,37.2865048","127.1375477,37.4345075","126.7968855,37.4992116","127.1375477,37.4345075","126.9477524,37.4054377"
"127.03997,37.2866724","127.1374009,37.4344746","126.7968707,37.4989808","127.1374009,37.4344746","126.9477599,37.4051737"
"127.0400902,37.286754","127.1367121,37.4343328","126.7968646,37.4989095","127.1367121,37.4343328","126.9477442,37.4050095"
"127.0404664,37.2870322","127.136676,37.4343254","126.7968379,37.4987453","127.136676,37.4343254","126.9477375,37.4049924"
"127.0415994,37.2879056","127.1365224,37.4342961","126.7967508,37.4985014","127.1365224,37.4342961","126.9476611,37.4047883"
"127.0418083,37.2880731","127.1363869,37.434266","126.7967398,37.4984716","127.1363869,37.434266","126.9476555,37.4047739"
"127.0419688,37.2882017","127.1360109,37.4341846","126.7967122,37.4983993","127.1360109,37.4341846","126.9475086,37.4046326"
"127.0421327,37.2883358","127.1357478,37.4341288","126.7966664,37.4983351","127.1357478,37.4341288","126.9473029,37.4044829"
"127.0429096,37.2889698","127.1355276,37.4340821","126.7965838,37.4982147","127.1355276,37.4340821","126.9473386,37.4040882"
"127.043014,37.289054","127.1352396,37.4340227","126.7963116,37.4978075","127.1352396,37.4340227","126.9473035,37.4040854"
"127.0434518,37.2894081","127.1352114,37.4340163","126.7958887,37.4971785","127.1352114,37.4340163","126.9472799,37.4040799"
"127.0438201,37.289698","127.1351369,37.4339998","126.7958742,37.4971577","127.1351369,37.4339998","126.9472539,37.4040698"
"127.0439594,37.2898058","127.1350861,37.4339888","126.7958442,37.4970998","127.1350861,37.4339888","126.9472247,37.4040508"
"127.0443894,37.290141","127.1349867,37.433966","126.7957498,37.4969163","127.1349867,37.433966","126.9472035,37.4040209"
"127.0444545,37.2901953","127.1349122,37.4339495","126.7957088,37.4968223","127.1349122,37.4339495","126.9471924,37.4039938"
"127.0445522,37.2902759","127.1349624,37.4338478","126.7956766,37.4967545","127.134876,37.4339449","126.9471926,37.4039596"
"127.0445904,37.2903076","127.1350115,37.4337497","126.7956248,37.4966163","127.1348478,37.4339412","126.9472008,37.4039281"
"127.0446488,37.2903547","127.1351371,37.4334833","126.7955614,37.4963744","127.1337489,37.4337494","126.947227,37.4038993"
"127.044669,37.290371","127.1355868,37.4325996","126.7954989,37.4960414","127.1336416,37.4337284","126.9472723,37.4038779"
"127.0447464,37.2904389","127.1356016,37.4325726","126.7955368,37.4951412","127.133173,37.4336368","126.9473119,37.4038718"
"127.0449497,37.2905956","127.1357741,37.4324325","126.7955522,37.4949475","127.1329437,37.4335919","126.9473526,37.4038738"
"127.0450957,37.290708","127.1358391,37.432311","126.7955805,37.4945826","127.1328094,37.4335654","126.9473887,37.4038803"
"127.0455706,37.2910793","127.1359429,37.4321148","126.7955737,37.4943446","127.1327247,37.4335498","126.9474191,37.4038948"
"127.0466093,37.2918991","127.1360604,37.4318835","126.7955381,37.4941632","127.1325993,37.4335241","126.9474471,37.4039193"
"127.0466621,37.2919381","127.1360992,37.4318079","126.7953132,37.49353","127.1323926,37.4334856","126.9474639,37.4039446"
"127.0468474,37.2920758","127.136194,37.4316108","126.795196,37.4932499","127.1313402,37.4332759","126.9474739,37.4039699"
"127.0472112,37.2923737","127.1364875,37.4310015","126.7951384,37.4931135","127.1311087,37.4332284","126.9477552,37.4039784"
"127.047547,37.2926301","127.1368193,37.4303878","126.7947872,37.4923326","127.1310522,37.4332192","126.9483435,37.4040217"
"127.0478209,37.2928682","127.1369504,37.4301565","126.7947274,37.4921907","127.1309845,37.4332072","126.949038,37.40407"
"127.0479274,37.2929705","127.1370828,37.4299019","126.7946776,37.4920796","127.130849,37.4331816","126.9493747,37.4040788"
"127.0479824,37.2930266","127.1371353,37.4298002","126.7942782,37.491247","127.1306322,37.433134","126.9495216,37.4040741"
"127.0480104,37.2930546","127.1371569,37.4297579","126.7939675,37.4905971","127.1304109,37.4330829","126.9494881,37.4038621"
"127.0482213,37.2932673","127.1371923,37.4296931","126.7939176,37.4904923","127.1294307,37.4328914","126.9494675,37.4037412"
"127.0483914,37.2934987","127.1372072,37.4296562","126.7939032,37.4904615","127.1293697,37.4328786","126.9494638,37.4036313"
"127.0485477,37.2937688","127.1372494,37.4295707","126.7937972,37.4901869","127.1293629,37.4328768","126.9494884,37.4035187"
"127.0486759,37.2940235","127.1374822,37.4291063","126.7936647,37.490077","127.1290581,37.4328109","126.9496863,37.4028715"
"127.0487987,37.2944304","127.1374959,37.429082","126.7935784,37.489761","127.1290129,37.4328009","126.9497048,37.4028112"
"127.0488542,37.2945902","127.1376238,37.4288138","126.7935586,37.4896924","127.1290375,37.4326351","126.9499049,37.4021839"
"127.0488763,37.2946651","127.1378361,37.4283844","126.7935193,37.4895489","127.129041,37.4326117","126.9499463,37.4020795"
"127.0489006,37.294749","127.1378749,37.4283043","126.7935124,37.4894407","127.1290527,37.4325297","126.9500684,37.40177"
"127.0490244,37.2951759","127.1378966,37.4282593","126.7934946,37.4891665","127.1290866,37.432308","126.9502012,37.4015327"
"127.0490466,37.2952526","127.1379411,37.4281657","126.7934877,37.4890592","127.1291866,37.4315079","126.9502859,37.401378"
"127.0488196,37.2952887","127.1380577,37.4278921","126.7934671,37.4886012","127.1292242,37.4312079","126.9504416,37.4010957"
"127.04871,37.2953036","127.138068,37.4278723","126.7934719,37.4883345","127.1292871,37.4306078","126.9504771,37.4010373"
"127.0483453,37.2953517","127.1381856,37.4276184","126.7934981,37.4881913","127.1292942,37.4305375","126.9508523,37.4004036"
"127.048238,37.2953667","127.1382464,37.4274366","126.793517,37.4881049","127.1293038,37.4304366","126.9508855,37.4003434"
"127.0479704,37.2954035","127.138281,37.4272997","126.7935557,37.4879672","127.1293205,37.4302545","126.9510137,37.4001159"
"127.0479332,37.2954079","127.1382997,37.4271618","126.7935996,37.4878629","127.1293252,37.4302077","126.9512163,37.3997527"
"127.0474261,37.2954771","127.1383094,37.4270329","126.7937663,37.4875764","127.1293299,37.4301798","126.9512839,37.399625"
"127.0468279,37.2957155","127.138309,37.426886","126.7937686,37.4875728","127.1293543,37.4300392","126.9513137,37.3995629"
"127.045828,37.2959361","127.1381453,37.4266007","126.7939503,37.4875054","127.1293543,37.4300383","126.9513622,37.3994271"
"127.0456991,37.2959816","127.1380542,37.4265012","126.7939929,37.4874227","127.1293708,37.4298996","126.9514098,37.399256"
"127.0455701,37.2960406","127.137954,37.4264261","126.7941368,37.4871496","127.129372,37.4298951","126.9519555,37.3981616"
"127.0454863,37.2960944","127.1377914,37.4263932","126.7941567,37.4870839","127.1293732,37.4298815","126.9520541,37.3979701"
"127.0454137,37.2961662","127.1376173,37.4264098","126.7941746,37.486983","127.1293791,37.4298311","126.9520965,37.3978909"
"127.0453624,37.2962534","127.1375097,37.4264518","126.7941865,37.486801","127.1294133,37.4295409","126.9522064,37.3976913"
"127.0453393,37.2963327","127.1374394,37.4264921","126.794187,37.4866298","127.1294452,37.4292688","126.9526153,37.396919"
"127.0453355,37.2964093","127.1373906,37.4265344","126.7941691,37.4858879","127.1294476,37.42924","126.95266,37.3968389"
"127.0453497,37.2964814","127.1373667,37.4265694","126.7941696,37.4858365","127.1294488,37.4292121","126.952716,37.39674"
"127.0454896,37.2968624","127.1373451,37.4266036","126.7941514,37.4853641","127.1292725,37.4289907","126.9527355,37.396705"
"127.045628,37.2969314","127.1373232,37.426682","126.794137,37.4849746","127.1291613,37.4288362","126.9528019,37.396589"
"127.0474585,37.2976045","127.1373172,37.4267685","126.79413,37.4848718","127.129077,37.428744","126.952834,37.3965243"
"127.0475846,37.2976474","127.1373414,37.426902","126.7941271,37.4848204","127.1289689,37.4286616","126.9534569,37.3953743"
"127.0477231,37.2976957","127.1374539,37.4270096","126.7941241,37.4847825","127.1288518,37.4285792","126.9535062,37.3952826"
"127.0487827,37.2980648","127.1375915,37.4270767","126.7940657,37.4844938","127.1286974,37.4284742","126.9541006,37.3941748"
"127.0495192,37.2983038","127.1378147,37.4271838","126.7940318,37.4843737","127.1285217,37.4283582","126.9541349,37.394111"
"127.0497871,37.2984066","127.1380104,37.4271627","126.7940132,37.4843078","127.1283517,37.4282297","126.9544601,37.3941404"
"127.0500043,37.2984958","127.1385362,37.4271066","126.7940066,37.4842843","127.1283438,37.4282225","126.954522,37.3941615"
"127.0502847,37.2985888","127.1385995,37.4270996","126.7940022,37.484268","127.1278947,37.4278371","126.9555228,37.3945023"
"127.0505766,37.2986494","127.1396998,37.4269858","126.7940002,37.4842419","127.127708,37.427649","126.9564468,37.394831"
"127.0508517,37.2986847","127.1397292,37.4269814","126.7940098,37.4841779","127.1276269,37.427592","126.9565618,37.3948649"
"127.0511641,37.2987021","127.1398943,37.4269557","126.7940227,37.4841303","127.1275435,37.4275538","126.9577676,37.3952815"
"127.0515116,37.2987034","127.1406261,37.4268444","126.7940526,37.4840809","127.1273946,37.4274966","126.9585475,37.3955473"
"127.0519622,37.2986493","127.1411611,37.4267658","126.7940767,37.4840404","127.126972,37.4274637","126.958632,37.3955775"
"127.0523432,37.2985092","127.1416621,37.4266997","126.7940893,37.4840261","127.1266638,37.4273978","126.958774,37.395625"
"127.0528568,37.2982876","127.1425164,37.4265058","126.7940962,37.484018","127.125701,37.4273632","126.9588438,37.3955009"
"127.0540157,37.2978818","127.1426997,37.4264658","126.7942242,37.4838773","127.1249996,37.4274827","126.9589595,37.3952797"
"127.0555371,37.2974206","127.1442028,37.4262459","126.794597,37.4835667","127.1247133,37.4275638","126.959225,37.3948158"
"127.0561108,37.2973407","127.1448034,37.4261585","126.794727,37.4834503","127.1243181,37.427714","126.9592868,37.3946998"
"127.0564169,37.2972734","127.145137,37.4261099","126.7947898,37.4833858","127.1240809,37.4279097","126.9595342,37.394234"
"127.0572269,37.297107","127.1454989,37.4260578","126.794838,37.4833167","127.1239263,37.4280769","126.9595502,37.3942008"
"127.0579036,37.2969644","127.1460712,37.4259793","126.7948967,37.4832017","127.1237871,37.4283415","126.9595743,37.3941495"
"127.0585654,37.2968506","127.1472497,37.4258161","126.7949296,37.4830712","127.1237133,37.4286297","126.9596741,37.3939498"
"127.0585778,37.2968488","127.1478638,37.4257214","126.7949439,37.4830028","127.1236845,37.4296535","126.9596969,37.3939112"
"127.0589833,37.2967764","127.1480542,37.4256165","126.794951,37.4829649","127.123703,37.431606","126.9597107,37.3938878"
"127.0617471,37.2962873","127.1485746,37.425509","126.7949678,37.4828668","127.1235501,37.4321157","126.9599131,37.393539"
"127.0622925,37.2962127","127.14906,37.425396","126.7950259,37.4825778","127.1235552,37.4324411","126.9599806,37.3934221"
"127.066956,37.2953744","127.1499418,37.4250921","126.7950622,37.4824509","127.1235546,37.4325646","126.9600504,37.3932981"
"127.0688375,37.2950577","127.1501207,37.4250215","126.7951697,37.4820757","127.1235522,37.4330378","126.9602187,37.3929852"
"127.0717763,37.2945068","127.1502136,37.4249848","126.7954408,37.4811561","127.1235456,37.4334614","126.9604018,37.3926588"
"127.0718622,37.2944909","127.1502544,37.4249687","126.7954528,37.4810823","127.1234353,37.4340334","126.960506,37.3924727"
"127.0746121,37.2940249","127.1505319,37.4248334","126.79546,37.4810364","127.1231352,37.4355035","126.9606445,37.3922128"
"127.075799,37.2938245","127.1508165,37.4246296","126.7954663,37.4809661","127.1231235,37.4355837","126.9607166,37.3920915"
"127.076899,37.2936328","127.1509506,37.4244723","126.79547,37.4808111","127.1231082,37.4357008","126.960783,37.3919692"
"127.0769972,37.2936161","127.1509973,37.4243877","126.7954701,37.4806795","127.1228217,37.4378407","126.9612067,37.3911644"
"127.0778081,37.2934738","127.1510965,37.4242077","126.7954699,37.4804587","127.1227059,37.4388426","126.9613269,37.3909522"
"127.0785614,37.2933413","127.1512373,37.4238322","126.79547,37.4799692","127.1226846,37.4390309","126.9615305,37.3905917"
"127.0797508,37.2930895","127.1512976,37.4237279","126.7954668,37.4795925","127.1226826,37.4394284","126.9615637,37.3905369"
"127.0799372,37.2930496","127.1513512,37.423637","126.7954679,37.4793464","127.1226868,37.4394879","126.961582,37.3905045"
"127.0811368,37.2927997","127.151534,37.4234446","126.7954613,37.4787271","127.1226962,37.4396331","126.9618852,37.3899596"
"127.0816192,37.2926788","127.1517913,37.4232831","126.7954619,37.4786694","127.1227069,37.4397719","126.9621278,37.3895254"
"127.0826371,37.2924246","127.1524569,37.422829","126.7954624,37.4786163","127.1227132,37.4398504","126.9622,37.3893914"
"127.0839997,37.2920662","127.1527689,37.4225604","126.7954627,37.4784612","127.1228203,37.4403663","126.9622561,37.389288"
"127.0857601,37.2916","127.1532993,37.421995","126.7954632,37.4782819","127.1228559,37.440489","126.9625514,37.3887449"
"127.0862742,37.2914621","127.1534004,37.4218871","126.7954617,37.4780872","127.1229992,37.4409825","126.9627827,37.3883025"
"127.0874854,37.2911364","127.1536996,37.4217005","126.7954631,37.477933","127.1249997,37.4458148","126.9627988,37.3882737"
"127.0887249,37.2907829","127.1545787,37.4207594","126.7954654,37.4774499","127.1250456,37.4459096","126.9630151,37.38787"
"127.0892559,37.2906477","127.1548172,37.420505","126.7954623,37.4774211","127.1254582,37.4468294","126.9630667,37.3877702"
"127.0893565,37.2906219","127.1564141,37.4187637","126.7954609,37.4773237","127.1257404,37.4475874","126.9634616,37.3870364"
"127.0896739,37.290541","127.1566243,37.4185299","126.7954524,37.4764232","127.1259623,37.4484354","126.9636677,37.3866534"
"127.0901043,37.2904424","127.1575846,37.4175835","126.7954489,37.4763159","127.1259767,37.4484923","126.9636918,37.3866057"
"127.0910159,37.2902346","127.158343,37.4168349","126.7954492,37.476288","127.1260146,37.4488394","126.9637365,37.3865158"
"127.0927336,37.2899251","127.1585189,37.4166659","126.7954491,37.4761744","127.1260254,37.4489377","126.9638384,37.3863243"
"127.0935227,37.2898196","127.1590701,37.4162304","126.7954498,37.4757328","127.1260663,37.4493597","126.964112,37.3858081"
"127.0939449,37.2897751","127.1597404,37.4157005","126.7954582,37.4754444","127.1260828,37.4501187","126.9642736,37.3854871"
"127.0947306,37.2896922","127.160577,37.4151224","126.7954579,37.4753542","127.1260477,37.4519483","126.9643618,37.3853162"
"127.0960792,37.2896156","127.1612546,37.4147079","126.7954597,37.4752803","127.126026,37.4531399","126.9646446,37.3847812"
"127.0967065,37.2895998","127.162707,37.4139026","126.7954611,37.4752533","127.1259384,37.4539184","126.9646537,37.384765"
"127.0971803,37.2896023","127.1637318,37.4134161","126.7954626,37.4752173","127.1258236,37.4549456","126.9646686,37.3847353"
"127.0980377,37.289607","127.1643036,37.4131717","126.7954618,37.4750631","127.1255965,37.4565006","126.964687,37.3846993"
"127.0983999,37.2896091","127.1650643,37.4128673","126.7954592,37.4749784","127.1254878,37.4574377","126.9647247,37.3846346"
"127.0987371,37.2896256","127.1662018,37.4124532","126.7954429,37.4741833","127.1254077,37.4594592","126.964743,37.3846004"
"127.0998705,37.2897033","127.16702,37.4121914","126.7954374,37.4734405","127.1254123,37.4598847","126.9649903,37.3841346"
"127.1007118,37.2897747","127.1689942,37.4116679","126.7954371,37.4733576","127.1254146,37.4601118","126.9651872,37.383766"
"127.1012847,37.2898136","127.1706534,37.4113345","126.7954504,37.4726619","127.125417,37.4603128","126.9652638,37.3836401"
"127.1024147,37.2898913","127.1729507,37.4108163","126.7954492,37.4725465","127.1254488,37.4607321","126.9657041,37.3828759"
"127.10405,37.2900031","127.174639,37.4102774","126.7954497,37.4724996","127.1256279,37.4629139","126.9657992,37.3826835"
"127.1046212,37.2899401","127.1768505,37.4094659","126.7954544,37.4723608","127.1257437,37.4644124","126.9658655,37.3825837"
"127.105165,37.2899284","127.1770893,37.4093773","126.7954606,37.4721734","127.1257755,37.4655049","126.9658843,37.382481"
"127.1055341,37.2899035","127.1773405,37.4092861","126.7954611,37.4718886","127.1257432,37.4661015","126.9659062,37.3824108"
"127.1057679,37.2898439","127.178398,37.4088139","126.7954777,37.4715633","127.1256982,37.4665025","126.9659398,37.3823019"
"127.1059489,37.2897508","127.1799478,37.4081241","126.7955018,37.4714075","127.1256244,37.4670224","126.9663913,37.3817054"
"127.1060623,37.2896502","127.1825237,37.4068808","126.7956275,37.4710179","127.1255799,37.4673287","126.9665564,37.3816792"
"127.1061613,37.289491","127.1838868,37.4062508","126.7956865,37.4708831","127.1255437,37.4675494","126.9669375,37.381616"
"127.1061947,37.2893451","127.185668,37.4053533","126.7957508,37.4707789","127.1253502,37.4687071","126.967328,37.3815078"
"127.1061842,37.2892035","127.1884202,37.4040472","126.7958494,37.4706317","127.1252476,37.469317","126.9674106,37.3814847"
"127.1061498,37.2890979","127.1888978,37.4038529","126.7959561,37.4704719","127.1252464,37.4693485","126.9677739,37.3813809"
"127.1060838,37.2889877","127.1893709,37.4036603","126.7960651,37.4703085","127.1252383,37.4698253","126.9678286,37.3813153"
"127.1060411,37.288947","127.1904006,37.4033052","126.7963231,37.4699224","127.125253,37.4700471","126.9678887,37.381275"
"127.1059704,37.2888783","127.1912545,37.4030857","126.7964297,37.4697762","127.1253114,37.4703609","126.968179,37.3811258"
"127.1058715,37.288805","127.1917895,37.4029546","126.7964584,37.4697295","127.1253224,37.4704349","126.9684495,37.3810414"
"127.1057263,37.2887432","127.1922622,37.4028585","126.7964779,37.4696998","127.125341,37.4705584","126.9688265,37.3809268"
"127.1055573,37.2887057","127.1927405,37.4027795","126.7964871,37.4696846","127.1255567,37.4712901","126.9695973,37.380695"
"127.1053847,37.2887024","127.1928999,37.4027529","126.7969326,37.4689643","127.1257601,37.4717685","126.9708371,37.3802823"
"127.1051792,37.288735","127.193204,37.4027023","126.7969958,37.468861","127.126064,37.4722959","126.9713273,37.3801187"
"127.1050242,37.2888057","127.1937162,37.402618","126.7970727,37.468738","127.1264099,37.4727738","126.9721108,37.379859"
"127.1048872,37.2889098","127.1941774,37.4025633","126.7973574,37.4682818","127.1264864,37.4728605","126.9729246,37.3796165"
"127.1047681,37.2890338","127.1943718,37.4025439","126.7975793,37.4678947","127.1268599,37.4732646","126.9732493,37.3795332"
"127.1047098,37.2891679","127.1949393,37.4024859","126.7976355,37.4678112","127.1269622,37.4733749","126.9738771,37.3794062"
"127.1046899,37.2893121","127.1952353,37.402475","126.7977619,37.4675911","127.1273147,37.4736915","126.974299,37.3793306"
"127.1046843,37.2895257","127.1953879,37.4024672","126.7978538,37.4674411","127.1274442,37.4738037","126.9750699,37.3792466"
"127.1046967,37.289734","127.1965609,37.4024252","126.798762,37.4659719","127.1281485,37.4743143","126.9757658,37.3792235"
"127.1047051,37.2898593","127.1974026,37.4024436","126.7988815,37.4657716","127.1281507,37.4743152","126.9761814,37.3792281"
"127.1047118,37.2902983","127.1993006,37.4024863","126.7989206,37.465706","127.1285882,37.4745933","126.9765755,37.3792542"
"127.104712,37.2904912","127.2016448,37.4025499","126.7989493,37.4656575","127.1286175,37.4746123","126.9771432,37.3793144"
"127.1046869,37.2907579","127.2021679,37.4025683","126.7990652,37.4654725","127.1289737,37.4748451","126.9778495,37.3794247"
"127.1046123,37.2909992","127.2044185,37.40261","126.799273,37.4651339","127.1296332,37.4752753","126.9785172,37.3795674"
"127.1045124,37.2913333","127.2054251,37.4026288","126.7999001,37.4640975","127.129977,37.475499","126.9790663,37.3797113"
"127.104449,37.2915828","127.2059628,37.402649","126.799907,37.464084","127.1311067,37.4762353","126.9798237,37.3799436"
"127.1042813,37.2919383","127.2061605,37.4026577","126.7999725,37.4639735","127.1316715,37.476604","126.9802024,37.3800679"
"127.1040964,37.2923532","127.2065379,37.4026559","126.8000163,37.4638918","127.1318597,37.4767262","126.980575,37.3802579"
"127.1039701,37.2927674","127.2067583,37.4026546","126.8001497,37.4636492","127.1324391,37.4771391","126.9826367,37.3810349"
"127.1038373,37.2939911","127.2077471,37.4026066","126.8004817,37.4630878","127.1326814,37.4773111","126.9902124,37.38389"
"127.1038124,37.294658","127.2085981,37.4025411","126.8009321,37.4623261","127.1333447,37.4778819","126.9905245,37.3840076"
"127.1038125,37.2950682","127.2095907,37.4024092","126.8011148,37.4620136","127.1338748,37.4784298","126.9914158,37.3843351"
"127.1038117,37.2967249","127.2105981,37.402217","126.8013773,37.4613842","127.1341636,37.4788011","126.9934704,37.3850271"
"127.1037872,37.2977416","127.2115662,37.4019778","126.8015359,37.4611138","127.1342255,37.4788806","126.9947688,37.3854644"
"127.1037813,37.3016482","127.2119939,37.4018337","126.8018127,37.460644","127.1347643,37.4797025","126.9956353,37.3856178"
"127.103708,37.3018625","127.2124577,37.401678","126.8018886,37.4605156","127.1349928,37.480172","126.9960676,37.3856746"
"127.1036999,37.3029829","127.2127881,37.4015499","126.8022355,37.4599263","127.1352052,37.4806945","126.9965068,37.3857053"
"127.103684,37.306428","127.2134818,37.4012821","126.8022895,37.459841","127.1354337,37.481602","126.9968785,37.3857006"
"127.1036832,37.3065974","127.2144427,37.4008319","126.8023311,37.4594915","127.1354658,37.4817589","126.9973125,37.3856537"
"127.1036622,37.3112359","127.2152455,37.400376","126.8023129,37.4593842","127.1355453,37.4821531","126.9979922,37.385544"
"127.1036494,37.3138833","127.2156622,37.4001291","126.8022799,37.4592839","127.1357677,37.4834012","126.998678,37.3853531"
"127.1036414,37.3149793","127.2159521,37.3999576","126.802212,37.4591772","127.1358412,37.4838675","126.9987448,37.3853227"
"127.1036368,37.315649","127.2170156,37.3992652","126.8020944,37.4590539","127.1358456,37.4838981","126.9989704,37.3852047"
"127.1036242,37.3173995","127.2184256,37.3983735","126.8015858,37.4586642","127.1358654,37.4840181","126.9991575,37.3850955"
"127.1036242,37.3193249","127.2194807,37.3977937","126.8014881,37.4585888","127.1362911,37.4865035","126.9993586,37.384926"
"127.1036224,37.3196719","127.2203363,37.3974081","126.801204,37.4583744","127.1365661,37.4878673","126.9994484,37.3848371"
"127.1036116,37.3212998","127.2209665,37.3971636","126.8007095,37.4579379","127.1368272,37.4888478","126.999575,37.3846556"
"127.1036177,37.3220741","127.2220081,37.3968956","126.8005623,37.4578325","127.1368283,37.4888523","126.999672,37.3845154"
"127.103623,37.3227889","127.2232358,37.3966731","126.8003995,37.4577162","127.1368551,37.4889272","126.9997258,37.3844084"
"127.1036242,37.3229908","127.2237478,37.396613","126.800132,37.4575361","127.1369142,37.4890942","126.9997832,37.3842581"
"127.1036295,37.3234857","127.2253664,37.3964248","126.8000523,37.4574834","127.1370717,37.4895129","126.9998273,37.3840906"
"127.1036553,37.3248045","127.2258739,37.3963656","126.7996996,37.4573533","127.1374073,37.49029","126.999844,37.3839582"
"127.1036652,37.3252796","127.2268698,37.3962183","126.7993251,37.4571356","127.137423,37.4903225","126.9998483,37.3838203"
"127.1036901,37.3265497","127.2275242,37.3961215","126.7990202,37.4569662","127.1381554,37.4918562","126.9998247,37.3836282"
"127.1036745,37.3278089","127.2293772,37.3957779","126.7983154,37.4565239","127.1383032,37.4921649","126.9997842,37.3834288"
"127.103658,37.3283704","127.2307408,37.3954637","126.7981794,37.4564384","127.1391632,37.4940009","126.9996127,37.3828873"
"127.1035972,37.3304921","127.2311661,37.3953412","126.7976,37.4560158","127.1395439,37.4948133","126.9995616,37.3825905"
"127.1035681,37.3328031","127.2333645,37.3947197","126.7975416,37.4559695","127.1395629,37.4948539","126.9992747,37.3817492"
"127.1035619,37.3333331","127.2337592,37.3946124","126.7974114,37.455866","127.1404603,37.4966891","126.9987673,37.3802445"
"127.1035521,37.3339154","127.2345983,37.3943835","126.7969892,37.4555525","127.1420826,37.4999993","126.9984563,37.379294"
"127.1035489,37.3340911","127.2348629,37.3943111","126.7967873,37.4553827","127.1435428,37.5029286","126.9984209,37.379009"
"127.1035505,37.3374443","127.2349975,37.3942727","126.7965624,37.4552498","127.1441011,37.5040039","126.9981885,37.3782923"
"127.1035284,37.3395057","127.2380474,37.3934213","126.7963618,37.4551828","127.1445605,37.5047209","126.9976484,37.3766225"
"127.1035144,37.341312","127.2396543,37.392967","126.7961992,37.4551575","127.1446133,37.504804","126.9975252,37.3759658"
"127.1035144,37.3423747","127.2405928,37.3927338","126.7960373,37.4551827","127.1450659,37.5055075","126.9974963,37.3757268"
"127.1035138,37.342921","127.2410032,37.3926491","126.7959123,37.4552414","127.1451995,37.5057161","126.9974372,37.3752659"
"127.1035141,37.3430688","127.2416611,37.3925405","126.795837,37.4553158","127.1452265,37.5057532","126.9973869,37.3743499"
"127.1035135,37.3436232","127.2420126,37.3924827","126.7957749,37.4554326","127.1456692,37.5064026","126.997409,37.3735703"
"127.1035133,37.3436619","127.2422737,37.3924373","126.7957748,37.4555579","127.1471794,37.5086226","126.9974812,37.3728982"
"127.103474,37.3461992","127.2431667,37.3923077","126.795799,37.4556328","127.1473155,37.5088114","126.9975242,37.3725531"
"127.1034795,37.3485825","127.2440437,37.3921996","126.7958191,37.4556627","127.1475413,37.5091501","126.9975301,37.3725117"
"127.1034635,37.3496857","127.2454269,37.3920854","126.7958492,37.455708","127.1482995,37.5100916","126.9975337,37.3724847"
"127.1034636,37.349893","127.2488393,37.3918818","126.7959367,37.4557743","127.148724,37.51053","126.9975621,37.372291"
"127.1034661,37.3502734","127.2499998,37.3918058","126.7960742,37.4558247","127.1492458,37.5109696","126.9975656,37.3722685"
"127.1034683,37.3507061","127.252723,37.3916276","126.7962369,37.455841","127.1498911,37.5113862","126.9976068,37.3720298"
"127.1034565,37.3533823","127.2542,37.3914901","126.7967513,37.455725","127.1504123,37.511723","126.9976423,37.3717794"
"127.1034426,37.3562504","127.255321,37.3913744","126.7968739,37.4556699","127.1509,37.5119741","126.9977941,37.3712103"
"127.1034322,37.3586517","127.2562998,37.3912484","126.7974597,37.455412","127.1513065,37.5121538","126.9978449,37.3710357"
"127.1034303,37.358795","127.2572379,37.3910935","126.79758,37.4553658","127.1518566,37.5123483","126.9983562,37.3693928"
"127.1033882,37.3616432","127.2574877,37.3910498","126.7978797,37.4552387","127.1524747,37.5125412","126.9985522,37.3687852"
"127.1034089,37.3652218","127.2594421,37.3907077","126.7986922,37.4547992","127.1534241,37.5127667","126.9989616,37.3675124"
"127.1034107,37.365302","127.2609603,37.3903944","126.7995086,37.4543074","127.1558303,37.5131387","126.9991656,37.36673"
"127.1034104,37.365585","127.2624097,37.390043","126.7998745,37.4541076","127.1563018,37.5132113","126.9992942,37.3660617"
"127.1034126,37.3688156","127.2635505,37.3897443","126.8005722,37.4536142","127.1570153,37.5133252","126.9993492,37.3656077"
"127.1033539,37.3761003","127.2645884,37.389448","126.8006994,37.4535582","127.1610372,37.5139993","126.9994097,37.364492"
"127.1033452,37.3766781","127.2670524,37.3886615","126.8009706,37.4533299","127.1612373,37.5140332","126.9994073,37.3643415"
"127.1033507,37.3775606","127.2680147,37.3883524","126.8014197,37.4529351","127.1634287,37.5143901","126.9993995,37.3636492"
"127.1033605,37.3789163","127.2715009,37.3872243","126.8014871,37.4528661","127.1654244,37.5147167","126.9992993,37.3630827"
"127.1033522,37.3811435","127.274745,37.3861831","126.8019656,37.4523461","127.1661379,37.5148295","126.9992798,37.3629618"
"127.1033519,37.3811958","127.2821815,37.3837913","126.8029216,37.4513062","127.1688433,37.5151319","126.9992342,37.3626849"
"127.1033445,37.381532","127.2824834,37.3836945","126.8032037,37.4509996","127.1700365,37.5152777","126.9991874,37.3624233"
"127.1033465,37.3820143","127.283778,37.3832633","126.8032299,37.4509736","127.1719307,37.5155425","126.9991776,37.3623683"
"127.1033449,37.3823144","127.284306,37.3830984","126.8032562,37.4509467","127.1744352,37.5160001","126.9989092,37.3614649"
"127.1033423,37.383241","127.2859262,37.3825939","126.803569,37.4506259","127.1755229,37.5161996","126.9987038,37.3609367"
"127.1032846,37.3841062","127.2867707,37.3823376","126.8051879,37.4490382","127.180855,37.5172516","126.9985869,37.3606829"
"127.1032229,37.3846765","127.2873732,37.3821836","126.8053123,37.4489164","127.1830948,37.517693","126.9981365,37.3598166"
"127.1031576,37.385063","127.2878253,37.3820691","126.8055781,37.4486556","127.1845553,37.5180683","126.9978874,37.3594"
"127.1030485,37.3856143","127.2885827,37.381892","126.8056865,37.4485499","127.1845858,37.5180783","126.9977242,37.3591577"
"127.1024327,37.3890699","127.2889714,37.3818115","126.8069535,37.447245","127.1863995,37.5186744","126.9974748,37.3587997"
"127.1017348,37.3924369","127.2891466,37.3817749","126.807038,37.4471526","127.1872266,37.5189821","126.9969822,37.3581513"
"127.1016766,37.3927657","127.2908043,37.3815579","126.8070494,37.447141","127.1877383,37.5192161","126.9967849,37.357936"
"127.1016092,37.3931062","127.2924566,37.3812579","126.8081247,37.4460161","127.1887499,37.5197749","126.9964575,37.3575929"
"127.1012115,37.3952564","127.2934116,37.3810469","126.8086439,37.4454963","127.1894993,37.5202582","126.9962489,37.3573748"
"127.101165,37.3954942","127.2935936,37.3810057","126.8088117,37.4453161","127.1901785,37.5207404","126.9959999,37.3571331"
"127.1009282,37.3967022","127.2940254,37.3809064","126.8088642,37.4452651","127.190783,37.5212593","126.9953071,37.3565478"
"127.1009107,37.396804","127.2941067,37.3808876","126.8093619,37.4447416","127.1912057,37.5216534","126.9951117,37.356383"
"127.1008664,37.3970553","127.2947533,37.3807157","126.8101301,37.4439348","127.191422,37.5219046","126.9943059,37.3558135"
"127.1007536,37.3976643","127.2952892,37.3805517","126.8111667,37.4428331","127.1917993,37.5223427","126.9933748,37.3552416"
"127.1007303,37.3977922","127.2962638,37.380209","126.8112752,37.4427166","127.1920819,37.5226833","126.9932128,37.3551499"
"127.1006768,37.398084","127.2967126,37.3800539","126.8114396,37.4425418","127.1921528,37.5227808","126.9920497,37.3544914"
"127.1005663,37.3986804","127.2970937,37.3798959","126.812048,37.4418945","127.1926868,37.5236628","126.9909995,37.3538415"
"127.1004489,37.3993055","127.2975449,37.3797038","126.8124498,37.4414669","127.1929945,37.5242306","126.9896996,37.352866"
"127.1003485,37.3997","127.2981997,37.3794128","126.8128242,37.4410752","127.1934617,37.5251241","126.9884681,37.3516555"
"127.100219,37.4000421","127.2983252,37.3793554","126.8133972,37.4404755","127.1943703,37.5268292","126.9883828,37.3515722"
"127.100034,37.4004164","127.2994075,37.3788533","126.8138241,37.4400246","127.1948592,37.5276597","126.9877783,37.3509783"
"127.0998684,37.4007503","127.3004855,37.3782656","126.8151243,37.4386332","127.1953875,37.5285498","126.9870718,37.3502713"
"127.09965,37.4010227","127.3006382,37.3781821","126.8162304,37.4374544","127.1961498,37.5297992","126.9844702,37.3476505"
"127.0994914,37.4013151","127.3007264,37.3781353","126.8166003,37.4370509","127.1963248,37.5301746","126.9843996,37.347579"
"127.0990242,37.4018498","127.3008972,37.3780419","126.8179939,37.435578","127.1963872,37.5304164","126.9843558,37.3475328"
"127.0987446,37.4021472","127.3009187,37.3780284","126.8237042,37.4295726","127.1964069,37.5305949","126.9843525,37.3475301"
"127.098414,37.4024976","127.3009549,37.378005","126.8247525,37.4285015","127.1963924,37.5308121","126.9842627,37.3474422"
"127.098364,37.402547","127.3011111,37.3779061","126.8252114,37.4278749","127.1963832,37.5308481","126.9842089,37.3473924"
"127.0973918,37.4034785","127.3015783,37.3776095","126.8255997,37.427175","127.1963598,37.5310445","126.9840743,37.3472666"
"127.097152,37.403749","127.3019031,37.3774027","126.8259872,37.4264327","127.196315,37.5312112","126.9829496,37.3461331"
"127.0970073,37.4039702","127.3033457,37.3764307","126.8264123,37.4254166","127.1961993,37.5315345","126.9828207,37.3460028"
"127.0968962,37.4042511","127.3038549,37.3760827","126.8270746,37.4236492","127.196074,37.5317496","126.9816154,37.3447761"
"127.0968604,37.404598","127.3044431,37.3757285","126.8274644,37.4226482","127.1958749,37.5319825","126.9811478,37.3443062"
"127.0968781,37.404882","127.3053278,37.3751883","126.8297961,37.4166664","127.1957374,37.5321246","126.9806264,37.3437974"
"127.0969316,37.4052265","127.3060584,37.3748064","126.8316669,37.4120296","127.1953445,37.5324417","126.9805286,37.3437348"
"127.0970142,37.4056387","127.3069506,37.3743914","126.8320374,37.4112827","127.1952004,37.5325351","126.9801607,37.3433771"
"127.097099,37.4058409","127.307732,37.3740339","126.8323743,37.4107492","127.1949622,37.5326661","126.9797671,37.342995"
"127.0972616,37.4060578","127.3084375,37.3737367","126.8330239,37.4098749","127.1946868,37.5327582","126.9795617,37.3428165"
"127.0974615,37.406291","127.3086105,37.3736739","126.8335282,37.4093315","127.1945247,37.5328083","126.9787996,37.342175"
"127.0977497,37.4064912","127.3095454,37.3733392","126.834278,37.4086228","127.1942246,37.532858","126.9780713,37.3415372"
"127.098019,37.4066336","127.3105175,37.373019","126.8354535,37.4075558","127.1938871,37.5328913","126.9778986,37.3413715"
"127.0983078,37.4067292","127.3111991,37.3728118","126.8365414,37.4065551","127.1926872,37.5329243","126.9777787,37.3412339"
"127.0984815,37.4067857","127.3122671,37.3725467","126.8375996,37.4055912","127.1921391,37.533013","126.9776458,37.3410341"
"127.09919,37.4069837","127.3126705,37.3724518","126.838325,37.4049463","127.1915918,37.5331639","126.9775734,37.3408887"
"127.1002261,37.4072044","127.3139485,37.3721996","126.8398091,37.4035953","127.1907244,37.5335303","126.9775191,37.3407442"
"127.1010211,37.4073099","127.3145824,37.3720889","126.8418394,37.4018066","127.1902878,37.5337274","126.9774699,37.340516"
"127.1016151,37.4073741","127.3153856,37.3719928","126.8439139,37.3998514","127.1902572,37.5337409","126.977501,37.3402601"
"127.1027653,37.4073834","127.315511,37.3719776","126.8445744,37.3992556","127.1900168,37.5338502","126.977507,37.3402079"
"127.1040206,37.4073966","127.316007,37.371918","126.844801,37.3990504","127.18936,37.5342063","126.9775968,37.3399496"
"127.1045584,37.407402","127.318813,37.371715","126.845229,37.3986751","127.1891843,37.5342636","126.9777144,37.339759"
"127.1051386,37.4075292","127.3191428,37.3716903","126.8455376,37.398401","127.1888873,37.5343592","126.9778557,37.3395784"
"127.1102374,37.4076408","127.3193247,37.3716762","126.8456617,37.3982909","127.1887138,37.5344507","126.9780419,37.3394242"
"127.1109866,37.4076496","127.3202781,37.3716208","126.846895,37.3971701","127.1884495,37.5345996","126.978636,37.3390546"
"127.1121996,37.4077581","127.3210823,37.3715743","126.8471786,37.3969111","127.1881793,37.5347765","126.9787495,37.3389749"
"127.1130168,37.407923","127.3216203,37.3714146","126.8473482,37.396757","127.1876241,37.5351833","126.9789244,37.3388224"
"127.1136115,37.4080827","127.32308,37.3711897","126.8485382,37.3956747","127.1875197,37.535266","126.9790743,37.3386914"
"127.1149244,37.4085413","127.3235668,37.3711832","126.8491998,37.3950736","127.1872369,37.5354915","126.9791993,37.3385658"
"127.115924,37.4090664","127.323892,37.371236","126.8505452,37.3939092","127.1864871,37.5361412","126.9793176,37.338441"
"127.1166615,37.4095745","127.3241222,37.3713057","126.8510996,37.3934291","127.1857993,37.5368658","126.9795036,37.3381552"
"127.1175495,37.4102741","127.3244099,37.3714386","126.8516441,37.3929066","127.1852374,37.5375241","126.9798602,37.3376827"
"127.1181742,37.4109747","127.3246083,37.3715759","126.8522262,37.3923482","127.1848742,37.5380162","126.979939,37.3373828"
"127.1187489,37.411741","127.3247177,37.371659","126.8525956,37.3919528","127.1844617,37.538683","126.9799886,37.3370622"
"127.1188814,37.4119153","127.3248754,37.3718251","126.852851,37.3916783","127.1833165,37.5410145","126.9801825,37.3361229"
"127.1200623,37.4134749","127.3249903,37.3719893","126.8535276,37.3907698","127.1832217,37.5412116","126.9803189,37.3356566"
"127.1202778,37.4137586","127.3256224,37.3730891","126.8540814,37.3898183","127.1828768,37.5419309","126.9803455,37.3355638"
"127.1213533,37.4151628","127.3257158,37.3732442","126.8544797,37.3889543","127.1822909,37.5431551","126.9804054,37.3353919"
"127.1220077,37.4160573","127.325932,37.3735384","126.8547649,37.3880923","127.1820065,37.5437502","126.9804216,37.3353433"
"127.12239,37.416666","127.3261122,37.3737595","126.8549229,37.3874532","127.1818192,37.5441381","126.9804744,37.3352111"
"127.1224415,37.4167617","127.3262778,37.3739346","126.8550266,37.3868264","127.1809245,37.5458249","126.980525,37.3350824"
"127.1225501,37.4169541","127.3264063,37.3740358","126.855207,37.385278","127.1804755,37.5467971","126.9805524,37.3350266"
"127.1227741,37.4173523","127.3268429,37.3742636","126.8552181,37.3851735","127.1801552,37.5475741","126.980565,37.3350005"
"127.1229115,37.4176772","127.3273429,37.3744229","126.8555146,37.3824638","127.1798293,37.5483241","126.980596,37.3349295"
"127.1230869,37.4180924","127.3276319,37.3744684","126.8555588,37.3820539","127.1797172,37.5485996","126.9807038,37.3346857"
"127.1232004,37.4184353","127.3284382,37.374566","126.8556028,37.3816638","127.1794701,37.54921","126.9807588,37.3345669"
"127.1233204,37.4188575","127.328901,37.374656","126.8556248,37.3814665","127.1794231,37.5493271","126.9808058,37.3344671"
"127.1234125,37.4194221","127.3306458,37.3747567","126.855824,37.379975","127.1793614,37.5494783","126.9808619,37.3343492"
"127.1234611,37.4198702","127.3307972,37.3747659","126.8559913,37.3791628","127.1791017,37.5501041","126.9810194,37.3340939"
"127.1234839,37.4214135","127.3334888,37.3747193","126.8560031,37.3791079","127.1785744,37.551369","126.9813742,37.3335493"
"127.1234993,37.4219309","127.3359668,37.3747164","126.8563496,37.3779416","127.1780617,37.5523745","126.9814335,37.3334603"
"127.1235033,37.4220472","127.3366897,37.374694","126.8567265,37.377054","127.1774873,37.5535221","126.9815247,37.3333327"
"127.1235058,37.4226646","127.3374634,37.3746933","126.8570501,37.3764618","127.1771517,37.5541666","126.9818761,37.3328015"
"127.1235205,37.4256104","127.3396038,37.3746484","126.8573622,37.3758911","127.1767082,37.5551406","126.9821724,37.3323846"
"127.1235157,37.4263378","127.3426806,37.3745876","126.8579343,37.3750298","127.175871,37.5573475","126.9822315,37.3321595"
"127.1235213,37.4270255","127.3445206,37.3745513","126.858464,37.3743675","127.1757565,37.5576402","126.9822957,37.3320128"
"127.1235251,37.4274005","127.3488703,37.3744614","126.859449,37.3732831","127.1755744,37.5581327","126.9824182,37.3317727"
"127.1235256,37.4275222","127.3497254,37.3744436","126.8599829,37.3727875","127.1751234,37.5595232","126.9824689,37.3316197"
"127.1235275,37.4278106","127.3516726,37.3744019","126.8605878,37.3723103","127.1750866,37.5596339","126.9824975,37.3313999"
"127.1235324,37.4288734","127.3548465,37.3743697","126.8606629,37.3722503","127.175074,37.5596744","126.982493,37.3312304"
"127.1235501,37.4321157","127.3557636,37.37437","126.8613405,37.371724","127.1747749,37.5604993","126.9824666,37.3309617"
"127.1235552,37.4324411","127.3568218,37.3744217","126.8620707,37.3712493","127.1742426,37.5618426","126.9823991,37.3307667"
"127.1235546,37.4325646","127.3578167,37.3744761","126.8634449,37.370477","127.1741739,37.5620164","126.9823044,37.330586"
"127.1235522,37.4330378","127.3595671,37.374654","126.8636989,37.3702305","127.174024,37.5623828","126.9821235,37.3303049"
"127.1235456,37.4334614","127.3623292,37.3749385","126.8646584,37.3697489","127.1738001,37.5628329","126.9820714,37.3301595"
"127.1234353,37.4340334","127.3643212,37.37514","126.8655134,37.3693317","127.1735683,37.5632793","126.9820673,37.3300946"
"127.1231352,37.4355035","127.3659259,37.3753104","126.8661462,37.3688907","127.1731111,37.5639919","126.9820794,37.3299793"
"127.1231235,37.4355837","127.3677508,37.3755044","126.8665635,37.3685531","127.1727431,37.5644993","126.9821197,37.3298659"
"127.1231082,37.4357008","127.3700951,37.3758099","126.8668874,37.3681826","127.170225,37.5675514","126.9822199,37.3297428"
"127.1228217,37.4378407","127.3712468,37.3760284","126.8671492,37.3677991","127.1698641,37.5679885","126.9824375,37.3296158"
"127.1227059,37.4388426","127.3724018,37.3762775","126.8673747,37.3674416","127.1688338,37.5692412","126.9826117,37.3295579"
"127.1226846,37.4390309","127.3725678,37.3763191","126.8675496,37.3670576","127.1673191,37.5709234","126.9828739,37.3295077"
"127.1226826,37.4394284","127.3735173,37.3765049","126.8676742,37.3666076","127.1655119,37.5729021","126.9833998,37.3295244"
"127.1226868,37.4394879","127.3749997,37.376877","126.8677121,37.3661247","127.1654915,37.5729246","126.9836705,37.3295617"
"127.1226962,37.4396331","127.3760746,37.3771269","126.8676879,37.3657802","127.1645611,37.5740739","126.9840856,37.3296058"
"127.1227069,37.4397719","127.3790599,37.3778051","126.8676392,37.3655258","127.1634612,37.5753831","126.9843315,37.3296321"
"127.1227132,37.4398504","127.3794043,37.3778884","126.8675504,37.3652125","127.1615993,37.5776663","126.9847499,37.3296799"
"127.1228203,37.4403663","127.3801133,37.3780613","126.8675326,37.3650402","127.1609741,37.5784325","126.98511,37.3296842"
"127.1228559,37.440489","127.3804972,37.3781554","126.8675172,37.3649996","127.1592578,37.5805304","126.9853291,37.3296608"
"127.1229992,37.4409825","127.3818296,37.3784804","126.8673425,37.3645534","127.1584504,37.5815051","126.9855631,37.3296114"
"127.1249997,37.4458148","127.3845519,37.3791149","126.8669865,37.3636411","127.158193,37.5818154","126.9857884,37.3295123"
"127.1250456,37.4459096","127.3857555,37.3793955","126.8668997,37.3632161","127.157907,37.5821796","126.9859925,37.3293807"
"127.1254582,37.4468294","127.3894309,37.3802508","126.8661491,37.3614328","127.157673,37.5825791","126.9861072,37.3292685"
"127.1257404,37.4475874","127.3898193,37.3803305","126.8660947,37.3613243","127.157439,37.5829849","126.9862369,37.329123"
"127.1259623,37.4484354","127.3898566,37.3803377","126.8652174,37.3595691","127.1573351,37.5831685","126.9863177,37.329026"
"127.1259767,37.4484923","127.3911676,37.3806211","126.864578,37.3585219","127.1573214,37.5831946","126.988109,37.3260367"
"127.1260146,37.4488394","127.392621,37.3808333","126.8641008,37.3577964","127.1572494,37.5833332","126.9881399,37.3259846"
"127.1260254,37.4489377","127.3935268,37.3809252","126.8638991,37.3574853","127.1571097,37.5836555","126.9881855,37.3259117"
"127.1260663,37.4493597","127.3943253,37.3809845","126.8636249,37.3570638","127.1569181,37.5841975","126.9897746,37.3232658"
"127.1260828,37.4501187","127.395012,37.3810131","126.8629338,37.3559982","127.1567489,37.5847757","126.9903068,37.322337"
"127.1260477,37.4519483","127.3953272,37.3810278","126.8629182,37.3559675","127.1566334,37.5852648","126.9907361,37.3216123"
"127.126026,37.4531399","127.3960919,37.3810357","126.8629049,37.3559395","127.1565665,37.5857703","126.9910854,37.3210315"
"127.1259384,37.4539184","127.3965177,37.3810306","126.8628126,37.3557731","127.1565548,37.5858613","126.9911862,37.3208021"
"127.1258236,37.4549456","127.3966589,37.3810325","126.8625296,37.3550496","127.1565422,37.5861298","126.9912736,37.3205672"
"127.1255965,37.4565006","127.3976801,37.3810163","126.8619851,37.3533458","127.1565606,37.5865734","126.9913211,37.3202159"
"127.1254878,37.4574377","127.3985092,37.3809458","126.8616549,37.3526031","127.156631,37.5870152","126.9913203,37.3200032"
"127.1254077,37.4594592","127.4005427,37.3807727","126.8612339,37.3516553","127.1570392,37.589651","126.9912758,37.3197326"
"127.1254123,37.4598847","127.4011098,37.3807362","126.8611006,37.3513985","127.1570433,37.5897412","126.9911998,37.3194582"
"127.1254146,37.4601118","127.4013108,37.3807192","126.860904,37.3510135","127.1570486,37.5898259","126.9909753,37.3187713"
"127.125417,37.4603128","127.4020892,37.3806631","126.8601832,37.3496007","127.1571011,37.5907166","126.9908574,37.3183598"
"127.1254488,37.4607321","127.4028743,37.3805934","126.8600958,37.3493885","127.1570791,37.5915737","126.9907607,37.3179717"
"127.1256279,37.4629139","127.4042378,37.3804611","126.8597341,37.3485031","127.1569898,37.5925037","126.9907508,37.3179338"
"127.1257437,37.4644124","127.4052377,37.3803276","126.8596148,37.3480671","127.1569936,37.5931599","126.9907487,37.3177427"
"127.1257755,37.4655049","127.4083952,37.3799759","126.859539,37.3475556","127.1569695,37.594218","126.9907655,37.3175842"
"127.1257432,37.4661015","127.4092357,37.3799008","126.8595202,37.3473708","127.1568866,37.5949992","126.9908414,37.3173835"
"127.1256982,37.4665025","127.4117729,37.3796413","126.8594994,37.3471579","127.1567992,37.5955326","126.9909746,37.3172083"
"127.1256244,37.4670224","127.4128799,37.3795583","126.8594956,37.3469398","127.1566247,37.5962748","126.9910993,37.3171241"
"127.1255799,37.4673287","127.4146975,37.3794325","126.859487,37.3464999","127.1565363,37.5965404","126.9912249,37.3170742"
"127.1255437,37.4675494","127.415878,37.3793505","126.8596745,37.3455499","127.1563304,37.5972239","126.9913618,37.3170243"
"127.1253502,37.4687071","127.4172538,37.3792631","126.8598997,37.3449661","127.1562569,37.5974346","126.9914691,37.3170112"
"127.1252476,37.469317","127.4192623,37.3791347","126.8599996,37.3447666","127.1559124,37.5982079","126.9915966,37.3170154"
"127.1252464,37.4693485","127.4197638,37.3790981","126.8600869,37.3445913","127.1554499,37.5990159","126.9922874,37.3171662"
"127.1252383,37.4698253","127.4204529,37.3790472","126.8601867,37.3443998","127.1550115,37.5997492","126.9924713,37.3171859"
"127.125253,37.4700471","127.4223212,37.3789898","126.8604116,37.3439747","127.1546041,37.600379","126.9925682,37.3171962"
"127.1253114,37.4703609","127.4234676,37.3790248","126.8604747,37.3438497","127.154425,37.6006579","126.9927882,37.317208"
"127.1253224,37.4704349","127.4312443,37.3792225","126.8612246,37.3428911","127.1541244,37.6009914","126.992944,37.3172023"
"127.125341,37.4705584","127.431783,37.3792426","126.8617958,37.3423606","127.1536542,37.6014921","126.9930366,37.3171991"
"127.1255567,37.4712901","127.4333847,37.3792544","126.8618868,37.3422908","127.1533581,37.6018067","126.9932873,37.317175"
"127.1257601,37.4717685","127.4334638,37.3792562","126.8621117,37.3421243","127.1531795,37.6019774","126.9935495,37.3171247"
"127.126064,37.4722959","127.4368003,37.3793338","126.8624365,37.3418998","127.1524125,37.6027107","126.9938242,37.3170583"
"127.1264099,37.4727738","127.442196,37.3794708","126.8632252,37.3414192","127.1519894,37.6030663","126.9940991,37.3169576"
"127.1264864,37.4728605","127.4429404,37.3794901","126.8640353,37.3410657","127.1514014,37.6035595","126.9946831,37.3167149"
"127.1268599,37.4732646","127.4469038,37.3796272","126.8640954,37.3410435","127.1470907,37.607152","126.9958119,37.3161744"
"127.1269622,37.4733749","127.4472732,37.3796399","126.8646298,37.3408507","127.1458498,37.6081659","126.997124,37.3155517"
"127.1273147,37.4736915","127.4488782,37.3796758","126.8651427,37.3406831","127.145249,37.6087166","126.9973074,37.315465"
"127.1274442,37.4738037","127.4511451,37.3797408","126.8671759,37.3401379","127.1447893,37.6091308","126.9979109,37.3151783"
"127.1281485,37.4743143","127.4525898,37.3797423","126.8678333,37.3399629","127.1445707,37.6093591","126.9982562,37.3150103"
"127.1281507,37.4743152","127.4539408,37.3797004","126.868459,37.3397995","127.1440397,37.6099884","126.9989072,37.3146939"
"127.1285882,37.4745933","127.4551065,37.3796414","126.8703462,37.3393039","127.1435541,37.6106008","126.9992192,37.3146267"
"127.1286175,37.4746123","127.4573092,37.379443","126.870362,37.3392995","127.1431898,37.6111982","126.9999992,37.314247"
"127.1289737,37.4748451","127.457769,37.3793999","126.8714868,37.3388412","127.1426151,37.6124412","127.0010171,37.313742"
"127.1296332,37.4752753","127.4590533,37.379285","126.8716059,37.3387806","127.1424498,37.6128995","127.0022117,37.3131494"
"127.129977,37.475499","127.4613012,37.3790784","126.8721116,37.3385164","127.1419365,37.6147916","127.0042268,37.3121889"
"127.1311067,37.4762353","127.4621303,37.379002","126.8727141,37.3381456","127.1418224,37.6151798","127.0047996,37.3119163"
"127.1316715,37.476604","127.4627425,37.3789473","126.8732993,37.3376827","127.1416839,37.6157237","127.0056745,37.3115243"
"127.1318597,37.4767262","127.4629278,37.3789302","126.8736997,37.3373161","127.1416248,37.6159832","127.0060728,37.3113646"
"127.1324391,37.4771391","127.4658443,37.3786661","126.8737817,37.33723","127.141537,37.6163416","127.0063104,37.3112691"
"127.1326814,37.4773111","127.468204,37.3784405","126.8742873,37.3367","127.1414489,37.6167578","127.0065242,37.3111826"
"127.1333447,37.4778819","127.4703332,37.3782571","126.8743159,37.3366614","127.1413934,37.6169784","127.0076369,37.3108411"
"127.1338748,37.4784298","127.4715204,37.3781348","126.8746344,37.3362322","127.1408621,37.6190833","127.0083998,37.3106577"
"127.1341636,37.4788011","127.4723935,37.3780521","126.8749995,37.3354977","127.1408459,37.6191454","127.0084879,37.3106427"
"127.1342255,37.4788806","127.4756173,37.3777482","126.8752306,37.3349815","127.1405142,37.6204901","127.0093499,37.3104994"
"127.1347643,37.4797025","127.4765785,37.3776573","126.8757365,37.3333329","127.1401874,37.6220079","127.0100624,37.3104329"
"127.1349928,37.480172","127.4774031,37.3775818","126.8757919,37.3331781","127.1398724,37.6233995","127.0108493,37.310383"
"127.1352052,37.4806945","127.4778459,37.3775386","126.8759063,37.3328596","127.1392854,37.62599","127.011725,37.3103911"
"127.1354337,37.481602","127.4781079,37.3775152","126.8759872,37.3326329","127.1391243,37.6267159","127.0126995,37.3104582"
"127.1354658,37.4817589","127.4787212,37.3774576","126.8763619,37.3315478","127.1387948,37.6276019","127.0130232,37.3105001"
"127.1355453,37.4821531","127.4830281,37.3770653","126.8764984,37.3311538","127.1387868,37.6276244","127.0133998,37.3105494"
"127.1357677,37.4834012","127.4849212,37.3769051","126.8766117,37.3308244","127.1383873,37.6284325","127.0141246,37.3106741"
"127.1358412,37.4838675","127.4865274,37.376762","126.8770708,37.3294955","127.1380742,37.6289742","127.0147995,37.3108409"
"127.1358456,37.4838981","127.4878308,37.3766765","126.8774995,37.3282908","127.1372742,37.6301164","127.0148411,37.3108528"
"127.1358654,37.4840181","127.4895601,37.3766821","126.8780749,37.3265416","127.1366186,37.6309274","127.0158369,37.3111327"
"127.1362911,37.4865035","127.4899057,37.376683","126.8781548,37.3263076","127.1365867,37.6309661","127.0163743,37.3112837"
"127.1365661,37.4878673","127.4918213,37.3766895","126.8783746,37.325658","127.1362618,37.6313581","127.0166367,37.3113577"
"127.1368272,37.4888478","127.492804,37.3766922","126.8788624,37.324258","127.1360497,37.6316161","127.0183489,37.3118497"
"127.1368283,37.4888523","127.4949399,37.3766996","126.8794118,37.3227826","127.1352743,37.6325745","127.0191341,37.3120683"
"127.1368551,37.4889272","127.4973536,37.3767141","126.8798471,37.321733","127.1350118,37.6329496","127.0196309,37.3122064"
"127.1369142,37.4890942","127.5,37.3767024","126.8804491,37.3207077","127.1345992,37.6336658","127.021893,37.3128393"
"127.1370717,37.4895129","127.5001209,37.3767024","126.8808594,37.3200834","127.1343822,37.6342276","127.022107,37.3128988"
"127.1374073,37.49029","127.5014153,37.3767105","126.8815372,37.319191","127.1342709,37.6347446","127.0229902,37.3131421"
"127.137423,37.4903225","127.5026814,37.376715","126.8819748,37.3186659","127.1338467,37.637121","127.0233958,37.3132537"
"127.1381554,37.4918562","127.5035613,37.3767447","126.8827701,37.3178832","127.1338985,37.6374168","127.0240024,37.3133418"
"127.1383032,37.4921649","127.5041204,37.3767762","126.8829225,37.3177506","127.1338515,37.63798","127.0246554,37.3134075"
"127.1391632,37.4940009","127.5051313,37.376878","126.883725,37.3170499","127.1338198,37.6382215","127.025171,37.3134357"
"127.1395439,37.4948133","127.5069204,37.3770934","126.883884,37.3169299","127.1338247,37.6383576","127.0258007,37.3134301"
"127.1395629,37.4948539","127.5080839,37.3772772","126.8849991,37.316083","127.1338749,37.6385245","127.026171,37.3134091"
"127.1404603,37.4966891","127.5098911,37.3776727","126.886724,37.3149166","127.1339365,37.6386743","127.027105,37.3133065"
"127.1420826,37.4999993","127.510762,37.3778548","126.887462,37.314376","127.1341369,37.6389579","127.0274395,37.3132276"
"127.1435428,37.5029286","127.5125467,37.3781304","126.8887618,37.3134326","127.1342866,37.6391747","127.0278882,37.3131221"
"127.1441011,37.5040039","127.5128595,37.3781628","126.8894145,37.3129601","127.1343619,37.6392993","127.0285791,37.3129076"
"127.1445605,37.5047209","127.513308,37.3782096","126.8919119,37.3111413","127.1344247,37.639441","127.0287929,37.312821"
"127.1446133,37.504804","127.5138072,37.3782547","126.8926372,37.3106249","127.1344624,37.639616","127.0293145,37.3126086"
"127.1450659,37.5055075","127.5144206,37.3782933","126.8932245,37.3101412","127.1344866,37.6397666","127.0297187,37.3123903"
"127.1451995,37.5057161","127.5150169,37.378323","126.8933995,37.3099916","127.1344743,37.6401992","127.0302046,37.3121028"
"127.1452265,37.5057532","127.5157692,37.3783481","126.8938994,37.309566","127.1345123,37.6407663","127.0307282,37.311748"
"127.1456692,37.5064026","127.5163204,37.3783463","126.8944624,37.3090163","127.1345494,37.641291","127.031049,37.3115194"
"127.1471794,37.5086226","127.5166051,37.3783453","126.8950159,37.3083873","127.134574,37.6415912","127.0312281,37.3113948"
"127.1473155,37.5088114","127.5167971,37.3783453","126.8951366,37.30825","127.1346087,37.6419086","127.0317313,37.3110453"
"127.1475413,37.5091501","127.5168423,37.3783444","126.8958864,37.3071992","127.134637,37.6421574","127.0324796,37.3104848"
"127.1482995,37.5100916","127.5175109,37.3783326","126.8962738,37.3065891","127.1346748,37.642291","127.0326553,37.310353"
"127.148724,37.51053","127.5181389,37.3783054","126.8963367,37.3064831","127.1347615,37.6424075","127.0335011,37.3097191"
"127.1492458,37.5109696","127.5189635,37.3782377","126.8965359,37.3061263","127.1348994,37.6424908","127.0346396,37.3088249"
"127.1498911,37.5113862","127.5195903,37.3781673","126.8967065,37.3058179","127.1350239,37.6425246","127.0350874,37.308494"
"127.1504123,37.511723","127.5205413,37.3780409","126.8981808,37.3032033","127.1350931,37.6425221","127.0358141,37.3079416"
"127.1509,37.5119741","127.5213975,37.3778957","126.8982804,37.3030272","127.1351883,37.6425197","127.0358209,37.3079372"
"127.1513065,37.5121538","127.5220119,37.3777874","126.8984039,37.3028124","127.1353189,37.6424786","127.0372656,37.3069756"
"127.1518566,37.5123483","127.5226026,37.3776548","126.8985997,37.3024582","127.135386,37.6424293","127.0373993,37.306886"
"127.1524747,37.5125412","127.5235208,37.3774599","126.8994022,37.3010084","127.1354384,37.6423762","127.0375148,37.306818"
"127.1534241,37.5127667","127.5244684,37.3772704","126.8996186,37.3006164","127.1355071,37.642244","127.0390437,37.3059162"
"127.1558303,37.5131387","127.5252172,37.3771432","126.9005373,37.2988832","127.1355097,37.6421574","127.0420673,37.3043334"
"127.1563018,37.5132113","127.5253426,37.3771269","126.9011122,37.2975242","127.1354919,37.6420943","127.0431372,37.3037498"
"127.1570153,37.5133252","127.5257198,37.3770773","126.9015989,37.2959077","127.1354582,37.6420374","127.0439106,37.3032958"
"127.1610372,37.5139993","127.5258814,37.3770565","126.9016799,37.2955124","127.1353883,37.6419669","127.0464531,37.3017642"
"127.1612373,37.5140332","127.5263873,37.3770014","126.901771,37.2949703","127.1352752,37.6419025","127.0467272,37.3015886"
"127.1634287,37.5143901","127.5264009,37.3769996","126.9018866,37.2937666","127.1351598,37.6418625","127.0475992,37.3010583"
"127.1642402,37.5143419","127.5270289,37.3769363","126.9019369,37.2922579","127.1348226,37.6417497","127.0493495,37.3000662"
"127.1654733,37.5144094","127.5280996,37.3768748","126.9018124,37.2905997","127.1347285,37.6417386","127.0499868,37.2997324"
"127.1659169,37.5144134","127.5292257,37.3768772","126.9015244,37.2890749","127.1344239,37.6416908","127.0505369,37.2994416"
"127.166245,37.5144071","127.5301463,37.3769248","126.9012608,37.2880351","127.1339473,37.6415568","127.0510121,37.2992162"
"127.1670769,37.5143716","127.5314803,37.3770623","126.9010075,37.2872487","127.1338251,37.6415231","127.0511185,37.2991671"
"127.1674288,37.5143753","127.5319005,37.3771073","126.9008644,37.2868045","127.1337572,37.6415012","127.0512203,37.2991197"
"127.1676663,37.5143967","127.5328968,37.3772476","126.9008115,37.2866411","127.1335614,37.6414357","127.0515869,37.2989498"
"127.1677975,37.5144169","127.5337202,37.3774196","126.9002996,37.2851828","127.1334992,37.6414139","127.0518324,37.2988344"
"127.1680462,37.5144681","127.5348024,37.3776455","126.9000764,37.2846048","127.1328587,37.6411911","127.0521368,37.2986914"
"127.1681773,37.5145054","127.5350069,37.3776878","126.9000144,37.2844458","127.1327139,37.6411411","127.0529568,37.298351"
"127.1683558,37.514569","127.5352599,37.3777409","126.8994496,37.2829827","127.1320078,37.6408946","127.0531717,37.2982743"
"127.1686788,37.5147195","127.536211,37.3779353","126.8989418,37.2817317","127.1317509,37.64081","127.0551773,37.2975941"
"127.1689158,37.5148599","127.5377835,37.3782386","126.89882,37.2814363","127.131648,37.6407745","127.0559277,37.2973806"
"127.1692575,37.5151222","127.5395276,37.3785797","126.8987525,37.2812773","127.1315087,37.6407398","127.0561108,37.2973407"
"127.1694882,37.5154194","127.5407578,37.3788244","126.8984734,37.2806233","127.1311294,37.6406611","127.0564169,37.2972734"
"127.169587,37.5155847","127.541291,37.3789306","126.898294,37.2802024","127.1309142,37.6406235","127.0572269,37.297107"
"127.1696981,37.5157941","127.5463056,37.3798716","126.8972566,37.2777534","127.1307126,37.6406021","127.0579036,37.2969644"
"127.169785,37.5161044","127.5514818,37.3808916","126.8971083,37.2773939","127.1305063,37.6405934","127.0585654,37.2968506"
"127.1698007,37.5163965","127.5528352,37.3811795","126.8970209,37.2771744","127.130147,37.6405886","127.0585778,37.2968488"
"127.1697676,37.5167119","127.5540057,37.3814584","126.8967865,37.2765855","127.1300087,37.6405918","127.0589833,37.2967764"
"127.1697297,37.5168389","127.5564901,37.3821233","126.8967743,37.2765566","127.1297048,37.6406278","127.0617471,37.2962873"
"127.1696895,37.5169739","127.55937,37.3828809","126.8963242,37.2754402","127.1295222,37.6406534","127.0622925,37.2962127"
"127.1694773,37.5173682","127.5610319,37.3833289","126.8963098,37.275405","127.129453,37.6406595","127.066956,37.2953744"
"127.1691373,37.5177386","127.563582,37.3840135","126.8960907,37.2748721","127.1291207,37.6407026","127.0688375,37.2950577"
"127.1684921,37.5183028","127.5636747,37.3840387","126.8951628,37.2727094","127.128912,37.6407308","127.0717763,37.2945068"
"127.1679669,37.5188412","127.5644012,37.3842294","126.8945992,37.2713995","127.1283142,37.6408217","127.0718622,37.2944909"
"127.1676263,37.5193315","127.5652824,37.3844615","126.8939181,37.270107","127.1281463,37.6408509","127.0746121,37.2940249"
"127.1674278,37.5196969","127.5661807,37.38469","126.8936556,37.2696496","127.1280215,37.6408731","127.075799,37.2938245"
"127.1673856,37.519777","127.5670744,37.3848823","126.8931869,37.2688828","127.1273729,37.6409278","127.076899,37.2936328"
"127.1666222,37.5211891","127.5682358,37.3851034","126.8929284,37.2684939","127.1272095,37.6409534","127.0769972,37.2936161"
"127.1657161,37.5228838","127.5693667,37.3852587","126.8926509,37.2680769","127.1271244,37.6409739","127.0778081,37.2934738"
"127.1656146,37.5230755","127.5700705,37.3853313","126.8918379,37.2669298","127.1268781,37.6410362","127.0785614,37.2933413"
"127.165099,37.5239691","127.5705789,37.3853833","126.8917799,37.2668511","127.1268316,37.6410469","127.0797508,37.2930895"
"127.1647352,37.5245999","127.5714228,37.3854441","126.8905867,37.2652999","127.1267465,37.6410628","127.0799372,37.2930496"
"127.1644824,37.5249444","127.57274,37.3854991","126.8893592,37.2638208","127.1267068,37.6410708","127.0811368,37.2927997"
"127.163929,37.5256973","127.574012,37.3855119","126.8882624,37.2625","127.1264107,37.641124","127.0816192,37.2926788"
"127.1637692,37.5260042","127.5743565,37.38549","126.8881007,37.2622729","127.1263449,37.6411355","127.0826371,37.2924246"
"127.1631677,37.52714","127.5753708,37.3854398","126.8871585,37.2609484","127.126304,37.6411417","127.0839997,37.2920662"
"127.1626643,37.528094","127.5758746,37.3854143","126.8868867,37.2605287","127.1262836,37.6411452","127.0857601,37.2916"
"127.1625981,37.5282155","127.576244,37.3853888","126.886387,37.2597158","127.126211,37.6411576","127.0862742,37.2914621"
"127.1622522,37.5288608","127.5763863,37.385377","126.8856419,37.2582832","127.1255474,37.6412718","127.0874854,37.2911364"
"127.1621427,37.5290642","127.5769963,37.3853135","126.8851745,37.2573749","127.1254101,37.6412957","127.0887249,37.2907829"
"127.1618126,37.5297212","127.5776739,37.3852202","126.8850431,37.257038","127.1253795,37.641301","127.0892559,37.2906477"
"127.1617498,37.5298463","127.5786543,37.3850474","126.8845485,37.2557275","127.1253409,37.6413081","127.0893565,37.2906219"
"127.1613969,37.5305484","127.5800841,37.3848021","126.8841991,37.2547414","127.1251094,37.6413497","127.0896739,37.290541"
"127.1610837,37.5312289","127.5803314,37.3846938","126.883749,37.2528245","127.1249994,37.6413701","127.0901043,37.2904424"
"127.1610632,37.5312703","127.5808937,37.3845393","126.8832623,37.2499997","127.1233918,37.6416552","127.0910159,37.2902346"
"127.1603737,37.532806","127.5811602,37.3844264","126.8831871,37.2495414","127.1210422,37.6420776","127.0927336,37.2899251"
"127.1602138,37.5331364","127.5814153,37.3842261","126.8829996,37.248475","127.1208153,37.6421183","127.0935227,37.2898196"
"127.1599238,37.5336872","127.581642,37.3839276","126.8828618,37.2476747","127.1193348,37.6423777","127.0939449,37.2897751"
"127.1595904,37.534319","127.5816757,37.383723","126.8823639,37.2447147","127.1189027,37.6424276","127.0947306,37.2896922"
"127.1593141,37.5348446","127.5816358,37.3834427","126.8821715,37.2435626","127.1183585,37.6424529","127.0960792,37.2896156"
"127.1585926,37.5361945","127.581457,37.3831138","126.8820844,37.2430438","127.1177714,37.6424339","127.0967065,37.2895998"
"127.1585458,37.5362809","127.5811587,37.3829833","126.8820489,37.2428345","127.1168559,37.6423624","127.0971803,37.2896023"
"127.1581494,37.5370748","127.5808717,37.3829015","126.8819064,37.2426156","127.1167222,37.642353","127.0980377,37.289607"
"127.1579825,37.5374393","127.5803892,37.3828045","126.8818,37.2423825","127.1162259,37.6423144","127.0983999,37.2896091"
"127.1576289,37.5382793","127.5802774,37.3827874","126.8816853,37.2422179","127.1160334,37.6422885","127.0987371,37.2896256"
"127.1574238,37.5388177","127.5794504,37.3826699","126.8815757,37.2421091","127.1156346,37.6422449","127.0998705,37.2897033"
"127.1573435,37.5390473","127.5792617,37.3826466","126.8814455,37.2420363","127.1151792,37.6421947","127.1007118,37.2897747"
"127.1572541,37.5393039","127.5773898,37.3824099","126.8812914,37.2419932","127.1144111,37.6421102","127.1012847,37.2898136"
"127.1571127,37.5397614","127.576268,37.3822808","126.881111,37.2419904","127.1137972,37.642028","127.1024147,37.2898913"
"127.1569101,37.5405017","127.5758375,37.3822207","126.8809597,37.2420185","127.1135629,37.6419695","127.10405,37.2900031"
"127.1567659,37.5410926","127.5753472,37.3821326","126.880833,37.2420692","127.1132584,37.6418775","127.1049511,37.2900656"
"127.15673,37.5412674","127.5748252,37.3819924","126.8805244,37.2423082","127.1131973,37.6418556","127.1052195,37.2900954"
"127.1566755,37.5415547","127.5744489,37.3818565","126.8804867,37.2424991","127.112928,37.6417619","127.105463,37.2901223"
"127.156628,37.5418016","127.5736307,37.3814676","126.8805124,37.242666","127.1125746,37.6417274","127.1061271,37.2901967"
"127.1565254,37.5424376","127.5732385,37.3812164","126.8806122,37.2428658","127.1125598,37.6417283","127.1070594,37.2903422"
"127.1564646,37.5428656","127.5728745,37.380911","126.8807248,37.2430241","127.1124918,37.6417298","127.1083083,37.2905536"
"127.1564145,37.5434162","127.5721124,37.3800398","126.8808625,37.2431492","127.1124215,37.6417467","127.1091188,37.2906843"
"127.1563651,37.5440686","127.5719993,37.3799741","126.8810497,37.2432827","127.1123794,37.6417691","127.1093837,37.2907266"
"127.1563572,37.5443255","127.5719157,37.3799489","126.8813123,37.2434328","127.1123521,37.6417925","127.1098493,37.2908021"
"127.1563479,37.5446211","127.5718062,37.3799481","126.8815744,37.2435081","127.1122973,37.6418599","127.111468,37.2910625"
"127.1563504,37.5452944","127.5715159,37.3799699","126.8819887,37.2435842","127.1123039,37.6418942","127.1128559,37.2912555"
"127.1563747,37.5461841","127.5709028,37.3802154","126.8824493,37.2436415","127.1123391,37.6420998","127.1135617,37.2913344"
"127.1564275,37.547009","127.5707368,37.3802786","126.8826689,37.2436742","127.1123606,37.6423243","127.113988,37.2913754"
"127.1564435,37.5472155","127.5692971,37.3808059","126.8852038,37.244057","127.112356,37.6425676","127.1141966,37.2913914"
"127.156511,37.5480494","127.5691865,37.3808528","126.8866238,37.2442717","127.1123325,37.6429488","127.1147007,37.2914291"
"127.1566071,37.5495541","127.5691187,37.380879","126.8868198,37.2442979","127.112302,37.6433579","127.1157714,37.291438"
"127.1566666,37.5504087","127.5686637,37.3810578","126.8882804,37.2445155","127.1121588,37.6436477","127.1164811,37.2914214"
"127.1568608,37.5532323","127.5669463,37.3818529","126.8883131,37.2445202","127.1121495,37.6436981","127.1172597,37.2913951"
"127.1569428,37.554371","127.5665782,37.3820324","126.8887174,37.2445701","127.1120717,37.6440404","127.1185565,37.291301"
"127.1570311,37.5556088","127.5655372,37.3825414","126.8888201,37.244567","127.1120187,37.6442223","127.1192406,37.291214"
"127.1571083,37.5567898","127.5646689,37.3829673","126.8889341,37.244545","127.111944,37.6444068","127.1203302,37.2910516"
"127.1571728,37.5577824","127.5639869,37.3833247","126.888977,37.2445353","127.1118523,37.6446075","127.1205402,37.291018"
"127.157221,37.558874","127.5636731,37.3835186","126.8890268,37.244514","127.1117231,37.6448261","127.1227871,37.2906611"
"127.1572316,37.5592968","127.5633028,37.3837631","126.8891977,37.2444319","127.11165,37.644934","127.1239433,37.2904772"
"127.1572507,37.5600567","127.5632068,37.3838362","126.889226,37.2444176","127.1116203,37.6449772","127.124999,37.2903057"
"127.1572215,37.560748","127.5628704,37.3840914","126.8892782,37.2443864","127.1114926,37.6448984","127.125384,37.290252"
"127.1571698,37.5614004","127.5626367,37.3842691","126.8894957,37.2442505","127.111453,37.6448766","127.1270234,37.2899966"
"127.1571287,37.5617193","127.5623692,37.3845054","126.8896045,37.2441888","127.1114248,37.6448612","127.1295581,37.2896026"
"127.1570693,37.5620977","127.562131,37.3847165","126.8896673,37.2440819","127.111262,37.6447741","127.1299194,37.2895478"
"127.1569508,37.5627545","127.5615113,37.3852306","126.8897109,37.2439938","127.1110257,37.6446472","127.1323546,37.2891822"
"127.1568725,37.5630418","127.5612099,37.3854849","126.8897443,37.2439047","127.1108607,37.6445565","127.1348429,37.2888131"
"127.1567734,37.563402","127.5586248,37.3876712","126.8897611,37.2437822","127.1107793,37.6445112","127.1362235,37.2886344"
"127.1567585,37.5634462","127.5583391,37.3879111","126.889745,37.2436749","127.110664,37.6444558","127.1373737,37.2885298"
"127.1566035,37.563918","127.5582962,37.3879472","126.8897018,37.2435791","127.1101959,37.6442325","127.1376502,37.2885045"
"127.1564946,37.5642079","127.558268,37.3879706","126.889623,37.2434345","127.110067,37.6441681","127.138511,37.2885044"
"127.1564076,37.5644042","127.5576516,37.3884983","126.8895652,37.2433251","127.1099415,37.6441118","127.1391303,37.2885207"
"127.1562726,37.5647102","127.556289,37.3896644","126.8894349,37.2431207","127.1097165,37.6440029","127.1394709,37.2885389"
"127.1561412,37.5649559","127.5550065,37.3907494","126.8893268,37.2429741","127.1095932,37.6439421","127.1419858,37.2887268"
"127.1561047,37.5650243","127.5544329,37.3912301","126.8891505,37.2427362","127.1093388,37.6438277","127.1421899,37.2887427"
"127.1560316,37.5651602","127.5540739,37.3915556","126.8889931,37.2425442","127.1092472,37.6437859","127.1432737,37.2888253"
"127.1556562,37.5657937","127.5540468,37.3915845","126.8887058,37.2422471","127.1089179,37.643674","127.1433166,37.2888291"
"127.1554156,37.5661481","127.5538109,37.3918343","126.8885704,37.2421103","127.1086475,37.6435838","127.1473617,37.2891846"
"127.1552492,37.5663748","127.5534497,37.3923302","126.8882862,37.241851","127.1084745,37.6435075","127.1478996,37.289225"
"127.1550704,37.5666005","127.5525028,37.3936953","126.8877948,37.2414005","127.1082292,37.6433751","127.1487534,37.2892897"
"127.1549713,37.5667246","127.5520965,37.3942481","126.8873134,37.2411204","127.1081806,37.643347","127.1495508,37.2893281"
"127.1547174,37.5670276","127.5517613,37.3946845","126.8868566,37.2408692","127.1081026,37.6433026","127.1501104,37.2893271"
"127.1540299,37.5678025","127.5515039,37.3949983","126.8865007,37.2406862","127.1079467,37.6432138","127.1508631,37.2892869"
"127.1535441,37.5682906","127.5513978,37.3951119","126.8857736,37.2402597","127.1077951,37.6431448","127.1514783,37.2892148"
"127.1532974,37.5684971","127.5513786,37.3951768","126.8853846,37.2399764","127.1077746,37.6431744","127.1519141,37.2891449"
"127.1529064,37.5688259","127.5513866,37.3952426","126.8850866,37.2397414","127.1077382,37.6431986","127.1520767,37.2891093"
"127.1523722,37.5692344","127.5514013,37.3952877","126.88475,37.239408","127.1076826,37.6432084","127.152324,37.2890551"
"127.1515609,37.5698368","127.5514058,37.3953039","126.8843869,37.2389996","127.1076327,37.6432073","127.153406,37.2887887"
"127.1504326,37.5706673","127.5514454,37.395357","126.8839646,37.2383835","127.1075965,37.6431982","127.1557036,37.2881627"
"127.1479804,37.5724546","127.5515109,37.3954021","126.8837887,37.2381131","127.1075694,37.6431774","127.1618955,37.2865156"
"127.1460111,37.5738899","127.5522035,37.3953558","126.8836618,37.2379159","127.1075066,37.6432664","127.1627336,37.2862864"
"127.145897,37.5740618","127.5523921,37.3953467","126.8826712,37.2363432","127.1073999,37.6434995","127.1637694,37.2860036"
"127.1454697,37.5743777","127.5524464,37.3953512","126.8818621,37.2350581","127.1073493,37.6436408","127.1641467,37.285882"
"127.14534,37.5745099","127.5524927,37.3953674","126.8809872,37.2336916","127.1073365,37.6437165","127.1648123,37.2856279"
"127.1451738,37.5746977","127.5525809,37.3955386","126.8805121,37.2329247","127.1073374,37.6437579","127.1650338,37.2855357"
"127.1451122,37.574776","127.5526896,37.3957792","126.8801751,37.2323641","127.1073496,37.6437994","127.1651616,37.2854829"
"127.1450609,37.5748578","127.5528773,37.3960379","126.8801373,37.2322999","127.1073994,37.6438158","127.1665621,37.2848577"
"127.1450335,37.574901","127.5530525,37.3962208","126.8800762,37.2321923","127.1074152,37.6438249","127.1678681,37.2841538"
"127.1449625,37.5750576","127.5532029,37.3964208","126.8798428,37.2317827","127.1074559,37.6438458","127.1679993,37.2840829"
"127.1449257,37.5751855","127.5533771,37.3966127","126.879725,37.2315748","127.1074807,37.643872","127.1689461,37.2835006"
"127.1448978,37.5753405","127.5534652,37.3966713","126.8796929,37.2315034","127.1074895,37.6439333","127.1696443,37.2830031"
"127.1449016,37.5754928","127.5536777,37.3967631","126.8793426,37.2307823","127.107456,37.6440495","127.170122,37.2826259"
"127.144946,37.575684",,"126.8792882,37.2306702","127.1073898,37.6441304","127.1707493,37.2820742"
"127.1450278,37.5758718",,"126.8788426,37.2297584","127.1072998,37.6442247","127.1713994,37.2814829"
"127.145138,37.5760316",,"126.8785363,37.229169","127.1071792,37.6443081","127.1715297,37.2813534"
"127.1452462,37.5761464",,"126.8782248,37.2285247","127.1070974,37.6443322","127.1723228,37.2805615"
"127.1453714,37.5762432",,"126.8777366,37.2275748","127.1069909,37.6443345","127.1740712,37.2787383"
"127.1455046,37.5763329",,"126.8766949,37.2253924","127.106855,37.644308","127.1756247,37.2771173"
"127.1456865,37.57642",,"126.8765529,37.2252592","127.1066796,37.6442542","127.1769828,37.275796"
"127.1458833,37.57649",,"126.8763496,37.2248913","127.1065134,37.6441662","127.1783098,37.274626"
"127.1460507,37.5765256",,"126.8761372,37.2245413","127.1064275,37.6441209","127.1802941,37.2729656"
"127.1471565,37.576665",,"126.8756996,37.2238954","127.1060871,37.6439746","127.1816509,37.2719272"
"127.1474734,37.5767065",,"126.8755726,37.2237072","127.1059866,37.6439076","127.1819066,37.2717314"
"127.1482295,37.5768016",,"126.8754627,37.2234975","127.1059494,37.6438579","127.1833186,37.2706986"
"127.1490354,37.5768851",,"126.8754473,37.2234623","127.1059305,37.6437821","127.1833492,37.2706743"
"127.1495241,37.5770038",,"126.8756244,37.2234416","127.105919,37.6436063","127.1834046,37.2706393"
"127.1504059,37.5771028",,"126.8758749,37.2234078","127.1058668,37.6436259","127.1839452,37.2702919"
"127.150699,37.5771416",,"126.8761028,37.2233828","127.1058067,37.6436257","127.1842189,37.2700952"
"127.150948,37.5771747",,"126.8761885,37.2233851","127.1057229,37.6436074","127.1842959,37.270045"
"127.1510374,37.5771876",,"126.8764951,37.223384","127.1056517,37.6435639","127.1851622,37.2694749"
"127.1511596,37.577206",,"126.8765762,37.2233835","127.1055111,37.6435833","127.1860126,37.2689462"
"127.1513011,37.5772272",,"126.8766753,37.2233921","127.1054521,37.6435876","127.1860329,37.2689337"
"127.1519427,37.5773408",,"126.8767969,37.2234153","127.1054146,37.6435983","127.1863586,37.2687317"
"127.1523443,37.5774339",,"126.8774011,37.2235492","127.1054101,37.6436001","127.1866243,37.2685666"
"127.1526429,37.5775241",,"126.8781459,37.2237145","127.1053918,37.643628","127.1869872,37.2683539"
"127.152869,37.5776103",,"126.8783979,37.2237789","127.1052741,37.644026","127.1872575,37.268196"
"127.1535211,37.5779052",,"126.8787228,37.2238788","127.1052121,37.6441745","127.1874497,37.2680829"
"127.1535448,37.5779179",,"126.8792231,37.2240374","127.105133,37.6443419","127.1891624,37.2671067"
"127.1537098,37.5779986",,"126.8797605,37.2242124","127.1050311,37.6445272","127.1935978,37.2644312"
"127.1544002,37.5783305",,"126.8801574,37.2243335","127.104972,37.6445685","127.1947136,37.2637643"
"127.1551301,37.5787022",,"126.8802913,37.2243603","127.1048198,37.6446202","127.1959865,37.2630284"
"127.1559821,37.5791328",,"126.8804096,37.224369","127.1047471,37.6446443","127.1977895,37.2619847"
"127.1560329,37.5791582",,"126.8805595,37.2243725","127.1046586,37.6446612","127.1989923,37.2612658"
"127.1576318,37.5799533",,"126.8807106,37.2243616","127.1045497,37.6446725","127.2006369,37.2603334"
"127.1585731,37.580423",,"126.8807761,37.2243556","127.1044057,37.6446891","127.2016076,37.2598419"
"127.1586171,37.5804456",,"126.8810694,37.2243202","127.1042232,37.6446948","127.2026198,37.2594"
"127.1587166,37.5804973",,"126.8812569,37.2242806","127.1040249,37.6446743","127.2040406,37.2588519"
"127.1588273,37.5805553",,"126.8814229,37.2242328","127.1038312,37.6446431","127.2052028,37.2584068"
"127.1593165,37.5808091",,"126.8815269,37.2241982","127.1037531,37.6446302","127.2052525,37.2583862"
"127.1595685,37.5809414",,"126.8817428,37.2241308","127.1035845,37.6445809","127.2058759,37.2581498"
"127.1600017,37.5810625",,"126.8819576,37.2240472","127.1032827,37.6444186","127.2063254,37.2579778"
"127.1608155,37.581429",,"126.8820617,37.2239955","127.1031843,37.644366","127.2067817,37.2577987"
"127.1611467,37.5815688",,"126.8821818,37.2239249",,"127.2076129,37.2574726"
"127.1612494,37.5816511",,"126.8823494,37.2238329",,"127.2081889,37.2572451"
"127.1612922,37.5817089",,"126.882687,37.2236165",,"127.2094121,37.2567614"
"127.1613102,37.5817333",,"126.8829241,37.2234411",,"127.2099158,37.2565715"
"127.1613831,37.5818885",,"126.8830591,37.2233345",,"127.2100694,37.2565088"
"127.1613413,37.5821102",,"126.8834248,37.2229912",,"127.2112135,37.2560464"
"127.1612901,37.5821614",,"126.8837145,37.2227169",,"127.2121304,37.255717"
"127.1612492,37.5821892",,"126.8837736,37.2226559",,"127.2122999,37.2556498"
"127.1611993,37.5822125",,"126.8838659,37.2225356",,"127.2136439,37.2550987"
"127.1611346,37.5822358",,"126.8842956,37.2219438",,"127.2147338,37.254656"
"127.1610621,37.5822518",,"126.8843686,37.2218441",,"127.2181579,37.2532959"
"127.1610077,37.5822552",,,,"127.2198258,37.2526481"
"127.1609421,37.582246",,,,"127.2201296,37.2525263"
"127.1608663,37.5822088",,,,"127.2210771,37.2521454"
"127.1607874,37.5821392",,,,"127.2234237,37.2512198"
"127.1607209,37.5820606",,,,"127.2236665,37.2511239"
"127.1605651,37.5819556",,,,"127.2241769,37.2509213"
"127.160274,37.5817159",,,,"127.2265042,37.2499992"
"127.1601746,37.5816498",,,,"127.2276515,37.2495556"
"127.1600491,37.5815999",,,,"127.2293474,37.2489277"
"127.1599337,37.5815761",,,,"127.2299095,37.2487487"
"127.159825,37.5815731",,,,"127.2302346,37.2486629"
"127.1597695,37.5815784",,,,"127.230458,37.2486066"
"127.1597185,37.5815863",,,,"127.2306048,37.2485655"
"127.1596731,37.5816024",,,,"127.2308993,37.2484994"
"127.159589,37.5816553",,,,"127.231494,37.2483611"
"127.1592256,37.5823808",,,,"127.2323888,37.2482008"
"127.1589936,37.5828398",,,,"127.2354553,37.2476831"
"127.1588863,37.5830099",,,,"127.2374546,37.247336"
"127.1587964,37.5830979",,,,"127.2382025,37.247216"
"127.1587136,37.5831419",,,,"127.2397155,37.2469498"
"127.1585752,37.5831865",,,,"127.2414586,37.2466552"
"127.1582703,37.5832289",,,,"127.2419155,37.2465778"
"127.1580651,37.5832743",,,,"127.2466787,37.2457714"
"127.1578496,37.5833331",,,,"127.2483528,37.2455163"
"127.1576998,37.5833994",,,,"127.2487758,37.2454739"
"127.1575874,37.5834658",,,,"127.2489021,37.2454607"
"127.1573374,37.5836579",,,,"127.2490747,37.2454475"
"127.1572122,37.583791",,,,"127.2499995,37.2453765"
"127.1570624,37.5840826",,,,"127.2506693,37.2453463"
"127.156973,37.5843176",,,,"127.2510166,37.2453317"
"127.1566663,37.5855029",,,,"127.2511824,37.2453285"
"127.1565665,37.5857703",,,,"127.2515026,37.2453246"
"127.1565548,37.5858613",,,,"127.2515342,37.2453238"
"127.1565422,37.5861298",,,,"127.2522682,37.2453181"
"127.1565606,37.5865734",,,,"127.2526471,37.2453288"
"127.156631,37.5870152",,,,"127.253461,37.2453792"
"127.1570392,37.589651",,,,"127.2545612,37.245459"
"127.1570433,37.5897412",,,,"127.2547877,37.2454793"
"127.1570486,37.5898259",,,,"127.2562813,37.2456113"
"127.1571011,37.5907166",,,,"127.2581604,37.245754"
"127.1570791,37.5915737",,,,"127.2584727,37.2457798"
"127.1569898,37.5925037",,,,"127.2586339,37.2457928"
"127.1569936,37.5931599",,,,"127.2597961,37.2458862"
"127.1569695,37.594218",,,,"127.2599967,37.2459028"
"127.1568866,37.5949992",,,,"127.2603665,37.2459324"
"127.1567992,37.5955326",,,,"127.2606641,37.2459574"
"127.1566247,37.5962748",,,,"127.2639894,37.24623"
"127.1565363,37.5965404",,,,"127.2643614,37.2462559"
"127.1563304,37.5972239",,,,"127.2654031,37.2463274"
"127.1562569,37.5974346",,,,"127.2662272,37.2463534"
"127.1559124,37.5982079",,,,"127.266968,37.2463557"
"127.1554499,37.5990159",,,,"127.267401,37.246344"
"127.1550115,37.5997492",,,,"127.2677946,37.2463339"
"127.1546041,37.600379",,,,"127.2683979,37.24629"
"127.154425,37.6006579",,,,"127.269236,37.246197"
"127.1541244,37.6009914",,,,"127.2693251,37.2461837"
"127.1536542,37.6014921",,,,"127.2694842,37.2461606"
"127.1533581,37.6018067",,,,"127.2700685,37.2460652"
"127.1531795,37.6019774",,,,"127.2708199,37.2459153"
"127.1524125,37.6027107",,,,"127.2709835,37.2458831"
"127.1519894,37.6030663",,,,"127.2717362,37.2456845"
"127.1514014,37.6035595",,,,"127.272376,37.2455054"
"127.1470907,37.607152",,,,"127.2730611,37.2452706"
"127.1458498,37.6081659",,,,"127.2740308,37.2448911"
"127.145249,37.6087166",,,,"127.2749137,37.2444836"
"127.1447893,37.6091308",,,,"127.2761332,37.2438864"
"127.1445707,37.6093591",,,,"127.2831415,37.2404669"
"127.1440397,37.6099884",,,,"127.2837566,37.2402202"
"127.1435541,37.6106008",,,,"127.2843018,37.2400129"
"127.1431898,37.6111982",,,,"127.285393,37.239676"
"127.1426151,37.6124412",,,,"127.2864772,37.2394184"
"127.1424498,37.6128995",,,,"127.2870368,37.2392833"
"127.1419365,37.6147916",,,,"127.2875049,37.2391967"
"127.1418224,37.6151798",,,,"127.2877125,37.2391583"
"127.1416839,37.6157237",,,,"127.2885438,37.2390227"
"127.1416248,37.6159832",,,,"127.2892103,37.238941"
"127.141537,37.6163416",,,,"127.2896997,37.2389139"
"127.1414489,37.6167578",,,,"127.2900086,37.2388974"
"127.1413934,37.6169784",,,,"127.2905724,37.2388812"
"127.1408621,37.6190833",,,,"127.2911327,37.2388831"
"127.1408459,37.6191454",,,,"127.2913855,37.2388033"
"127.1405142,37.6204901",,,,"127.2928365,37.2388158"
"127.1401874,37.6220079",,,,"127.2933867,37.2388077"
"127.1398724,37.6233995",,,,"127.2938118,37.2387661"
"127.1392854,37.62599",,,,"127.2940499,37.2387079"
"127.1391243,37.6267159",,,,"127.294262,37.2386416"
"127.1387948,37.6276019",,,,"127.2945747,37.2384826"
"127.1387868,37.6276244",,,,"127.2949249,37.2382416"
"127.1383873,37.6284325",,,,"127.2954066,37.2377016"
"127.1380742,37.6289742",,,,"127.2958244,37.237066"
"127.1372742,37.6301164",,,,"127.2960916,37.2366193"
"127.1366186,37.6309274",,,,"127.2962241,37.236396"
"127.1365867,37.6309661",,,,"127.2962785,37.2362996"
"127.1362618,37.6313581",,,,"127.2966748,37.2356666"
"127.1360497,37.6316161",,,,"127.2969251,37.2352425"
"127.1352743,37.6325745",,,,"127.2969557,37.2351867"
"127.1350118,37.6329496",,,,"127.2970023,37.2350272"
"127.1345992,37.6336658",,,,"127.297006,37.2349163"
"127.1343822,37.6342276",,,,"127.2969907,37.2347513"
"127.1342709,37.6347446",,,,"127.296974,37.234681"
"127.1338467,37.637121",,,,"127.2969257,37.2346034"
"127.1338985,37.6374168",,,,"127.2967986,37.2344707"
"127.1338515,37.63798",,,,"127.2966726,37.2344002"
"127.1338198,37.6382215",,,,"127.2963798,37.2342626"
"127.1338247,37.6383576",,,,"127.2960758,37.2341404"
"127.1338749,37.6385245",,,,"127.2957153,37.234019"
"127.1339365,37.6386743",,,,"127.2955092,37.2339718"
"127.1341369,37.6389579",,,,"127.2952917,37.2339317"
"127.1342866,37.6391747",,,,"127.2950336,37.2338853"
"127.1343619,37.6392993",,,,"127.2946673,37.2338586"
"127.1344247,37.639441",,,,"127.2944013,37.2338428"
"127.1344624,37.639616",,,,"127.2941646,37.2338207"
"127.1344866,37.6397666",,,,"127.293788,37.2338489"
"127.1344743,37.6401992",,,,"127.2935512,37.2338656"
"127.1345123,37.6407663",,,,"127.2934192,37.2338969"
"127.1345494,37.641291",,,,"127.2933312,37.2339527"
"127.134574,37.6415912",,,,"127.2932904,37.2339995"
"127.1346087,37.6419086",,,,"127.293117,37.2339307"
"127.134637,37.6421574",,,,"127.2930314,37.2339017"
"127.1346748,37.642291",,,,"127.2929435,37.2338808"
"127.1347615,37.6424075",,,,"127.292832,37.2338671"
"127.1348994,37.6424908",,,,"127.2927553,37.2338669"
"127.1350239,37.6425246",,,,"127.2926786,37.2338686"
"127.1350931,37.6425221",,,,"127.291735,37.2338913"
"127.1351883,37.6425197",,,,"127.2914745,37.2338971"
"127.1353189,37.6424786",,,,"127.2912513,37.233913"
"127.135386,37.6424293",,,,"127.2910269,37.2339423"
"127.1354384,37.6423762",,,,"127.2908994,37.2339583"
"127.1355071,37.642244",,,,"127.290737,37.2339833"
"127.1355097,37.6421574",,,,"127.2901742,37.234067"
"127.1354919,37.6420943",,,,"127.2900491,37.2340767"
"127.1354582,37.6420374",,,,"127.2899025,37.2340801"
"127.1353883,37.6419669",,,,"127.2896049,37.2340867"
"127.1352752,37.6419025",,,,"127.2887369,37.2340329"
"127.1351598,37.6418625",,,,"127.2883019,37.2340024"
"127.1348226,37.6417497",,,,"127.2881869,37.2339941"
"127.1347285,37.6417386",,,,"127.2876987,37.234013"
"127.1344239,37.6416908",,,,"127.2876051,37.2340246"
"127.1339473,37.6415568",,,,"127.2875115,37.234037"
"127.1338251,37.6415231",,,,"127.2870051,37.2341218"
"127.1337572,37.6415012",,,,"127.2869588,37.2341298"
"127.1335614,37.6414357",,,,"127.2863396,37.2342359"
"127.1334992,37.6414139",,,,"127.2861321,37.2342707"
"127.1328587,37.6411911",,,,"127.286043,37.2342886"
"127.1327139,37.6411411",,,,"127.2859978,37.2342966"
"127.1320078,37.6408946",,,,"127.2859335,37.2343073"
"127.1317509,37.64081",,,,"127.2859355,37.2344074"
"127.131648,37.6407745",,,,"127.285965,37.2347382"
"127.1315087,37.6407398",,,,"127.2859173,37.2348851"
"127.1311294,37.6406611",,,,"127.2859148,37.2349455"
"127.1309142,37.6406235",,,,"127.2859108,37.2351582"
"127.1307126,37.6406021",,,,"127.2859107,37.2351997"
"127.1305063,37.6405934",,,,"127.2858998,37.2354746"
"127.130147,37.6405886",,,,"127.2858867,37.2357161"
"127.1300087,37.6405918",,,,"127.2858961,37.2359893"
"127.1297048,37.6406278",,,,"127.2858881,37.2360379"
"127.1295222,37.6406534",,,,"127.2858688,37.2360848"
"127.129453,37.6406595",,,,"127.2858427,37.2361316"
"127.1291207,37.6407026",,,,"127.2857918,37.2362"
"127.128912,37.6407308",,,,"127.2857488,37.2362477"
"127.1283142,37.6408217",,,,"127.2857352,37.2362585"
"127.1281463,37.6408509",,,,"127.2856833,37.2363017"
"127.1280215,37.6408731",,,,"127.2856245,37.2363376"
"127.1273729,37.6409278",,,,"127.2855624,37.2363664"
"127.1272095,37.6409534",,,,"127.2854812,37.2363851"
"127.1271244,37.6409739",,,,"127.2853921,37.2363958"
"127.1268781,37.6410362",,,,"127.2852106,37.2363928"
"127.1268316,37.6410469",,,,"127.2852128,37.236436"
"127.1267465,37.6410628",,,,"127.2852305,37.2369309"
"127.1267068,37.6410708",,,,"127.2852323,37.2371085"
"127.1264107,37.641124",,,,"127.2852331,37.2372068"
"127.1263449,37.6411355",,,,"127.2852351,37.2372978"
"127.126304,37.6411417",,,,"127.285238,37.2374871"
"127.1262836,37.6411452",,,,"127.2852475,37.2381055"
"127.126211,37.6411576",,,,"127.2852033,37.2381956"
"127.1255474,37.6412718",,,,"127.2844626,37.2389514"
"127.1254101,37.6412957",,,,"127.2843248,37.2390557"
"127.1253795,37.641301",,,,"127.2842232,37.2391078"
"127.1253409,37.6413081",,,,"127.2840448,37.2391787"
"127.1251094,37.6413497",,,,"127.2840494,37.2391661"
"127.1249994,37.6413701",,,,"127.2840675,37.2391264"
"127.1233918,37.6416552",,,,
"127.1210422,37.6420776",,,,
"127.1208153,37.6421183",,,,
"127.1193348,37.6423777",,,,
"127.1189027,37.6424276",,,,
"127.1183585,37.6424529",,,,
"127.1177714,37.6424339",,,,
"127.1168559,37.6423624",,,,
"127.1167222,37.642353",,,,
"127.1162259,37.6423144",,,,
"127.1160334,37.6422885",,,,
"127.1156346,37.6422449",,,,
"127.1151792,37.6421947",,,,
"127.1144111,37.6421102",,,,
"127.1137972,37.642028",,,,
"127.1135629,37.6419695",,,,
"127.1132584,37.6418775",,,,
"127.1131973,37.6418556",,,,
"127.112928,37.6417619",,,,
"127.1125746,37.6417274",,,,
"127.1125598,37.6417283",,,,
"127.1124918,37.6417298",,,,
"127.1124215,37.6417467",,,,
"127.1123794,37.6417691",,,,
"127.1123521,37.6417925",,,,
"127.1122973,37.6418599",,,,
"127.1123039,37.6418942",,,,
"127.1123391,37.6420998",,,,
"127.1123606,37.6423243",,,,
"127.112356,37.6425676",,,,
"127.1123325,37.6429488",,,,
"127.112302,37.6433579",,,,
"127.1121588,37.6436477",,,,
"127.1121495,37.6436981",,,,
"127.1120717,37.6440404",,,,
"127.1120187,37.6442223",,,,
"127.111944,37.6444068",,,,
"127.1118523,37.6446075",,,,
"127.1117231,37.6448261",,,,
"127.11165,37.644934",,,,
"127.1116203,37.6449772",,,,
"127.1114926,37.6448984",,,,
"127.111453,37.6448766",,,,
"127.1114248,37.6448612",,,,
"127.111262,37.6447741",,,,
"127.1110257,37.6446472",,,,
"127.1108607,37.6445565",,,,
"127.1107793,37.6445112",,,,
"127.110664,37.6444558",,,,
"127.1101959,37.6442325",,,,
"127.110067,37.6441681",,,,
"127.1099415,37.6441118",,,,
"127.1097165,37.6440029",,,,
"127.1095932,37.6439421",,,,
"127.1093388,37.6438277",,,,
"127.1092472,37.6437859",,,,
"127.1089179,37.643674",,,,
"127.1086475,37.6435838",,,,
"127.1084745,37.6435075",,,,
"127.1082292,37.6433751",,,,
"127.1081806,37.643347",,,,
"127.1081026,37.6433026",,,,
"127.1079467,37.6432138",,,,
"127.1077951,37.6431448",,,,
"127.1077746,37.6431744",,,,
"127.1077382,37.6431986",,,,
"127.1076826,37.6432084",,,,
"127.1076327,37.6432073",,,,
"127.1075965,37.6431982",,,,
"127.1075694,37.6431774",,,,
"127.1075066,37.6432664",,,,
"127.1073999,37.6434995",,,,
"127.1073493,37.6436408",,,,
"127.1073365,37.6437165",,,,
"127.1073374,37.6437579",,,,
"127.1073496,37.6437994",,,,
"127.1073994,37.6438158",,,,
"127.1074152,37.6438249",,,,
"127.1074559,37.6438458",,,,
"127.1074807,37.643872",,,,
"127.1074895,37.6439333",,,,
"127.107456,37.6440495",,,,
"127.1073898,37.6441304",,,,
"127.1072998,37.6442247",,,,
"127.1071792,37.6443081",,,,
"127.1070974,37.6443322",,,,
"127.1069909,37.6443345",,,,
"127.106855,37.644308",,,,
"127.1066796,37.6442542",,,,
"127.1065134,37.6441662",,,,
"127.1064275,37.6441209",,,,
"127.1060871,37.6439746",,,,
"127.1059866,37.6439076",,,,
"127.1059494,37.6438579",,,,
"127.1059305,37.6437821",,,,
"127.105919,37.6436063",,,,
"127.1058668,37.6436259",,,,
"127.1058067,37.6436257",,,,
"127.1057229,37.6436074",,,,
"127.1056517,37.6435639",,,,
"127.1055111,37.6435833",,,,
"127.1054521,37.6435876",,,,
"127.1054146,37.6435983",,,,
"127.1054101,37.6436001",,,,
"127.1053918,37.643628",,,,
"127.1052741,37.644026",,,,
"127.1052121,37.6441745",,,,
"127.105133,37.6443419",,,,
"127.1050311,37.6445272",,,,
"127.104972,37.6445685",,,,
"127.1048198,37.6446202",,,,
"127.1047471,37.6446443",,,,
"127.1046586,37.6446612",,,,
"127.1045497,37.6446725",,,,
"127.1044057,37.6446891",,,,
"127.1042232,37.6446948",,,,
"127.1040249,37.6446743",,,,
"127.1038312,37.6446431",,,,
"127.1037531,37.6446302",,,,
"127.1035845,37.6445809",,,,
"127.1032827,37.6444186",,,,
"127.1031843,37.644366",,,,
