0,1
"128.9768431,35.1700074","128.9768431,35.1700074"
"128.9768418,35.1699398","128.9768418,35.1699398"
"128.9768361,35.1697424","128.9768361,35.1697424"
"128.9768364,35.1696396","128.9768364,35.1696396"
"128.9768361,35.1696252","128.9768361,35.1696252"
"128.9768371,35.1696198","128.9768371,35.1696198"
"128.9768368,35.1696","128.9768368,35.1696"
"128.976822,35.169391","128.976822,35.169391"
"128.9768102,35.1692225","128.9768102,35.1692225"
"128.9768026,35.1691072","128.9768026,35.1691072"
"128.9767837,35.1688505","128.9767837,35.1688505"
"128.9767734,35.1685864","128.9767734,35.1685864"
"128.9767587,35.168317","128.9767587,35.168317"
"128.9767559,35.1682855","128.9767559,35.1682855"
"128.9767421,35.168127","128.9767421,35.168127"
"128.9767229,35.1679775","128.9767229,35.1679775"
"128.9767089,35.1678713","128.9767089,35.1678713"
"128.9766949,35.1677633","128.9766949,35.1677633"
"128.976651,35.16746","128.976651,35.16746"
"128.9765246,35.1666663","128.9765246,35.1666663"
"128.9761246,35.1644","128.9761246,35.1644"
"128.9759642,35.1637248","128.9759642,35.1637248"
"128.9759368,35.163608","128.9759368,35.163608"
"128.9759287,35.1635819","128.9759287,35.1635819"
"128.9759098,35.1635091","128.9759098,35.1635091"
"128.9758921,35.1634417","128.9758921,35.1634417"
"128.9758614,35.1633249","128.9758614,35.1633249"
"128.9758416,35.1632593","128.9758416,35.1632593"
"128.9757306,35.1628865","128.9757306,35.1628865"
"128.9755775,35.1623735","128.9755775,35.1623735"
"128.9755015,35.1621202","128.9755015,35.1621202"
"128.9748356,35.1598977","128.9748356,35.1598977"
"128.974811,35.159815","128.974811,35.159815"
"128.9746743,35.1593578","128.9746743,35.1593578"
"128.9745498,35.1589067","128.9745498,35.1589067"
"128.9743764,35.1583615","128.9743764,35.1583615"
"128.9742565,35.1579825","128.9742565,35.1579825"
"128.9742495,35.1579636","128.9742495,35.1579636"
"128.9742247,35.1578666","128.9742247,35.1578666"
"128.9741047,35.1574803","128.9741047,35.1574803"
"128.9739412,35.1568746","128.9739412,35.1568746"
"128.9739308,35.1568495","128.9739308,35.1568495"
"128.9737622,35.1563241","128.9737622,35.1563241"
"128.9737352,35.1562307","128.9737352,35.1562307"
"128.973433,35.1551776","128.973433,35.1551776"
"128.9733873,35.1550159","128.9733873,35.1550159"
"128.9732092,35.1543374","128.9732092,35.1543374"
"128.9731621,35.1541576","128.9731621,35.1541576"
"128.9730857,35.1539385","128.9730857,35.1539385"
"128.9730579,35.1538568","128.9730579,35.1538568"
"128.9730195,35.1537365","128.9730195,35.1537365"
"128.9732122,35.153708","128.9732122,35.153708"
"128.9735668,35.1536478","128.9735668,35.1536478"
"128.974689,35.1534808","128.974689,35.1534808"
"128.9757955,35.1532907","128.9757955,35.1532907"
"128.9760317,35.1532427","128.9760317,35.1532427"
"128.976121,35.1532046","128.976121,35.1532046"
"128.9762022,35.1531414","128.9762022,35.1531414"
"128.9762506,35.153084","128.9762506,35.153084"
"128.9762759,35.1530278","128.9762759,35.1530278"
"128.9763033,35.1529617","128.9763033,35.1529617"
"128.9763135,35.152921","128.9763135,35.152921"
"128.9763214,35.1528695","128.9763214,35.1528695"
"128.9763059,35.1526803","128.9763059,35.1526803"
"128.9762635,35.152341","128.9762635,35.152341"
"128.9762622,35.1523265","128.9762622,35.1523265"
"128.9762544,35.152259","128.9762544,35.152259"
"128.9761578,35.1521403","128.9761578,35.1521403"
"128.9760943,35.1520879","128.9760943,35.1520879"
"128.9760365,35.1520516","128.9760365,35.1520516"
"128.9759645,35.1520137","128.9759645,35.1520137"
"128.9758068,35.1519732","128.9758068,35.1519732"
"128.9754412,35.1520309","128.9754412,35.1520309"
"128.975255,35.1520539","128.975255,35.1520539"
"128.9727429,35.152464","128.9727429,35.152464"
"128.9701381,35.1529627","128.9701381,35.1529627"
"128.9696855,35.1530061","128.9696855,35.1530061"
"128.9695073,35.1530497","128.9695073,35.1530497"
"128.9671966,35.1535475","128.9671966,35.1535475"
"128.9638523,35.1541388","128.9638523,35.1541388"
"128.9607626,35.154663","128.9607626,35.154663"
"128.9604594,35.1547144","128.9604594,35.1547144"
"128.9585713,35.155032","128.9585713,35.155032"
"128.956062,35.1554202","128.956062,35.1554202"
"128.9559482,35.1554387","128.9559482,35.1554387"
"128.9543697,35.1556947","128.9543697,35.1556947"
"128.9539625,35.1557609","128.9539625,35.1557609"
"128.9522975,35.1560334","128.9522975,35.1560334"
"128.9522449,35.1560421","128.9522449,35.1560421"
"128.9519418,35.1560971","128.9519418,35.1560971"
"128.9509643,35.1562585","128.9509643,35.1562585"
"128.9476629,35.1568029","128.9476629,35.1568029"
"128.9468298,35.15694","128.9468298,35.15694"
"128.9448872,35.1572806","128.9448872,35.1572806"
"128.9445708,35.1573348","128.9445708,35.1573348"
"128.9436197,35.1574967","128.9436197,35.1574967"
"128.9430385,35.1575956","128.9430385,35.1575956"
"128.9387652,35.1583236","128.9387652,35.1583236"
"128.9384653,35.1583767","128.9384653,35.1583767"
"128.9331936,35.1592696","128.9331936,35.1592696"
"128.932896,35.1593236","128.932896,35.1593236"
"128.9304233,35.1597478","128.9304233,35.1597478"
"128.9269737,35.1603132","128.9269737,35.1603132"
"128.9266299,35.1603668","128.9266299,35.1603668"
"128.926168,35.1604507","128.926168,35.1604507"
"128.924696,35.160716","128.924696,35.160716"
"128.9238498,35.1608612","128.9238498,35.1608612"
"128.9235072,35.1609193","128.9235072,35.1609193"
"128.9218488,35.1612039","128.9218488,35.1612039"
"128.9212424,35.1613075","128.9212424,35.1613075"
"128.919622,35.1615699","128.919622,35.1615699"
"128.9179504,35.16185","128.9179504,35.16185"
"128.9177139,35.1618916","128.9177139,35.1618916"
"128.9171283,35.1619949","128.9171283,35.1619949"
"128.9136221,35.1625958","128.9136221,35.1625958"
"128.9131546,35.1626752","128.9131546,35.1626752"
"128.9126368,35.1627624","128.9126368,35.1627624"
"128.91101,35.1630365","128.91101,35.1630365"
"128.907237,35.163771","128.907237,35.163771"
"128.9070958,35.163797","128.9070958,35.163797"
"128.9058743,35.1640195","128.9058743,35.1640195"
"128.8991227,35.1651589","128.8991227,35.1651589"
"128.8982509,35.1652843","128.8982509,35.1652843"
"128.8975803,35.1653615","128.8975803,35.1653615"
"128.8960782,35.1654861","128.8960782,35.1654861"
"128.8951643,35.1655282","128.8951643,35.1655282"
"128.8946024,35.1655482","128.8946024,35.1655482"
"128.8945124,35.1655501","128.8945124,35.1655501"
"128.8939985,35.1655425","128.8939985,35.1655425"
"128.8934296,35.1655347","128.8934296,35.1655347"
"128.8921435,35.1655161","128.8921435,35.1655161"
"128.8918624,35.165513","128.8918624,35.165513"
"128.8888789,35.1654291","128.8888789,35.1654291"
"128.8885725,35.1654299","128.8885725,35.1654299"
"128.8879314,35.1654319","128.8879314,35.1654319"
"128.8878128,35.165436","128.8878128,35.165436"
"128.8869991,35.1654913","128.8869991,35.1654913"
"128.8862489,35.1656035","128.8862489,35.1656035"
"128.8855841,35.1657689","128.8855841,35.1657689"
"128.8849375,35.1659675","128.8849375,35.1659675"
"128.8843108,35.1662397","128.8843108,35.1662397"
"128.8837612,35.1664642","128.8837612,35.1664642"
"128.8834121,35.1666665","128.8834121,35.1666665"
"128.8826503,35.1671324","128.8826503,35.1671324"
"128.8819991,35.1675816","128.8819991,35.1675816"
"128.8806164,35.168535","128.8806164,35.168535"
"128.8806044,35.1685424","128.8806044,35.1685424"
"128.8803262,35.1687133","128.8803262,35.1687133"
"128.8800861,35.1688621","128.8800861,35.1688621"
"128.8798633,35.1690008","128.8798633,35.1690008"
"128.8790104,35.1695316","128.8790104,35.1695316"
"128.8784292,35.1698385","128.8784292,35.1698385"
"128.875734,35.171108","128.875734,35.171108"
"128.8749998,35.1714544","128.8749998,35.1714544"
"128.8732194,35.1722771","128.8732194,35.1722771"
"128.8727053,35.172529","128.8727053,35.172529"
"128.8726074,35.1725815","128.8726074,35.1725815"
"128.8713873,35.1731652","128.8713873,35.1731652"
"128.8702283,35.1737202","128.8702283,35.1737202"
"128.8679129,35.1748626","128.8679129,35.1748626"
"128.8662788,35.1757114","128.8662788,35.1757114"
"128.8654905,35.1761125","128.8654905,35.1761125"
"128.8646169,35.1766002","128.8646169,35.1766002"
"128.8637774,35.1770326","128.8637774,35.1770326"
"128.8631391,35.1773454","128.8631391,35.1773454"
"128.8628888,35.177478","128.8628888,35.177478"
"128.8619219,35.1779091","128.8619219,35.1779091"
"128.8615552,35.1780448","128.8615552,35.1780448"
"128.8609904,35.1782225","128.8609904,35.1782225"
"128.8604371,35.1783649","128.8604371,35.1783649"
"128.8598835,35.1784874","128.8598835,35.1784874"
"128.859312,35.1785921","128.859312,35.1785921"
"128.859096,35.1786135","128.859096,35.1786135"
"128.8582498,35.1787032","128.8582498,35.1787032"
"128.8574982,35.1787459","128.8574982,35.1787459"
"128.8570678,35.1787489","128.8570678,35.1787489"
"128.8564106,35.1787193","128.8564106,35.1787193"
"128.8557782,35.1786624","128.8557782,35.1786624"
"128.8557749,35.1786624","128.8557749,35.1786624"
"128.8551907,35.1785986","128.8551907,35.1785986"
"128.8548121,35.178546","128.8548121,35.178546"
"128.8544752,35.178493","128.8544752,35.178493"
"128.8543111,35.1784678","128.8543111,35.1784678"
"128.8541438,35.1784435","128.8541438,35.1784435"
"128.8538036,35.1783923","128.8538036,35.1783923"
"128.8529361,35.1782605","128.8529361,35.1782605"
"128.8528128,35.1782411","128.8528128,35.1782411"
"128.8508189,35.1779289","128.8508189,35.1779289"
"128.8495545,35.1777707","128.8495545,35.1777707"
"128.8479978,35.1776005","128.8479978,35.1776005"
"128.84628,35.177451","128.84628,35.177451"
"128.8445107,35.1773733","128.8445107,35.1773733"
"128.8430745,35.1773126","128.8430745,35.1773126"
"128.842054,35.1772942","128.842054,35.1772942"
"128.8408149,35.1772727","128.8408149,35.1772727"
"128.8397307,35.177181","128.8397307,35.177181"
"128.8390601,35.1770694","128.8390601,35.1770694"
"128.8382955,35.1769183","128.8382955,35.1769183"
"128.8374224,35.1767134","128.8374224,35.1767134"
"128.8366926,35.176542","128.8366926,35.176542"
"128.8349487,35.1761321","128.8349487,35.1761321"
"128.8336325,35.1758238","128.8336325,35.1758238"
"128.8328638,35.1756898","128.8328638,35.1756898"
"128.8326799,35.1756611","128.8326799,35.1756611"
"128.832648,35.1756561","128.832648,35.1756561"
"128.8319628,35.1755906","128.8319628,35.1755906"
"128.8316088,35.1755674","128.8316088,35.1755674"
"128.8308916,35.1755591","128.8308916,35.1755591"
"128.8308356,35.1755588","128.8308356,35.1755588"
"128.8301245,35.1755846","128.8301245,35.1755846"
"128.8300543,35.175589","128.8300543,35.175589"
"128.8297144,35.1756252","128.8297144,35.1756252"
"128.8293319,35.1756682","128.8293319,35.1756682"
"128.8286825,35.175779","128.8286825,35.175779"
"128.8281092,35.175907","128.8281092,35.175907"
"128.8280085,35.1759297","128.8280085,35.1759297"
"128.8275078,35.1760705","128.8275078,35.1760705"
"128.8272521,35.1761427","128.8272521,35.1761427"
"128.8266212,35.1763831","128.8266212,35.1763831"
"128.8262002,35.1765546","128.8262002,35.1765546"
"128.8257587,35.1767596","128.8257587,35.1767596"
"128.8254962,35.1768905","128.8254962,35.1768905"
"128.8251596,35.1770564","128.8251596,35.1770564"
"128.824568,35.1774155","128.824568,35.1774155"
"128.8241292,35.177716","128.8241292,35.177716"
"128.8238189,35.1779448","128.8238189,35.1779448"
"128.8237613,35.177986","128.8237613,35.177986"
"128.8232022,35.1784474","128.8232022,35.1784474"
"128.8226544,35.1790034","128.8226544,35.1790034"
"128.8225642,35.179127","128.8225642,35.179127"
"128.822402,35.1793497","128.822402,35.1793497"
"128.8223729,35.1793888","128.8223729,35.1793888"
"128.8220832,35.1798049","128.8220832,35.1798049"
"128.8217618,35.1803016","128.8217618,35.1803016"
"128.8215588,35.1806554","128.8215588,35.1806554"
"128.8213902,35.1810234","128.8213902,35.1810234"
"128.8213245,35.1811737","128.8213245,35.1811737"
"128.8212455,35.1813811","128.8212455,35.1813811"
"128.8211552,35.1816354","128.8211552,35.1816354"
"128.820964,35.1821731","128.820964,35.1821731"
"128.8208339,35.1827488","128.8208339,35.1827488"
"128.8207709,35.183203","128.8207709,35.183203"
"128.820689,35.1838432","128.820689,35.1838432"
"128.8205595,35.1848662","128.8205595,35.1848662"
"128.8204663,35.1854199","128.8204663,35.1854199"
"128.8201829,35.1867709","128.8201829,35.1867709"
"128.8200042,35.1872679","128.8200042,35.1872679"
"128.8198245,35.1877675","128.8198245,35.1877675"
"128.8195023,35.1883562","128.8195023,35.1883562"
"128.8193569,35.1885985","128.8193569,35.1885985"
"128.8191975,35.1888653","128.8191975,35.1888653"
"128.8188411,35.1893705","128.8188411,35.1893705"
"128.8184458,35.1898563","128.8184458,35.1898563"
"128.8178608,35.1904208","128.8178608,35.1904208"
"128.8169537,35.191179","128.8169537,35.191179"
"128.8146578,35.1927908","128.8146578,35.1927908"
"128.8143309,35.1930198","128.8143309,35.1930198"
"128.8142679,35.1930638","128.8142679,35.1930638"
"128.8130775,35.1938999","128.8130775,35.1938999"
"128.8116528,35.1949152","128.8116528,35.1949152"
"128.8115844,35.1950332","128.8115844,35.1950332"
"128.8115411,35.1950724","128.8115411,35.1950724"
"128.8111546,35.195421","128.8111546,35.195421"
"128.8110984,35.1954811","128.8110984,35.1954811"
"128.8109948,35.1955932","128.8109948,35.1955932"
"128.8108672,35.1957902","128.8108672,35.1957902"
"128.81073,35.1959982","128.81073,35.1959982"
"128.8105984,35.196353","128.8105984,35.196353"
"128.8105455,35.1966205","128.8105455,35.1966205"
"128.8104593,35.1971985","128.8104593,35.1971985"
"128.8103122,35.1976166","128.8103122,35.1976166"
"128.8101249,35.1979243","128.8101249,35.1979243"
"128.809857,35.1982031","128.809857,35.1982031"
"128.8098462,35.1982131","128.8098462,35.1982131"
"128.80946,35.1985834","128.80946,35.1985834"
"128.8094394,35.1986025","128.8094394,35.1986025"
"128.8093366,35.1986992","128.8093366,35.1986992"
"128.8092637,35.1987424","128.8092637,35.1987424"
"128.8091237,35.1987791","128.8091237,35.1987791"
"128.8086376,35.1988087","128.8086376,35.1988087"
"128.8081597,35.198803","128.8081597,35.198803"
"128.8080477,35.1988069","128.8080477,35.1988069"
"128.8075479,35.198806","128.8075479,35.198806"
"128.8072773,35.1987864","128.8072773,35.1987864"
"128.8069614,35.1987438","128.8069614,35.1987438"
"128.8067569,35.1986631","128.8067569,35.1986631"
"128.8065317,35.1985212","128.8065317,35.1985212"
"128.8063056,35.1983298","128.8063056,35.1983298"
"128.806184,35.198213","128.806184,35.198213"
"128.806121,35.1981199","128.806121,35.1981199"
"128.806103,35.1980922","128.806103,35.1980922"
"128.806007,35.1978615","128.806007,35.1978615"
"128.8059294,35.1976108","128.8059294,35.1976108"
"128.805916,35.1975307","128.805916,35.1975307"
"128.8059023,35.1973604","128.8059023,35.1973604"
"128.805918,35.1970365","128.805918,35.1970365"
"128.8060175,35.1966658","128.8060175,35.1966658"
"128.8060248,35.1966387","128.8060248,35.1966387"
"128.8060146,35.1964107","128.8060146,35.1964107"
"128.8060014,35.1963432","128.8060014,35.1963432"
"128.8059668,35.1961741","128.8059668,35.1961741"
"128.8058866,35.1959657","128.8058866,35.1959657"
"128.8057682,35.1957759","128.8057682,35.1957759"
"128.8057199,35.1957043","128.8057199,35.1957043"
"128.8055742,35.1955246","128.8055742,35.1955246"
"128.8054073,35.1953939","128.8054073,35.1953939"
"128.8052497,35.195291","128.8052497,35.195291"
"128.8048653,35.1950832","128.8048653,35.1950832"
"128.8044871,35.1948583","128.8044871,35.1948583"
"128.8043024,35.1947764","128.8043024,35.1947764"
"128.8039864,35.194659","128.8039864,35.194659"
"128.8036362,35.194533","128.8036362,35.194533"
"128.8031746,35.1943828","128.8031746,35.1943828"
"128.8021244,35.1940245","128.8021244,35.1940245"
"128.8020117,35.1939833","128.8020117,35.1939833"
"128.8017743,35.1939083","128.8017743,35.1939083"
"128.8001813,35.1933998","128.8001813,35.1933998"
"128.7997795,35.1932743","128.7997795,35.1932743"
"128.7997552,35.1932673","128.7997552,35.1932673"
"128.7979247,35.1926747","128.7979247,35.1926747"
"128.797049,35.192383","128.797049,35.192383"
"128.795862,35.1919827","128.795862,35.1919827"
"128.7955802,35.1918766","128.7955802,35.1918766"
"128.7954087,35.1918","128.7954087,35.1918"
"128.7951842,35.1917033","128.7951842,35.1917033"
"128.7948399,35.191532","128.7948399,35.191532"
"128.794675,35.1914499","128.794675,35.1914499"
"128.7938996,35.1909659","128.7938996,35.1909659"
"128.7932499,35.1905166","128.7932499,35.1905166"
"128.7925393,35.1899634","128.7925393,35.1899634"
"128.7922249,35.1896665","128.7922249,35.1896665"
"128.7919122,35.1893417","128.7919122,35.1893417"
"128.7918865,35.189314","128.7918865,35.189314"
"128.791299,35.1886909","128.791299,35.1886909"
"128.7907493,35.1882414","128.7907493,35.1882414"
"128.7904372,35.1880248","128.7904372,35.1880248"
"128.7899498,35.1877577","128.7899498,35.1877577"
"128.7895622,35.187558","128.7895622,35.187558"
"128.7890367,35.1873166","128.7890367,35.1873166"
"128.7888188,35.1872161","128.7888188,35.1872161"
"128.7881616,35.1869147","128.7881616,35.1869147"
"128.7876748,35.1866909","128.7876748,35.1866909"
"128.7873892,35.1865433","128.7873892,35.1865433"
"128.7868498,35.1862579","128.7868498,35.1862579"
"128.7864183,35.1859883","128.7864183,35.1859883"
"128.7860623,35.1857658","128.7860623,35.1857658"
"128.7857213,35.1855233","128.7857213,35.1855233"
"128.7854625,35.1853385","128.7854625,35.1853385"
"128.7851615,35.1851244","128.7851615,35.1851244"
"128.7845615,35.1846826","128.7845615,35.1846826"
"128.7838657,35.184159","128.7838657,35.184159"
"128.7835378,35.18391","128.7835378,35.18391"
"128.7825008,35.183123","128.7825008,35.183123"
"128.7818239,35.1826108","128.7818239,35.1826108"
"128.781665,35.1824899","128.781665,35.1824899"
"128.78118,35.1820983","128.78118,35.1820983"
"128.7809989,35.181965","128.7809989,35.181965"
"128.7807182,35.1817786","128.7807182,35.1817786"
"128.7806749,35.1817493","128.7806749,35.1817493"
"128.7804909,35.1816448","128.7804909,35.1816448"
"128.7803801,35.181582","128.7803801,35.181582"
"128.780213,35.1814999","128.780213,35.1814999"
"128.7800195,35.1814145","128.7800195,35.1814145"
"128.7797886,35.1813268","128.7797886,35.1813268"
"128.7796286,35.181278","128.7796286,35.181278"
"128.7793813,35.1812003","128.7793813,35.1812003"
"128.7792237,35.1811614","128.7792237,35.1811614"
"128.7787897,35.1810804","128.7787897,35.1810804"
"128.7785983,35.1810562","128.7785983,35.1810562"
"128.778263,35.1810363","128.778263,35.1810363"
"128.7781509,35.1810294","128.7781509,35.1810294"
"128.7779642,35.1810287","128.7779642,35.1810287"
"128.7775616,35.1810582","128.7775616,35.1810582"
"128.7771998,35.1810998","128.7771998,35.1810998"
"128.7767233,35.1811761","128.7767233,35.1811761"
"128.7759123,35.1813496","128.7759123,35.1813496"
"128.7738592,35.1818077","128.7738592,35.1818077"
"128.7733796,35.1818993","128.7733796,35.1818993"
"128.7727434,35.1820205","128.7727434,35.1820205"
"128.7723715,35.1821858","128.7723715,35.1821858"
"128.7706383,35.1825285","128.7706383,35.1825285"
"128.7703826,35.1825384","128.7703826,35.1825384"
"128.7702264,35.1825229","128.7702264,35.1825229"
"128.7700466,35.1824716","128.7700466,35.1824716"
"128.7698232,35.182373","128.7698232,35.182373"
"128.7690981,35.1819974","128.7690981,35.1819974"
"128.7688132,35.1818994","128.7688132,35.1818994"
"128.7685038,35.1818476","128.7685038,35.1818476"
"128.7655106,35.1814552","128.7655106,35.1814552"
"128.7645549,35.1813705","128.7645549,35.1813705"
"128.7638978,35.1813449","128.7638978,35.1813449"
"128.7636457,35.181307","128.7636457,35.181307"
"128.7629969,35.1813245","128.7629969,35.1813245"
"128.7627675,35.1813296","128.7627675,35.1813296"
"128.7617625,35.1813888","128.7617625,35.1813888"
"128.7588148,35.1816007","128.7588148,35.1816007"
"128.7581261,35.181662","128.7581261,35.181662"
"128.7562462,35.1817518","128.7562462,35.1817518"
"128.7499991,35.1819319","128.7499991,35.1819319"
"128.7327266,35.1822487","128.7327266,35.1822487"
"128.73226,35.1822579","128.73226,35.1822579"
"128.7308723,35.1823568","128.7308723,35.1823568"
"128.7299512,35.1824518","128.7299512,35.1824518"
"128.7274509,35.1828432","128.7274509,35.1828432"
"128.7251607,35.1833272","128.7251607,35.1833272"
"128.7241929,35.1836075","128.7241929,35.1836075"
"128.7238028,35.1837331","128.7238028,35.1837331"
"128.7236629,35.1837787","128.7236629,35.1837787"
"128.723511,35.1838289","128.723511,35.1838289"
"128.7225464,35.1841741","128.7225464,35.1841741"
"128.7218162,35.1844033","128.7218162,35.1844033"
"128.7192583,35.1853559","128.7192583,35.1853559"
"128.7186725,35.1855458","128.7186725,35.1855458"
"128.7182339,35.1856719","128.7182339,35.1856719"
"128.7177259,35.1857789","128.7177259,35.1857789"
"128.7171453,35.1858776","128.7171453,35.1858776"
"128.7166837,35.1859255","128.7166837,35.1859255"
"128.716256,35.1859704","128.716256,35.1859704"
"128.7156909,35.1860031","128.7156909,35.1860031"
"128.7150848,35.1860146","128.7150848,35.1860146"
"128.7147081,35.1860184","128.7147081,35.1860184"
"128.7146949,35.1860176","128.7146949,35.1860176"
"128.7143411,35.1860013","128.7143411,35.1860013"
"128.7138836,35.1859645","128.7138836,35.1859645"
"128.7132656,35.1859138","128.7132656,35.1859138"
"128.7127269,35.1858011","128.7127269,35.1858011"
"128.7120667,35.1856445","128.7120667,35.1856445"
"128.7114544,35.1854604","128.7114544,35.1854604"
"128.710738,35.1852106","128.710738,35.1852106"
"128.7102552,35.1850189","128.7102552,35.1850189"
"128.7096837,35.1847703","128.7096837,35.1847703"
"128.707676,35.1837985","128.707676,35.1837985"
"128.7052013,35.1825879","128.7052013,35.1825879"
"128.7042067,35.1821668","128.7042067,35.1821668"
"128.7037694,35.1820071","128.7037694,35.1820071"
"128.7032112,35.181835","128.7032112,35.181835"
"128.7025881,35.1816573","128.7025881,35.1816573"
"128.701961,35.1815093","128.701961,35.1815093"
"128.7012882,35.181387","128.7012882,35.181387"
"128.7003241,35.181246","128.7003241,35.181246"
"128.6996718,35.1811768","128.6996718,35.1811768"
"128.6994751,35.1811661","128.6994751,35.1811661"
"128.6989486,35.1811379","128.6989486,35.1811379"
"128.6984564,35.1811248","128.6984564,35.1811248"
"128.6980283,35.1811335","128.6980283,35.1811335"
"128.6976945,35.1811413","128.6976945,35.1811413"
"128.6973948,35.181147","128.6973948,35.181147"
"128.6972273,35.181182","128.6972273,35.181182"
"128.6969337,35.1812309","128.6969337,35.1812309"
"128.6967096,35.1813025","128.6967096,35.1813025"
"128.6965381,35.1813692","128.6965381,35.1813692"
"128.6963908,35.1815059","128.6963908,35.1815059"
"128.6962896,35.181643","128.6962896,35.181643"
"128.6962698,35.1817956","128.6962698,35.1817956"
"128.6963384,35.1819797","128.6963384,35.1819797"
"128.6963919,35.1821054","128.6963919,35.1821054"
"128.6965093,35.1821737","128.6965093,35.1821737"
"128.6967574,35.1822443","128.6967574,35.1822443"
"128.6970267,35.1822561","128.6970267,35.1822561"
"128.6973015,35.1821974","128.6973015,35.1821974"
"128.697491,35.1820892","128.697491,35.1820892"
"128.6976403,35.1819389","128.6976403,35.1819389"
"128.6977266,35.1817559","128.6977266,35.1817559"
"128.6978214,35.181407","128.6978214,35.181407"
"128.6978435,35.1812661","128.6978435,35.1812661"
"128.6978881,35.1809347","128.6978881,35.1809347"
"128.6979522,35.1805148","128.6979522,35.1805148"
"128.6979984,35.1803728","128.6979984,35.1803728"
"128.6980526,35.1802479","128.6980526,35.1802479"
"128.698117,35.1801453","128.698117,35.1801453"
"128.6981774,35.1800735","128.6981774,35.1800735"
"128.6982585,35.1799843","128.6982585,35.1799843"
"128.6985636,35.1797442","128.6985636,35.1797442"
"128.6995132,35.1790495","128.6995132,35.1790495"
"128.6999383,35.1787577","128.6999383,35.1787577"
"128.700785,35.1782381","128.700785,35.1782381"
"128.701296,35.1780382","128.701296,35.1780382"
"128.7017421,35.177904","128.7017421,35.177904"
"128.7020184,35.1778769","128.7020184,35.1778769"
"128.702278,35.1779005","128.702278,35.1779005"
"128.702397,35.1779317","128.702397,35.1779317"
"128.7025882,35.1780137","128.7025882,35.1780137"
"128.7026826,35.1780831","128.7026826,35.1780831"
"128.7027962,35.1781893","128.7027962,35.1781893"
"128.7028922,35.1782974","128.7028922,35.1782974"
"128.7029401,35.1784177","128.7029401,35.1784177"
"128.7029661,35.1785446","128.7029661,35.1785446"
"128.7029511,35.1787945","128.7029511,35.1787945"
"128.7027476,35.1793655","128.7027476,35.1793655"
"128.7026794,35.1795817","128.7026794,35.1795817"
"128.7026271,35.1797616","128.7026271,35.1797616"
"128.702625,35.1798428","128.702625,35.1798428"
"128.7026196,35.1802919","128.7026196,35.1802919"
"128.702717,35.1807192","128.702717,35.1807192"
"128.7028204,35.1811762","128.7028204,35.1811762"
"128.7029433,35.181395","128.7029433,35.181395"
"128.7030015,35.1816153","128.7030015,35.1816153"
"128.7030721,35.1818634","128.7030721,35.1818634"
"128.7032242,35.1824967","128.7032242,35.1824967"
"128.7032991,35.1828079","128.7032991,35.1828079"
"128.7034373,35.1833908","128.7034373,35.1833908"
"128.7031115,35.1834166","128.7031115,35.1834166"
"128.7029624,35.182841","128.7029624,35.182841"
"128.702735,35.1817929","128.702735,35.1817929"
"128.7026753,35.1815374","128.7026753,35.1815374"
"128.7026995,35.181245","128.7026995,35.181245"
"128.7026171,35.1809438","128.7026171,35.1809438"
"128.7025364,35.180611","128.7025364,35.180611"
"128.7023893,35.1800155","128.7023893,35.1800155"
"128.7023473,35.1798509","128.7023473,35.1798509"
"128.7020132,35.1787128","128.7020132,35.1787128"
"128.7002019,35.1708431","128.7002019,35.1708431"
"128.7001715,35.1707172","128.7001715,35.1707172"
"128.6999491,35.1697826","128.6999491,35.1697826"
"128.699837,35.1693247","128.699837,35.1693247"
"128.6998078,35.1692078","128.6998078,35.1692078"
"128.6995999,35.1684326","128.6995999,35.1684326"
"128.6995744,35.1683409","128.6995744,35.1683409"
"128.6992992,35.1671742","128.6992992,35.1671742"
"128.6992933,35.1671436","128.6992933,35.1671436"
"128.6992603,35.1669888","128.6992603,35.1669888"
"128.6991929,35.1666658","128.6991929,35.1666658"
"128.6989622,35.1656078","128.6989622,35.1656078"
"128.6987372,35.1646416","128.6987372,35.1646416"
"128.6985373,35.1638159","128.6985373,35.1638159"
"128.6983745,35.1631241","128.6983745,35.1631241"
"128.6982802,35.1627563","128.6982802,35.1627563"
"128.6982123,35.1623909","128.6982123,35.1623909"
"128.6981121,35.1618464","128.6981121,35.1618464"
"128.6980795,35.1616465","128.6980795,35.1616465"
"128.6980768,35.161615","128.6980768,35.161615"
"128.6980373,35.1610915","128.6980373,35.1610915"
"128.6980115,35.1609827","128.6980115,35.1609827"
"128.6979643,35.1606784","128.6979643,35.1606784"
"128.6979022,35.1598143","128.6979022,35.1598143"
"128.6977459,35.1596373","128.6977459,35.1596373"
"128.6976815,35.1595866","128.6976815,35.1595866"
"128.6976461,35.1595698","128.6976461,35.1595698"
"128.6975831,35.1595398","128.6975831,35.1595398"
"128.697487,35.1595028","128.697487,35.1595028"
"128.6974088,35.1594865","128.6974088,35.1594865"
"128.6972227,35.1594495","128.6972227,35.1594495"
"128.6953482,35.159652","128.6953482,35.159652"
"128.6951772,35.1596699","128.6951772,35.1596699"
"128.6951059,35.1596751","128.6951059,35.1596751"
"128.6950369,35.1596821","128.6950369,35.1596821"
"128.6948482,35.1596975","128.6948482,35.1596975"
"128.6947528,35.1597047","128.6947528,35.1597047"
"128.6947002,35.1597071","128.6947002,35.1597071"
"128.6944884,35.1597155","128.6944884,35.1597155"
"128.694019,35.1597544","128.694019,35.1597544"
"128.6937964,35.1597692","128.6937964,35.1597692"
"128.692795,35.1598367","128.692795,35.1598367"
"128.6926621,35.1598363","128.6926621,35.1598363"
"128.6914852,35.1596937","128.6914852,35.1596937"
"128.6906845,35.1595942","128.6906845,35.1595942"
"128.6905943,35.1595843","128.6905943,35.1595843"
"128.6904909,35.1595718","128.6904909,35.1595718"
"128.6904414,35.1595651","128.6904414,35.1595651"
"128.6901377,35.1595139","128.6901377,35.1595139"
"128.6900099,35.1594882","128.6900099,35.1594882"
"128.6899031,35.1594631","128.6899031,35.1594631"
"128.6897808,35.159439","128.6897808,35.159439"
"128.6894802,35.1593743","128.6894802,35.1593743"
"128.6891508,35.1592982","128.6891508,35.1592982"
"128.6881899,35.1591336","128.6881899,35.1591336"
"128.686822,35.1589117","128.686822,35.1589117"
"128.6861905,35.1588223","128.6861905,35.1588223"
"128.6860816,35.1588108","128.6860816,35.1588108"
"128.6860023,35.1587962","128.6860023,35.1587962"
"128.6859803,35.1587919","128.6859803,35.1587919"
"128.6853267,35.1586892","128.6853267,35.1586892"
"128.6851198,35.158657","128.6851198,35.158657"
"128.6839555,35.1583925","128.6839555,35.1583925"
"128.6838386,35.1583629","128.6838386,35.1583629"
"128.6837803,35.1583491","128.6837803,35.1583491"
"128.6835941,35.1583076","128.6835941,35.1583076"
"128.6834377,35.1582731","128.6834377,35.1582731"
"128.6832273,35.158221","128.6832273,35.158221"
"128.6828569,35.1581174","128.6828569,35.1581174"
"128.682697,35.1580738","128.682697,35.1580738"
"128.6815831,35.1577286","128.6815831,35.1577286"
"128.6815082,35.1577076","128.6815082,35.1577076"
"128.6813008,35.1576429","128.6813008,35.1576429"
"128.6812208,35.1576518","128.6812208,35.1576518"
"128.6809624,35.1576219","128.6809624,35.1576219"
"128.6808049,35.1575856","128.6808049,35.1575856"
"128.6795709,35.1572135","128.6795709,35.1572135"
"128.6784134,35.1568848","128.6784134,35.1568848"
"128.6782811,35.1568473","128.6782811,35.1568473"
"128.6781477,35.1568063","128.6781477,35.1568063"
"128.678097,35.1567914","128.678097,35.1567914"
"128.6780584,35.1567792","128.6780584,35.1567792"
"128.6778687,35.1567197","128.6778687,35.1567197"
"128.6776449,35.1566552","128.6776449,35.1566552"
"128.6773741,35.1565316","128.6773741,35.1565316"
"128.6772758,35.1564928","128.6772758,35.1564928"
"128.6772261,35.1564726","128.6772261,35.1564726"
"128.6771497,35.1564246","128.6771497,35.1564246"
"128.6770742,35.1563659","128.6770742,35.1563659"
"128.6770406,35.156322","128.6770406,35.156322"
"128.6770373,35.1563166","128.6770373,35.1563166"
"128.6770049,35.1562782","128.6770049,35.1562782"
"128.6769485,35.1561786","128.6769485,35.1561786"
"128.6769369,35.1561301","128.6769369,35.1561301"
"128.6769328,35.1560742","128.6769328,35.1560742"
"128.6769496,35.1559496","128.6769496,35.1559496"
"128.6769524,35.1559126","128.6769524,35.1559126"
"128.6769663,35.1557367","128.6769663,35.1557367"
"128.6769786,35.1555977","128.6769786,35.1555977"
"128.6770241,35.1550247","128.6770241,35.1550247"
"128.6770232,35.1549616","128.6770232,35.1549616"
"128.6770124,35.1545938","128.6770124,35.1545938"
"128.6770119,35.1545578","128.6770119,35.1545578"
"128.6769874,35.1543831","128.6769874,35.1543831"
"128.6769373,35.1541825","128.6769373,35.1541825"
"128.6769273,35.1541691","128.6769273,35.1541691"
"128.6767995,35.1539909","128.6767995,35.1539909"
"128.6767895,35.1539783","128.6767895,35.1539783"
"128.6767145,35.1538808","128.6767145,35.1538808"
"128.6765747,35.1536991","128.6765747,35.1536991"
"128.6764532,35.1535732","128.6764532,35.1535732"
"128.6764521,35.1535723","128.6764521,35.1535723"
"128.676286,35.1534008","128.676286,35.1534008"
"128.675862,35.1529982","128.675862,35.1529982"
"128.6757952,35.1529367","128.6757952,35.1529367"
"128.6755633,35.1527631","128.6755633,35.1527631"
"128.6754723,35.1526973","128.6754723,35.1526973"
"128.6753591,35.1526136","128.6753591,35.1526136"
"128.6753141,35.1526122","128.6753141,35.1526122"
"128.6751734,35.152601","128.6751734,35.152601"
"128.67472,35.1526","128.67472,35.1526"
"128.6746497,35.1526015","128.6746497,35.1526015"
"128.6745937,35.1525985","128.6745937,35.1525985"
"128.6741903,35.1525618","128.6741903,35.1525618"
"128.6734516,35.152495","128.6734516,35.152495"
"128.6725172,35.1524103","128.6725172,35.1524103"
"128.6720764,35.1523722","128.6720764,35.1523722"
"128.6715323,35.152327","128.6715323,35.152327"
"128.6712697,35.1523052","128.6712697,35.1523052"
"128.6711344,35.1522902","128.6711344,35.1522902"
"128.6709519,35.1522713","128.6709519,35.1522713"
"128.6695863,35.1521267","128.6695863,35.1521267"
"128.6694038,35.1521077","128.6694038,35.1521077"
"128.6693214,35.1521004","128.6693214,35.1521004"
"128.6687728,35.152048","128.6687728,35.152048"
"128.6684948,35.1520299","128.6684948,35.1520299"
"128.6682194,35.1520398","128.6682194,35.1520398"
"128.6679265,35.1520579","128.6679265,35.1520579"
"128.6667301,35.1521515","128.6667301,35.1521515"
"128.6665452,35.1521921","128.6665452,35.1521921"
"128.6661364,35.152242","128.6661364,35.152242"
"128.6660531,35.1522545","128.6660531,35.1522545"
"128.6660181,35.152263","128.6660181,35.152263"
"128.665955,35.1522987","128.665955,35.1522987"
"128.6659257,35.1523261","128.6659257,35.1523261"
"128.6658523,35.1524115","128.6658523,35.1524115"
"128.6656895,35.1528522","128.6656895,35.1528522"
"128.6656261,35.153025","128.6656261,35.153025"
"128.6656145,35.1530576","128.6656145,35.1530576"
"128.6655955,35.1531137","128.6655955,35.1531137"
"128.6655553,35.1532205","128.6655553,35.1532205"
"128.6655341,35.153273","128.6655341,35.153273"
"128.6654822,35.1534033","128.6654822,35.1534033"
"128.6653496,35.1537328","128.6653496,35.1537328"
"128.6650912,35.1543935","128.6650912,35.1543935"
"128.6650098,35.1546107","128.6650098,35.1546107"
"128.6649568,35.1547491","128.6649568,35.1547491"
"128.664894,35.1548886","128.664894,35.1548886"
"128.6648477,35.1549494","128.6648477,35.1549494"
"128.6647622,35.1550332","128.6647622,35.1550332"
"128.6645874,35.1551719","128.6645874,35.1551719"
"128.6644995,35.1552413","128.6644995,35.1552413"
"128.6644116,35.1553161","128.6644116,35.1553161"
"128.6641557,35.1555386","128.6641557,35.1555386"
"128.6641242,35.1555659","128.6641242,35.1555659"
"128.6640971,35.1555887","128.6640971,35.1555887"
"128.6640754,35.1556069","128.6640754,35.1556069"
"128.6638703,35.1557739","128.6638703,35.1557739"
"128.6633494,35.1562","128.6633494,35.1562"
"128.6632126,35.1563104","128.6632126,35.1563104"
"128.6629966,35.1564847","128.6629966,35.1564847"
"128.6629727,35.1565048","128.6629727,35.1565048"
"128.6629369,35.1565331","128.6629369,35.1565331"
"128.6625743,35.1568233","128.6625743,35.1568233"
"128.6625624,35.1568333","128.6625624,35.1568333"
"128.6625082,35.1568825","128.6625082,35.1568825"
"128.6624443,35.1569462","128.6624443,35.1569462"
"128.6624066,35.1569926","128.6624066,35.1569926"
"128.6623797,35.1570316","128.6623797,35.1570316"
"128.6623503,35.1571239","128.6623503,35.1571239"
"128.6623383,35.1572087","128.6623383,35.1572087"
"128.6623293,35.157271","128.6623293,35.157271"
"128.662337,35.1573512","128.662337,35.1573512"
"128.6623566,35.1574899","128.6623566,35.1574899"
"128.6623687,35.15757","128.6623687,35.15757"
"128.6623973,35.157732","128.6623973,35.157732"
"128.6624146,35.1578635","128.6624146,35.1578635"
"128.6624182,35.1578887","128.6624182,35.1578887"
"128.6624354,35.1580166","128.6624354,35.1580166"
"128.6624538,35.1581535","128.6624538,35.1581535"
"128.6624588,35.1581949","128.6624588,35.1581949"
"128.6624771,35.1583255","128.6624771,35.1583255"
"128.6624954,35.1584506","128.6624954,35.1584506"
"128.6624978,35.1584668","128.6624978,35.1584668"
"128.6625235,35.1587308","128.6625235,35.1587308"
"128.6625248,35.1587398","128.6625248,35.1587398"
"128.6625356,35.1588091","128.6625356,35.1588091"
"128.6625754,35.1590567","128.6625754,35.1590567"
"128.6626272,35.1593799","128.6626272,35.1593799"
"128.6626499,35.1595077","128.6626499,35.1595077"
"128.6626608,35.1595833","128.6626608,35.1595833"
"128.6626645,35.1596085","128.6626645,35.1596085"
"128.6626997,35.1598453","128.6626997,35.1598453"
"128.6627118,35.1599246","128.6627118,35.1599246"
"128.6631742,35.1598579","128.6631742,35.1598579"
"128.663675,35.1597909","128.663675,35.1597909"
"128.6636903,35.1597889","128.6641746,35.1597167"
,"128.6644999,35.1596666"
